segment_no,vector_row
050308_SEG_TURN_00570,0
050430_SEG_TURN_00137,1
050308_SEG_PREV_CURR_00570,2
050308_SEG_CURR_NEXT_00569,3
050430_SEG_PREV_CURR_00138,4
050430_SEG_CURR_NEXT_00137,5
050430_SEG_CURR_NEXT_00136,6
050430_SEG_PREV_CURR_00137,7
050308_SEG_TURN_00385,8
050308_SEG_TURN_00074,9
050350_SEG_TURN_00217,10
050308_SEG_CURR_NEXT_00384,11
050308_SEG_PREV_CURR_00385,12
050308_SEG_CURR_NEXT_00570,13
050308_SEG_PREV_CURR_00571,14
050308_SEG_PREV_CURR_00074,15
050308_SEG_CURR_NEXT_00073,16
050350_SEG_TURN_01264,17
050350_SEG_CURR_NEXT_00216,18
050350_SEG_PREV_CURR_00217,19
050308_SEG_PREV_CURR_00075,20
050308_SEG_CURR_NEXT_00074,21
050492_SEG_TURN_00344,22
050492_SEG_CURR_NEXT_00344,23
050492_SEG_PREV_CURR_00345,24
050492_SEG_PREV_CURR_00344,25
050492_SEG_CURR_NEXT_00343,26
050430_SEG_TURN_01139,27
050615_SEG_TURN_00491,28
050350_SEG_PREV_CURR_01264,29
050350_SEG_CURR_NEXT_01263,30
050350_SEG_CURR_NEXT_01264,31
050350_SEG_PREV_CURR_01265,32
050430_SEG_TURN_00736,33
050350_SEG_TURN_00106,34
050350_SEG_PREV_CURR_00218,35
050350_SEG_CURR_NEXT_00217,36
050430_SEG_TURN_00097,37
050606_SEG_TURN_00718,38
050430_SEG_CURR_NEXT_00736,39
050430_SEG_PREV_CURR_00737,40
050430_SEG_PREV_CURR_00098,41
050430_SEG_CURR_NEXT_00097,42
050308_SEG_CURR_NEXT_00385,43
050308_SEG_PREV_CURR_00386,44
050606_SEG_TURN_00565,45
050606_SEG_TURN_00737,46
050430_SEG_TURN_00930,47
050430_SEG_TURN_00431,48
050606_SEG_PREV_CURR_00738,49
050492_SEG_TURN_00145,50
050615_SEG_TURN_01350,51
050615_SEG_CURR_NEXT_01349,52
050615_SEG_PREV_CURR_01350,53
050615_SEG_PREV_CURR_01351,54
050615_SEG_CURR_NEXT_01350,55
050350_SEG_TURN_01104,56
050606_SEG_TURN_00914,57
050673_SEG_TURN_00399,58
050606_SEG_TURN_00284,59
050606_SEG_PREV_CURR_00285,60
050606_SEG_CURR_NEXT_00284,61
050430_SEG_TURN_00500,62
050492_SEG_CURR_NEXT_00144,63
050492_SEG_PREV_CURR_00145,64
050606_SEG_PREV_CURR_00915,65
050606_SEG_CURR_NEXT_00914,66
050606_SEG_CURR_NEXT_00913,67
050606_SEG_PREV_CURR_00914,68
050606_SEG_CURR_NEXT_00283,69
050606_SEG_PREV_CURR_00284,70
050615_SEG_TURN_01163,71
050673_SEG_TURN_01172,72
050673_SEG_PREV_CURR_00400,73
050673_SEG_CURR_NEXT_00399,74
050615_SEG_TURN_01494,75
050430_SEG_TURN_00674,76
050492_SEG_TURN_01369,77
050615_SEG_CURR_NEXT_01163,78
050615_SEG_PREV_CURR_01164,79
050430_SEG_CURR_NEXT_00500,80
050430_SEG_PREV_CURR_00501,81
050673_SEG_PREV_CURR_00399,82
050673_SEG_CURR_NEXT_00398,83
050430_SEG_PREV_CURR_00003,84
050430_SEG_CURR_NEXT_00002,85
050350_SEG_TURN_01363,86
050606_SEG_TURN_01149,87
050673_SEG_PREV_CURR_01173,88
050673_SEG_CURR_NEXT_01172,89
050350_SEG_PREV_CURR_01363,90
050350_SEG_CURR_NEXT_01362,91
050673_SEG_PREV_CURR_01172,92
050673_SEG_CURR_NEXT_01171,93
050673_SEG_TURN_00440,94
050606_SEG_TURN_00956,95
050492_SEG_CURR_NEXT_01369,96
050492_SEG_PREV_CURR_01370,97
050606_SEG_CURR_NEXT_01149,98
050606_SEG_PREV_CURR_01150,99
050350_SEG_TURN_00329,100
050350_SEG_TURN_01182,101
050615_SEG_TURN_01426,102
050350_SEG_CURR_NEXT_00328,103
050350_SEG_PREV_CURR_00329,104
050350_SEG_CURR_NEXT_00329,105
050350_SEG_PREV_CURR_00330,106
050615_SEG_CURR_NEXT_01425,107
050615_SEG_PREV_CURR_01426,108
050615_SEG_TURN_00143,109
050492_SEG_TURN_00937,110
050615_SEG_PREV_CURR_00144,111
050615_SEG_CURR_NEXT_00143,112
050615_SEG_CURR_NEXT_01426,113
050615_SEG_PREV_CURR_01427,114
050615_SEG_PREV_CURR_00143,115
050615_SEG_CURR_NEXT_00142,116
050492_SEG_PREV_CURR_00938,117
050492_SEG_CURR_NEXT_00937,118
050492_SEG_CURR_NEXT_00933,119
050492_SEG_PREV_CURR_00934,120
050492_SEG_TURN_00934,121
050350_SEG_PREV_CURR_01183,122
050350_SEG_CURR_NEXT_01182,123
050350_SEG_PREV_CURR_01182,124
050350_SEG_CURR_NEXT_01181,125
050430_SEG_TURN_00844,126
050430_SEG_CURR_NEXT_00844,127
050430_SEG_PREV_CURR_00845,128
050673_SEG_TURN_00209,129
050308_SEG_TURN_00213,130
050430_SEG_PREV_CURR_00844,131
050430_SEG_CURR_NEXT_00843,132
050673_SEG_TURN_00539,133
050606_SEG_TURN_00128,134
050606_SEG_TURN_01114,135
050308_SEG_PREV_CURR_00213,136
050308_SEG_CURR_NEXT_00212,137
050492_SEG_CURR_NEXT_00936,138
050492_SEG_PREV_CURR_00937,139
050606_SEG_CURR_NEXT_00128,140
050606_SEG_PREV_CURR_00129,141
050606_SEG_CURR_NEXT_00127,142
050606_SEG_PREV_CURR_00128,143
050492_SEG_TURN_00933,144
050606_SEG_CURR_NEXT_01113,145
050606_SEG_PREV_CURR_01114,146
050606_SEG_PREV_CURR_01115,147
050606_SEG_CURR_NEXT_01114,148
050673_SEG_CURR_NEXT_00209,149
050615_SEG_TURN_00996,150
050615_SEG_CURR_NEXT_00995,151
050615_SEG_PREV_CURR_00996,152
050606_SEG_TURN_01344,153
050606_SEG_CURR_NEXT_01344,154
050606_SEG_PREV_CURR_01345,155
050606_SEG_PREV_CURR_01344,156
050606_SEG_CURR_NEXT_01343,157
050308_SEG_TURN_00234,158
050673_SEG_TURN_00168,159
050492_SEG_TURN_00884,160
050308_SEG_TURN_00594,161
050615_SEG_PREV_CURR_00997,162
050615_SEG_CURR_NEXT_00996,163
050606_SEG_TURN_01100,164
050308_SEG_CURR_NEXT_00594,165
050308_SEG_PREV_CURR_00595,166
050606_SEG_PREV_CURR_01101,167
050606_SEG_CURR_NEXT_01100,168
050673_SEG_CURR_NEXT_00167,169
050673_SEG_PREV_CURR_00168,170
050606_SEG_TURN_00535,171
050492_SEG_TURN_01253,172
050492_SEG_TURN_01283,173
050615_SEG_TURN_00832,174
050606_SEG_PREV_CURR_00536,175
050606_SEG_CURR_NEXT_00535,176
050606_SEG_PREV_CURR_01100,177
050606_SEG_CURR_NEXT_01099,178
050606_SEG_PREV_CURR_00535,179
050606_SEG_CURR_NEXT_00534,180
050308_SEG_TURN_00893,181
050615_SEG_TURN_00435,182
050615_SEG_CURR_NEXT_00434,183
050615_SEG_PREV_CURR_00435,184
050673_SEG_CURR_NEXT_00168,185
050673_SEG_PREV_CURR_00169,186
050615_SEG_PREV_CURR_00436,187
050615_SEG_CURR_NEXT_00435,188
050492_SEG_TURN_01251,189
050615_SEG_TURN_00468,190
050615_SEG_CURR_NEXT_00467,191
050615_SEG_PREV_CURR_00468,192
050615_SEG_PREV_CURR_00469,193
050615_SEG_CURR_NEXT_00468,194
050615_SEG_TURN_01182,195
050430_SEG_TURN_00879,196
050673_SEG_TURN_00634,197
050615_SEG_CURR_NEXT_01182,198
050615_SEG_PREV_CURR_01183,199
050673_SEG_CURR_NEXT_00633,200
050673_SEG_PREV_CURR_00634,201
050673_SEG_PREV_CURR_00635,202
050673_SEG_CURR_NEXT_00634,203
050673_SEG_TURN_00646,204
050615_SEG_TURN_00472,205
050350_SEG_TURN_00755,206
050430_SEG_CURR_NEXT_00879,207
050430_SEG_PREV_CURR_00880,208
050492_SEG_TURN_01582,209
050430_SEG_TURN_00003,210
050430_SEG_PREV_CURR_00004,211
050430_SEG_CURR_NEXT_00003,212
050308_SEG_TURN_00224,213
050615_SEG_PREV_CURR_00472,214
050615_SEG_CURR_NEXT_00471,215
050673_SEG_PREV_CURR_00647,216
050673_SEG_CURR_NEXT_00646,217
050308_SEG_CURR_NEXT_00223,218
050308_SEG_PREV_CURR_00224,219
050430_SEG_TURN_00516,220
050615_SEG_PREV_CURR_00473,221
050615_SEG_CURR_NEXT_00472,222
050492_SEG_PREV_CURR_01583,223
050492_SEG_CURR_NEXT_01582,224
050350_SEG_PREV_CURR_00755,225
050350_SEG_CURR_NEXT_00754,226
050430_SEG_PREV_CURR_00517,227
050430_SEG_CURR_NEXT_00516,228
050430_SEG_CURR_NEXT_00515,229
050430_SEG_PREV_CURR_00516,230
050673_SEG_TURN_00158,231
050308_SEG_TURN_00957,232
050492_SEG_PREV_CURR_01582,233
050492_SEG_CURR_NEXT_01581,234
050492_SEG_TURN_01033,235
050430_SEG_TURN_00131,236
050308_SEG_TURN_00669,237
050308_SEG_TURN_00330,238
050308_SEG_TURN_00373,239
050308_SEG_PREV_CURR_00373,240
050308_SEG_CURR_NEXT_00372,241
050308_SEG_PREV_CURR_00201,242
050308_SEG_CURR_NEXT_00199,243
050308_SEG_TURN_00200,244
050308_SEG_CURR_NEXT_00200,245
050308_SEG_PREV_CURR_00200,246
050308_SEG_PREV_CURR_00374,247
050308_SEG_CURR_NEXT_00373,248
050430_SEG_CURR_NEXT_00759,249
050430_SEG_PREV_CURR_00760,250
050430_SEG_TURN_00285,251
050308_SEG_TURN_00819,252
050673_SEG_TURN_00109,253
050308_SEG_PREV_CURR_00819,254
050308_SEG_CURR_NEXT_00818,255
050308_SEG_PREV_CURR_00820,256
050308_SEG_CURR_NEXT_00819,257
050430_SEG_PREV_CURR_00761,258
050430_SEG_CURR_NEXT_00760,259
050308_SEG_TURN_00497,260
050308_SEG_PREV_CURR_00498,261
050308_SEG_CURR_NEXT_00497,262
050430_SEG_PREV_CURR_00286,263
050430_SEG_CURR_NEXT_00285,264
050430_SEG_TURN_00760,265
050308_SEG_CURR_NEXT_00496,266
050308_SEG_PREV_CURR_00497,267
050308_SEG_PREV_CURR_00330,268
050308_SEG_CURR_NEXT_00329,269
050673_SEG_CURR_NEXT_00109,270
050673_SEG_PREV_CURR_00110,271
050308_SEG_TURN_00212,272
050430_SEG_TURN_00761,273
050492_SEG_TURN_01168,274
050606_SEG_TURN_01376,275
050308_SEG_PREV_CURR_00212,276
050308_SEG_CURR_NEXT_00211,277
050606_SEG_CURR_NEXT_01375,278
050606_SEG_PREV_CURR_01376,279
050308_SEG_TURN_00064,280
050615_SEG_TURN_00419,281
050615_SEG_TURN_01159,282
050606_SEG_TURN_00253,283
050308_SEG_TURN_00375,284
050673_SEG_TURN_00023,285
050673_SEG_PREV_CURR_00210,286
050673_SEG_CURR_NEXT_00022,287
050673_SEG_PREV_CURR_00023,288
050673_SEG_CURR_NEXT_00023,289
050673_SEG_PREV_CURR_00024,290
050673_SEG_TURN_00656,291
050606_SEG_PREV_CURR_00254,292
050606_SEG_CURR_NEXT_00253,293
050673_SEG_CURR_NEXT_00208,294
050673_SEG_PREV_CURR_00209,295
050308_SEG_PREV_CURR_00376,296
050308_SEG_CURR_NEXT_00375,297
050615_SEG_CURR_NEXT_01158,298
050615_SEG_PREV_CURR_01159,299
050606_SEG_TURN_00903,300
050308_SEG_PREV_CURR_00375,301
050308_SEG_CURR_NEXT_00374,302
050606_SEG_TURN_00986,303
050606_SEG_CURR_NEXT_00252,304
050606_SEG_PREV_CURR_00253,305
050615_SEG_TURN_00676,306
050606_SEG_TURN_00224,307
050673_SEG_CURR_NEXT_00194,308
050673_SEG_PREV_CURR_00195,309
050673_SEG_TURN_00809,310
050615_SEG_PREV_CURR_00677,311
050615_SEG_CURR_NEXT_00676,312
050615_SEG_TURN_00139,313
050606_SEG_PREV_CURR_00224,314
050606_SEG_CURR_NEXT_00223,315
050673_SEG_TURN_00687,316
050492_SEG_TURN_01081,317
050615_SEG_PREV_CURR_00140,318
050615_SEG_CURR_NEXT_00139,319
050673_SEG_TURN_00195,320
050606_SEG_PREV_CURR_00903,321
050606_SEG_CURR_NEXT_00902,322
050673_SEG_TURN_00194,323
050673_SEG_TURN_00812,324
050673_SEG_TURN_00342,325
050673_SEG_CURR_NEXT_00341,326
050673_SEG_PREV_CURR_00342,327
050673_SEG_CURR_NEXT_00342,328
050673_SEG_PREV_CURR_00343,329
050673_SEG_TURN_00345,330
050673_SEG_PREV_CURR_00345,331
050673_SEG_CURR_NEXT_00344,332
050673_SEG_PREV_CURR_00346,333
050673_SEG_CURR_NEXT_00345,334
050615_SEG_TURN_00540,335
050673_SEG_TURN_01002,336
050615_SEG_CURR_NEXT_00539,337
050615_SEG_PREV_CURR_00540,338
050673_SEG_PREV_CURR_01003,339
050673_SEG_CURR_NEXT_01002,340
050615_SEG_CURR_NEXT_00540,341
050615_SEG_PREV_CURR_00541,342
050673_SEG_PREV_CURR_01002,343
050673_SEG_CURR_NEXT_01001,344
050673_SEG_TURN_00340,345
050673_SEG_CURR_NEXT_00340,346
050673_SEG_PREV_CURR_00341,347
050492_SEG_TURN_00780,348
050606_SEG_TURN_00970,349
050673_SEG_PREV_CURR_00340,350
050673_SEG_CURR_NEXT_00339,351
050308_SEG_TURN_00604,352
050673_SEG_TURN_00332,353
050350_SEG_TURN_01334,354
050350_SEG_CURR_NEXT_01333,355
050350_SEG_PREV_CURR_01334,356
050615_SEG_TURN_00957,357
050308_SEG_PREV_CURR_00086,358
050308_SEG_CURR_NEXT_00085,359
050308_SEG_PREV_CURR_00087,360
050308_SEG_CURR_NEXT_00086,361
050308_SEG_TURN_00086,362
050308_SEG_TURN_00085,363
050308_SEG_PREV_CURR_00085,364
050308_SEG_CURR_NEXT_00084,365
050308_SEG_TURN_00080,366
050308_SEG_TURN_00087,367
050308_SEG_PREV_CURR_00080,368
050308_SEG_CURR_NEXT_00079,369
050308_SEG_PREV_CURR_00081,370
050308_SEG_CURR_NEXT_00080,371
050308_SEG_TURN_00084,372
050308_SEG_TURN_00276,373
050308_SEG_PREV_CURR_00084,374
050308_SEG_CURR_NEXT_00083,375
050308_SEG_CURR_NEXT_00276,376
050308_SEG_PREV_CURR_00277,377
050308_SEG_CURR_NEXT_00275,378
050308_SEG_PREV_CURR_00276,379
050606_SEG_TURN_00347,380
050606_SEG_PREV_CURR_00348,381
050606_SEG_CURR_NEXT_00347,382
050606_SEG_PREV_CURR_00347,383
050606_SEG_CURR_NEXT_00346,384
050606_SEG_TURN_01168,385
050308_SEG_TURN_00840,386
050615_SEG_CURR_NEXT_00491,387
050615_SEG_PREV_CURR_00492,388
050308_SEG_TURN_00689,389
050308_SEG_PREV_CURR_00088,390
050308_SEG_CURR_NEXT_00087,391
050308_SEG_TURN_00916,392
050350_SEG_TURN_00011,393
050606_SEG_TURN_00033,394
050673_SEG_TURN_00438,395
050606_SEG_PREV_CURR_01168,396
050606_SEG_CURR_NEXT_01167,397
050308_SEG_PREV_CURR_00690,398
050308_SEG_CURR_NEXT_00689,399
050606_SEG_CURR_NEXT_00032,400
050606_SEG_PREV_CURR_00033,401
050606_SEG_CURR_NEXT_00033,402
050606_SEG_PREV_CURR_00034,403
050615_SEG_TURN_00353,404
050350_SEG_CURR_NEXT_00011,405
050673_SEG_TURN_01147,406
050615_SEG_TURN_00801,407
050673_SEG_TURN_00695,408
050615_SEG_CURR_NEXT_00801,409
050615_SEG_PREV_CURR_00802,410
050673_SEG_PREV_CURR_00696,411
050673_SEG_CURR_NEXT_00695,412
050673_SEG_PREV_CURR_00439,413
050673_SEG_CURR_NEXT_00438,414
050673_SEG_CURR_NEXT_00437,415
050673_SEG_PREV_CURR_00438,416
050673_SEG_PREV_CURR_00695,417
050673_SEG_CURR_NEXT_00694,418
050350_SEG_TURN_01218,419
050606_SEG_TURN_00750,420
050308_SEG_TURN_00682,421
050350_SEG_PREV_CURR_01218,422
050350_SEG_CURR_NEXT_01217,423
050308_SEG_CURR_NEXT_00682,424
050308_SEG_PREV_CURR_00683,425
050606_SEG_PREV_CURR_00751,426
050606_SEG_CURR_NEXT_00750,427
050673_SEG_PREV_CURR_01147,428
050673_SEG_CURR_NEXT_01146,429
050308_SEG_PREV_CURR_00682,430
050308_SEG_CURR_NEXT_00681,431
050430_SEG_TURN_00990,432
050308_SEG_TURN_00278,433
050430_SEG_TURN_00199,434
050615_SEG_PREV_CURR_00801,435
050615_SEG_CURR_NEXT_00800,436
050430_SEG_PREV_CURR_00199,437
050430_SEG_CURR_NEXT_00198,438
050673_SEG_TURN_01145,439
050430_SEG_CURR_NEXT_00989,440
050430_SEG_PREV_CURR_00990,441
050615_SEG_TURN_00229,442
050606_SEG_TURN_00439,443
050430_SEG_CURR_NEXT_00199,444
050430_SEG_PREV_CURR_00200,445
050308_SEG_PREV_CURR_00279,446
050308_SEG_CURR_NEXT_00278,447
050606_SEG_PREV_CURR_00440,448
050606_SEG_CURR_NEXT_00439,449
050673_SEG_TURN_00427,450
050673_SEG_TURN_00545,451
050673_SEG_PREV_CURR_00427,452
050673_SEG_CURR_NEXT_00426,453
050673_SEG_CURR_NEXT_00545,454
050673_SEG_PREV_CURR_00546,455
050673_SEG_PREV_CURR_00428,456
050673_SEG_CURR_NEXT_00427,457
050673_SEG_CURR_NEXT_00544,458
050673_SEG_PREV_CURR_00545,459
050673_SEG_TURN_00557,460
050673_SEG_CURR_NEXT_00546,461
050673_SEG_PREV_CURR_00547,462
050673_SEG_TURN_00429,463
050673_SEG_TURN_00547,464
050673_SEG_TURN_00551,465
050492_SEG_TURN_01285,466
050673_SEG_TURN_00433,467
050673_SEG_TURN_00563,468
050673_SEG_TURN_01197,469
050673_SEG_TURN_00546,470
050492_SEG_PREV_CURR_01286,471
050492_SEG_CURR_NEXT_01285,472
050492_SEG_PREV_CURR_01285,473
050492_SEG_CURR_NEXT_01284,474
050673_SEG_TURN_00553,475
050673_SEG_CURR_NEXT_00547,476
050673_SEG_PREV_CURR_00548,477
050673_SEG_CURR_NEXT_00556,478
050673_SEG_PREV_CURR_00557,479
050673_SEG_CURR_NEXT_01197,480
050673_SEG_PREV_CURR_01198,481
050673_SEG_CURR_NEXT_00557,482
050673_SEG_PREV_CURR_00558,483
050673_SEG_TURN_00561,484
050673_SEG_TURN_00555,485
050673_SEG_TURN_00031,486
050673_SEG_CURR_NEXT_00553,487
050673_SEG_PREV_CURR_00554,488
050673_SEG_CURR_NEXT_00551,489
050673_SEG_PREV_CURR_00552,490
050673_SEG_TURN_00559,491
050673_SEG_PREV_CURR_00555,492
050673_SEG_CURR_NEXT_00554,493
050673_SEG_CURR_NEXT_00030,494
050673_SEG_PREV_CURR_00031,495
050673_SEG_CURR_NEXT_00552,496
050673_SEG_PREV_CURR_00553,497
050673_SEG_TURN_00998,498
050673_SEG_TURN_01088,499
050673_SEG_TURN_01090,500
050673_SEG_TURN_01008,501
050673_SEG_TURN_00992,502
050673_SEG_TURN_00996,503
050673_SEG_PREV_CURR_00999,504
050673_SEG_CURR_NEXT_00998,505
050673_SEG_TURN_00990,506
050673_SEG_TURN_01006,507
050673_SEG_PREV_CURR_00998,508
050673_SEG_CURR_NEXT_00997,509
050673_SEG_TURN_01004,510
050673_SEG_PREV_CURR_00992,511
050673_SEG_CURR_NEXT_00991,512
050673_SEG_PREV_CURR_00997,513
050673_SEG_CURR_NEXT_00996,514
050430_SEG_TURN_00197,515
050673_SEG_PREV_CURR_01008,516
050673_SEG_CURR_NEXT_01007,517
050673_SEG_PREV_CURR_00991,518
050673_SEG_CURR_NEXT_00990,519
050673_SEG_PREV_CURR_00990,520
050673_SEG_CURR_NEXT_00989,521
050673_SEG_TURN_00016,522
050673_SEG_PREV_CURR_01009,523
050673_SEG_CURR_NEXT_01008,524
050606_SEG_TURN_01424,525
050673_SEG_PREV_CURR_00996,526
050673_SEG_CURR_NEXT_00995,527
050430_SEG_PREV_CURR_00198,528
050430_SEG_CURR_NEXT_00197,529
050673_SEG_PREV_CURR_01007,530
050673_SEG_CURR_NEXT_01006,531
050673_SEG_PREV_CURR_01004,532
050673_SEG_CURR_NEXT_01003,533
050606_SEG_PREV_CURR_01424,534
050606_SEG_CURR_NEXT_01423,535
050606_SEG_PREV_CURR_01425,536
050606_SEG_CURR_NEXT_01424,537
050673_SEG_CURR_NEXT_00992,538
050673_SEG_PREV_CURR_00993,539
050673_SEG_CURR_NEXT_01005,540
050673_SEG_PREV_CURR_01006,541
050673_SEG_PREV_CURR_00017,542
050673_SEG_TURN_00329,543
050673_SEG_TURN_01159,544
050673_SEG_TURN_00538,545
050673_SEG_PREV_CURR_01159,546
050673_SEG_CURR_NEXT_01158,547
050673_SEG_PREV_CURR_01160,548
050673_SEG_CURR_NEXT_01159,549
050673_SEG_TURN_00948,550
050350_SEG_TURN_00167,551
050673_SEG_CURR_NEXT_00329,552
050673_SEG_PREV_CURR_00330,553
050673_SEG_PREV_CURR_00538,554
050673_SEG_CURR_NEXT_00537,555
050673_SEG_TURN_00295,556
050673_SEG_PREV_CURR_00295,557
050673_SEG_CURR_NEXT_00294,558
050430_SEG_TURN_00570,559
050673_SEG_TURN_01118,560
050673_SEG_CURR_NEXT_00295,561
050673_SEG_PREV_CURR_00296,562
050430_SEG_PREV_CURR_00570,563
050430_SEG_CURR_NEXT_00569,564
050673_SEG_CURR_NEXT_00367,565
050673_SEG_PREV_CURR_00368,566
050673_SEG_TURN_00986,567
050350_SEG_TURN_00885,568
050673_SEG_CURR_NEXT_00986,569
050673_SEG_PREV_CURR_00987,570
050673_SEG_CURR_NEXT_00985,571
050673_SEG_PREV_CURR_00986,572
050350_SEG_CURR_NEXT_00166,573
050350_SEG_PREV_CURR_00167,574
050430_SEG_CURR_NEXT_00570,575
050430_SEG_PREV_CURR_00571,576
050673_SEG_PREV_CURR_01119,577
050673_SEG_CURR_NEXT_01118,578
050673_SEG_CURR_NEXT_00328,579
050673_SEG_PREV_CURR_00329,580
050430_SEG_TURN_00231,581
050673_SEG_CURR_NEXT_00948,582
050673_SEG_PREV_CURR_00949,583
050430_SEG_PREV_CURR_00231,584
050430_SEG_CURR_NEXT_00230,585
050673_SEG_CURR_NEXT_00122,586
050606_SEG_TURN_00626,587
050308_SEG_TURN_00228,588
050308_SEG_PREV_CURR_00229,589
050308_SEG_CURR_NEXT_00228,590
050308_SEG_CURR_NEXT_00227,591
050308_SEG_PREV_CURR_00228,592
050606_SEG_CURR_NEXT_00625,593
050606_SEG_PREV_CURR_00626,594
050606_SEG_CURR_NEXT_00626,595
050606_SEG_PREV_CURR_00627,596
050308_SEG_TURN_00233,597
050308_SEG_PREV_CURR_00233,598
050308_SEG_CURR_NEXT_00232,599
050308_SEG_CURR_NEXT_00233,600
050308_SEG_PREV_CURR_00234,601
050308_SEG_TURN_00230,602
050308_SEG_CURR_NEXT_00229,603
050308_SEG_PREV_CURR_00230,604
050606_SEG_TURN_00706,605
050308_SEG_PREV_CURR_00231,606
050308_SEG_CURR_NEXT_00230,607
050308_SEG_TURN_00235,608
050606_SEG_PREV_CURR_00956,609
050606_SEG_CURR_NEXT_00955,610
050308_SEG_CURR_NEXT_00234,611
050308_SEG_PREV_CURR_00235,612
050308_SEG_TURN_00318,613
050350_SEG_TURN_00932,614
050308_SEG_PREV_CURR_00319,615
050308_SEG_CURR_NEXT_00318,616
050308_SEG_TURN_00231,617
050673_SEG_CURR_NEXT_00439,618
050673_SEG_PREV_CURR_00440,619
050492_SEG_TURN_01311,620
050430_SEG_TURN_00050,621
050606_SEG_TURN_00012,622
050606_SEG_CURR_NEXT_00012,623
050606_SEG_PREV_CURR_00013,624
050606_SEG_TURN_00013,625
050606_SEG_PREV_CURR_00014,626
050606_SEG_CURR_NEXT_00013,627
050606_SEG_TURN_01058,628
050606_SEG_CURR_NEXT_01058,629
050606_SEG_PREV_CURR_01059,630
050606_SEG_TURN_00015,631
050606_SEG_CURR_NEXT_01057,632
050606_SEG_PREV_CURR_01058,633
050606_SEG_PREV_CURR_00015,634
050606_SEG_CURR_NEXT_00014,635
050606_SEG_PREV_CURR_00016,636
050606_SEG_CURR_NEXT_00015,637
050606_SEG_TURN_01275,638
050606_SEG_TURN_00373,639
050606_SEG_CURR_NEXT_01275,640
050606_SEG_PREV_CURR_01276,641
050606_SEG_PREV_CURR_01275,642
050606_SEG_CURR_NEXT_01274,643
050606_SEG_TURN_00662,644
050606_SEG_PREV_CURR_00374,645
050606_SEG_CURR_NEXT_00373,646
050606_SEG_PREV_CURR_00373,647
050606_SEG_CURR_NEXT_00372,648
050606_SEG_TURN_01530,649
050606_SEG_PREV_CURR_00003,650
050606_SEG_CURR_NEXT_00002,651
050606_SEG_PREV_CURR_00002,652
050606_SEG_CURR_NEXT_00001,653
050606_SEG_TURN_00002,654
050606_SEG_TURN_01692,655
050606_SEG_TURN_00027,656
050606_SEG_CURR_NEXT_00026,657
050606_SEG_PREV_CURR_00027,658
050606_SEG_CURR_NEXT_00027,659
050606_SEG_PREV_CURR_00028,660
050606_SEG_PREV_CURR_01530,661
050606_SEG_CURR_NEXT_01529,662
050606_SEG_PREV_CURR_01692,663
050606_SEG_CURR_NEXT_01691,664
050606_SEG_CURR_NEXT_01530,665
050606_SEG_PREV_CURR_01531,666
050606_SEG_CURR_NEXT_01692,667
050606_SEG_PREV_CURR_01693,668
050308_SEG_TURN_00956,669
050308_SEG_CURR_NEXT_00956,670
050308_SEG_PREV_CURR_00957,671
050673_SEG_TURN_00159,672
050615_SEG_TURN_01332,673
050615_SEG_PREV_CURR_01333,674
050615_SEG_CURR_NEXT_01332,675
050615_SEG_PREV_CURR_01332,676
050615_SEG_CURR_NEXT_01331,677
050350_SEG_TURN_01315,678
050308_SEG_TURN_00092,679
050308_SEG_PREV_CURR_00093,680
050308_SEG_CURR_NEXT_00092,681
050308_SEG_CURR_NEXT_00091,682
050308_SEG_PREV_CURR_00092,683
050350_SEG_TURN_01321,684
050615_SEG_PREV_CURR_00833,685
050615_SEG_CURR_NEXT_00832,686
050606_SEG_TURN_00709,687
050350_SEG_PREV_CURR_01315,688
050350_SEG_CURR_NEXT_01314,689
050308_SEG_CURR_NEXT_00955,690
050308_SEG_PREV_CURR_00956,691
050606_SEG_TURN_01542,692
050308_SEG_TURN_00203,693
050350_SEG_PREV_CURR_01316,694
050350_SEG_CURR_NEXT_01315,695
050606_SEG_CURR_NEXT_00709,696
050606_SEG_PREV_CURR_00710,697
050606_SEG_PREV_CURR_00709,698
050606_SEG_CURR_NEXT_00708,699
050606_SEG_CURR_NEXT_01542,700
050606_SEG_PREV_CURR_01543,701
050606_SEG_TURN_00102,702
050350_SEG_PREV_CURR_01322,703
050350_SEG_CURR_NEXT_01321,704
050606_SEG_TURN_01015,705
050606_SEG_TURN_00056,706
050606_SEG_TURN_01090,707
050615_SEG_TURN_00896,708
050615_SEG_CURR_NEXT_00896,709
050615_SEG_PREV_CURR_00897,710
050615_SEG_CURR_NEXT_00895,711
050615_SEG_PREV_CURR_00896,712
050615_SEG_TURN_00900,713
050615_SEG_PREV_CURR_00900,714
050615_SEG_CURR_NEXT_00899,715
050615_SEG_CURR_NEXT_00900,716
050615_SEG_PREV_CURR_00901,717
050350_SEG_TURN_01266,718
050673_SEG_TURN_01115,719
050430_SEG_CURR_NEXT_00878,720
050430_SEG_PREV_CURR_00879,721
050492_SEG_TURN_00450,722
050615_SEG_TURN_00629,723
050606_SEG_TURN_00125,724
050606_SEG_TURN_00871,725
050606_SEG_TURN_00474,726
050673_SEG_TURN_00707,727
050492_SEG_CURR_NEXT_00449,728
050492_SEG_PREV_CURR_00450,729
050350_SEG_TURN_00658,730
050606_SEG_PREV_CURR_00474,731
050606_SEG_CURR_NEXT_00473,732
050606_SEG_PREV_CURR_00475,733
050606_SEG_CURR_NEXT_00474,734
050308_SEG_CURR_NEXT_00957,735
050606_SEG_TURN_01695,736
050606_SEG_TURN_00635,737
050606_SEG_PREV_CURR_00636,738
050606_SEG_CURR_NEXT_00635,739
050606_SEG_TURN_00613,740
050606_SEG_TURN_00636,741
050606_SEG_PREV_CURR_00635,742
050606_SEG_CURR_NEXT_00634,743
050606_SEG_PREV_CURR_00614,744
050606_SEG_CURR_NEXT_00613,745
050606_SEG_CURR_NEXT_01694,746
050606_SEG_PREV_CURR_01695,747
050430_SEG_TURN_00827,748
050606_SEG_TURN_00625,749
050606_SEG_TURN_00621,750
050606_SEG_CURR_NEXT_00624,751
050606_SEG_PREV_CURR_00625,752
050606_SEG_CURR_NEXT_00636,753
050606_SEG_PREV_CURR_00637,754
050430_SEG_PREV_CURR_00827,755
050430_SEG_CURR_NEXT_00826,756
050606_SEG_CURR_NEXT_00612,757
050606_SEG_PREV_CURR_00613,758
050606_SEG_CURR_NEXT_00621,759
050606_SEG_PREV_CURR_00622,760
050430_SEG_PREV_CURR_00828,761
050430_SEG_CURR_NEXT_00827,762
050606_SEG_TURN_00641,763
050606_SEG_CURR_NEXT_00641,764
050606_SEG_PREV_CURR_00642,765
050606_SEG_CURR_NEXT_00640,766
050606_SEG_PREV_CURR_00641,767
050606_SEG_TURN_00628,768
050606_SEG_CURR_NEXT_00628,769
050606_SEG_PREV_CURR_00629,770
050606_SEG_CURR_NEXT_00627,771
050606_SEG_PREV_CURR_00628,772
050606_SEG_PREV_CURR_00621,773
050606_SEG_CURR_NEXT_00620,774
050430_SEG_TURN_00831,775
050430_SEG_PREV_CURR_00831,776
050430_SEG_CURR_NEXT_00830,777
050430_SEG_CURR_NEXT_00831,778
050430_SEG_PREV_CURR_00832,779
050606_SEG_TURN_00844,780
050492_SEG_TURN_01428,781
050492_SEG_CURR_NEXT_01427,782
050492_SEG_PREV_CURR_01428,783
050430_SEG_TURN_00433,784
050430_SEG_PREV_CURR_00434,785
050430_SEG_CURR_NEXT_00433,786
050430_SEG_PREV_CURR_00431,787
050430_SEG_CURR_NEXT_00430,788
050430_SEG_CURR_NEXT_00432,789
050430_SEG_PREV_CURR_00433,790
050430_SEG_CURR_NEXT_00431,791
050430_SEG_PREV_CURR_00432,792
050430_SEG_TURN_00619,793
050430_SEG_CURR_NEXT_00618,794
050430_SEG_PREV_CURR_00619,795
050430_SEG_CURR_NEXT_00619,796
050430_SEG_PREV_CURR_00620,797
050430_SEG_TURN_00435,798
050430_SEG_PREV_CURR_00435,799
050430_SEG_CURR_NEXT_00434,800
050430_SEG_TURN_01037,801
050430_SEG_CURR_NEXT_00435,802
050430_SEG_PREV_CURR_00436,803
050308_SEG_PREV_CURR_00750,804
050308_SEG_TURN_00749,805
050308_SEG_CURR_NEXT_00749,806
050430_SEG_PREV_CURR_01037,807
050430_SEG_CURR_NEXT_01036,808
050430_SEG_CURR_NEXT_01037,809
050430_SEG_PREV_CURR_01038,810
050430_SEG_TURN_00620,811
050430_SEG_CURR_NEXT_00929,812
050615_SEG_TURN_00857,813
050615_SEG_PREV_CURR_00858,814
050615_SEG_CURR_NEXT_00857,815
050615_SEG_TURN_01462,816
050615_SEG_CURR_NEXT_00856,817
050615_SEG_PREV_CURR_00857,818
050308_SEG_TURN_00641,819
050308_SEG_PREV_CURR_00642,820
050308_SEG_CURR_NEXT_00641,821
050615_SEG_CURR_NEXT_01462,822
050615_SEG_PREV_CURR_01463,823
050430_SEG_CURR_NEXT_00315,824
050430_SEG_PREV_CURR_00316,825
050430_SEG_TURN_00315,826
050615_SEG_TURN_00007,827
050430_SEG_CURR_NEXT_00314,828
050430_SEG_PREV_CURR_00315,829
050615_SEG_PREV_CURR_00008,830
050615_SEG_CURR_NEXT_00007,831
050615_SEG_CURR_NEXT_00006,832
050615_SEG_PREV_CURR_00007,833
050615_SEG_PREV_CURR_01462,834
050615_SEG_CURR_NEXT_01461,835
050615_SEG_TURN_00859,836
050430_SEG_TURN_00310,837
050430_SEG_PREV_CURR_00311,838
050430_SEG_CURR_NEXT_00310,839
050615_SEG_CURR_NEXT_00858,840
050615_SEG_PREV_CURR_00859,841
050615_SEG_PREV_CURR_00860,842
050615_SEG_CURR_NEXT_00859,843
050430_SEG_CURR_NEXT_00309,844
050430_SEG_PREV_CURR_00310,845
050430_SEG_TURN_00005,846
050615_SEG_TURN_01361,847
050430_SEG_CURR_NEXT_00004,848
050430_SEG_PREV_CURR_00005,849
050430_SEG_PREV_CURR_00006,850
050430_SEG_CURR_NEXT_00005,851
050606_SEG_PREV_CURR_00707,852
050606_SEG_CURR_NEXT_00706,853
050350_SEG_TURN_01253,854
050350_SEG_PREV_CURR_01254,855
050350_SEG_CURR_NEXT_01253,856
050350_SEG_CURR_NEXT_01252,857
050350_SEG_PREV_CURR_01253,858
050606_SEG_TURN_01549,859
050606_SEG_CURR_NEXT_01548,860
050606_SEG_PREV_CURR_01549,861
050606_SEG_CURR_NEXT_01549,862
050606_SEG_PREV_CURR_01550,863
050350_SEG_TURN_01231,864
050350_SEG_PREV_CURR_01231,865
050350_SEG_CURR_NEXT_01230,866
050350_SEG_PREV_CURR_01232,867
050350_SEG_CURR_NEXT_01231,868
050606_SEG_TURN_01547,869
050606_SEG_TURN_00069,870
050606_SEG_TURN_00077,871
050606_SEG_CURR_NEXT_01546,872
050606_SEG_PREV_CURR_01547,873
050606_SEG_CURR_NEXT_01547,874
050606_SEG_PREV_CURR_01548,875
050606_SEG_CURR_NEXT_00069,876
050606_SEG_PREV_CURR_00070,877
050615_SEG_TURN_01240,878
050606_SEG_PREV_CURR_00069,879
050606_SEG_CURR_NEXT_00068,880
050606_SEG_TURN_00079,881
050606_SEG_CURR_NEXT_00079,882
050606_SEG_PREV_CURR_00080,883
050606_SEG_PREV_CURR_00078,884
050606_SEG_CURR_NEXT_00077,885
050606_SEG_CURR_NEXT_00078,886
050606_SEG_PREV_CURR_00079,887
050606_SEG_PREV_CURR_00077,888
050606_SEG_CURR_NEXT_00076,889
050615_SEG_PREV_CURR_00326,890
050615_SEG_CURR_NEXT_00325,891
050430_SEG_TURN_00453,892
050615_SEG_TURN_00261,893
050492_SEG_TURN_01028,894
050615_SEG_TURN_00326,895
050606_SEG_TURN_01399,896
050350_SEG_TURN_00432,897
050430_SEG_TURN_00423,898
050430_SEG_CURR_NEXT_00453,899
050430_SEG_PREV_CURR_00454,900
050615_SEG_PREV_CURR_01240,901
050615_SEG_CURR_NEXT_01239,902
050615_SEG_TURN_00325,903
050606_SEG_TURN_00916,904
050606_SEG_PREV_CURR_00917,905
050606_SEG_CURR_NEXT_00916,906
050492_SEG_TURN_00533,907
050606_SEG_TURN_01490,908
050308_SEG_TURN_00388,909
050430_SEG_PREV_CURR_00329,910
050430_SEG_CURR_NEXT_00328,911
050430_SEG_TURN_00192,912
050430_SEG_TURN_00329,913
050606_SEG_TURN_00917,914
050615_SEG_TURN_00264,915
050492_SEG_TURN_00092,916
050492_SEG_CURR_NEXT_00532,917
050492_SEG_PREV_CURR_00533,918
050430_SEG_PREV_CURR_00192,919
050430_SEG_CURR_NEXT_00191,920
050492_SEG_PREV_CURR_00093,921
050492_SEG_CURR_NEXT_00092,922
050673_SEG_TURN_00368,923
050492_SEG_TURN_01056,924
050430_SEG_TURN_00296,925
050606_SEG_TURN_01492,926
050492_SEG_CURR_NEXT_00533,927
050615_SEG_CURR_NEXT_00431,928
050615_SEG_PREV_CURR_00432,929
050615_SEG_TURN_00431,930
050615_SEG_TURN_01416,931
050308_SEG_PREV_CURR_00104,932
050308_SEG_CURR_NEXT_00103,933
050308_SEG_TURN_00103,934
050615_SEG_CURR_NEXT_00430,935
050615_SEG_PREV_CURR_00431,936
050615_SEG_PREV_CURR_01416,937
050615_SEG_CURR_NEXT_01415,938
050430_SEG_TURN_00759,939
050615_SEG_CURR_NEXT_01416,940
050615_SEG_PREV_CURR_01417,941
050350_SEG_TURN_00984,942
050308_SEG_TURN_00104,943
050615_SEG_PREV_CURR_00194,944
050615_SEG_CURR_NEXT_00193,945
050350_SEG_PREV_CURR_00985,946
050350_SEG_CURR_NEXT_00984,947
050673_SEG_TURN_00772,948
050615_SEG_TURN_00417,949
050615_SEG_CURR_NEXT_00759,950
050615_SEG_PREV_CURR_00760,951
050350_SEG_PREV_CURR_00984,952
050350_SEG_CURR_NEXT_00983,953
050350_SEG_TURN_00414,954
050308_SEG_TURN_00219,955
050673_SEG_PREV_CURR_00773,956
050673_SEG_CURR_NEXT_00772,957
050350_SEG_CURR_NEXT_00413,958
050615_SEG_TURN_00168,959
050615_SEG_CURR_NEXT_01162,960
050615_SEG_PREV_CURR_01163,961
050492_SEG_TURN_00124,962
050615_SEG_TURN_00438,963
050615_SEG_PREV_CURR_00438,964
050615_SEG_CURR_NEXT_00437,965
050350_SEG_TURN_00048,966
050350_SEG_CURR_NEXT_00048,967
050350_SEG_PREV_CURR_00049,968
050350_SEG_CURR_NEXT_00047,969
050350_SEG_PREV_CURR_00048,970
050615_SEG_CURR_NEXT_00438,971
050615_SEG_PREV_CURR_00439,972
050673_SEG_PREV_CURR_00369,973
050673_SEG_CURR_NEXT_00368,974
050615_SEG_CURR_NEXT_00167,975
050615_SEG_PREV_CURR_00168,976
050673_SEG_TURN_00364,977
050492_SEG_CURR_NEXT_00123,978
050492_SEG_TURN_00433,979
050492_SEG_CURR_NEXT_00433,980
050492_SEG_PREV_CURR_00434,981
050615_SEG_TURN_01034,982
050606_SEG_TURN_00122,983
050350_SEG_TURN_01118,984
050492_SEG_PREV_CURR_00433,985
050492_SEG_CURR_NEXT_00432,986
050673_SEG_TURN_00225,987
050615_SEG_PREV_CURR_01034,988
050615_SEG_CURR_NEXT_01033,989
050615_SEG_TURN_00760,990
050615_SEG_PREV_CURR_01035,991
050615_SEG_CURR_NEXT_01034,992
050615_SEG_CURR_NEXT_00760,993
050615_SEG_PREV_CURR_00761,994
050430_SEG_TURN_00037,995
050430_SEG_CURR_NEXT_00037,996
050430_SEG_PREV_CURR_00038,997
050430_SEG_CURR_NEXT_00036,998
050430_SEG_PREV_CURR_00037,999
050606_SEG_CURR_NEXT_00121,1000
050606_SEG_PREV_CURR_00122,1001
050430_SEG_TURN_00717,1002
050615_SEG_TURN_00494,1003
050430_SEG_CURR_NEXT_00716,1004
050430_SEG_PREV_CURR_00717,1005
050615_SEG_TURN_00367,1006
050430_SEG_CURR_NEXT_00717,1007
050430_SEG_PREV_CURR_00718,1008
050430_SEG_TURN_00265,1009
050606_SEG_TURN_00930,1010
050350_SEG_TURN_00443,1011
050615_SEG_CURR_NEXT_00366,1012
050615_SEG_PREV_CURR_00367,1013
050308_SEG_TURN_00603,1014
050350_SEG_PREV_CURR_01118,1015
050350_SEG_CURR_NEXT_01117,1016
050606_SEG_CURR_NEXT_00930,1017
050615_SEG_TURN_00317,1018
050615_SEG_TURN_00158,1019
050615_SEG_PREV_CURR_01421,1020
050615_SEG_CURR_NEXT_01420,1021
050615_SEG_TURN_01134,1022
050615_SEG_TURN_01443,1023
050615_SEG_TURN_01445,1024
050615_SEG_TURN_01459,1025
050615_SEG_TURN_01499,1026
050615_SEG_TURN_01505,1027
050615_SEG_TURN_01421,1028
050615_SEG_TURN_00839,1029
050615_SEG_TURN_00166,1030
050615_SEG_TURN_01425,1031
050615_SEG_TURN_01423,1032
050615_SEG_TURN_00313,1033
050615_SEG_TURN_00946,1034
050615_SEG_TURN_00315,1035
050615_SEG_TURN_01495,1036
050615_SEG_PREV_CURR_00834,1037
050615_SEG_CURR_NEXT_00833,1038
050615_SEG_TURN_00160,1039
050615_SEG_TURN_01455,1040
050615_SEG_TURN_01453,1041
050615_SEG_TURN_01433,1042
050615_SEG_TURN_01431,1043
050615_SEG_TURN_00849,1044
050615_SEG_TURN_01437,1045
050615_SEG_TURN_00851,1046
050615_SEG_PREV_CURR_00313,1047
050615_SEG_CURR_NEXT_00312,1048
050615_SEG_TURN_01441,1049
050615_SEG_TURN_01457,1050
050615_SEG_TURN_00156,1051
050615_SEG_TURN_00309,1052
050615_SEG_TURN_00847,1053
050615_SEG_TURN_01449,1054
050615_SEG_TURN_00833,1055
050615_SEG_TURN_01140,1056
050615_SEG_TURN_00123,1057
050615_SEG_CURR_NEXT_01423,1058
050615_SEG_PREV_CURR_01424,1059
050615_SEG_TURN_01439,1060
050615_SEG_CURR_NEXT_01424,1061
050615_SEG_PREV_CURR_01425,1062
050615_SEG_TURN_00834,1063
050615_SEG_PREV_CURR_01444,1064
050615_SEG_CURR_NEXT_01443,1065
050615_SEG_TURN_01501,1066
050615_SEG_TURN_01451,1067
050308_SEG_CURR_NEXT_00351,1068
050308_SEG_PREV_CURR_00352,1069
050308_SEG_TURN_00352,1070
050308_SEG_TURN_00351,1071
050308_SEG_PREV_CURR_00351,1072
050308_SEG_CURR_NEXT_00350,1073
050615_SEG_TURN_01247,1074
050615_SEG_CURR_NEXT_01246,1075
050615_SEG_PREV_CURR_01247,1076
050308_SEG_TURN_00347,1077
050615_SEG_CURR_NEXT_01247,1078
050615_SEG_PREV_CURR_01248,1079
050308_SEG_PREV_CURR_00348,1080
050308_SEG_CURR_NEXT_00347,1081
050308_SEG_CURR_NEXT_00346,1082
050308_SEG_PREV_CURR_00347,1083
050615_SEG_TURN_01231,1084
050673_SEG_TURN_00136,1085
050615_SEG_CURR_NEXT_01231,1086
050615_SEG_PREV_CURR_01232,1087
050606_SEG_TURN_00660,1088
050606_SEG_CURR_NEXT_00659,1089
050606_SEG_PREV_CURR_00660,1090
050308_SEG_CURR_NEXT_00352,1091
050308_SEG_PREV_CURR_00353,1092
050673_SEG_PREV_CURR_00136,1093
050673_SEG_CURR_NEXT_00135,1094
050492_SEG_TURN_00416,1095
050606_SEG_TURN_01522,1096
050492_SEG_PREV_CURR_00416,1097
050492_SEG_CURR_NEXT_00415,1098
050673_SEG_PREV_CURR_00137,1099
050673_SEG_CURR_NEXT_00136,1100
050615_SEG_TURN_01241,1101
050492_SEG_CURR_NEXT_00416,1102
050492_SEG_PREV_CURR_00417,1103
050615_SEG_PREV_CURR_01242,1104
050615_SEG_CURR_NEXT_01241,1105
050606_SEG_TURN_00067,1106
050606_SEG_PREV_CURR_01522,1107
050606_SEG_CURR_NEXT_01521,1108
050606_SEG_PREV_CURR_00068,1109
050606_SEG_CURR_NEXT_00067,1110
050606_SEG_CURR_NEXT_00066,1111
050606_SEG_PREV_CURR_00067,1112
050430_SEG_TURN_00768,1113
050492_SEG_TURN_01504,1114
050606_SEG_CURR_NEXT_01522,1115
050606_SEG_PREV_CURR_01523,1116
050430_SEG_TURN_00470,1117
050430_SEG_PREV_CURR_00470,1118
050430_SEG_CURR_NEXT_00469,1119
050615_SEG_TURN_00155,1120
050430_SEG_CURR_NEXT_00470,1121
050430_SEG_PREV_CURR_00471,1122
050615_SEG_TURN_01375,1123
050615_SEG_CURR_NEXT_01374,1124
050615_SEG_PREV_CURR_01375,1125
050615_SEG_CURR_NEXT_00155,1126
050615_SEG_PREV_CURR_00156,1127
050615_SEG_CURR_NEXT_01375,1128
050615_SEG_PREV_CURR_01376,1129
050308_SEG_TURN_01033,1130
050492_SEG_TURN_00011,1131
050492_SEG_PREV_CURR_00011,1132
050492_SEG_CURR_NEXT_00010,1133
050492_SEG_PREV_CURR_00012,1134
050492_SEG_CURR_NEXT_00011,1135
050615_SEG_CURR_NEXT_00154,1136
050615_SEG_PREV_CURR_00155,1137
050350_SEG_TURN_00005,1138
050606_SEG_TURN_00308,1139
050615_SEG_TURN_00338,1140
050615_SEG_TURN_00660,1141
050606_SEG_PREV_CURR_00308,1142
050606_SEG_CURR_NEXT_00307,1143
050615_SEG_TURN_00267,1144
050615_SEG_PREV_CURR_00418,1145
050615_SEG_CURR_NEXT_00417,1146
050615_SEG_PREV_CURR_00338,1147
050615_SEG_CURR_NEXT_00337,1148
050430_SEG_CURR_NEXT_00303,1149
050430_SEG_PREV_CURR_00304,1150
050615_SEG_PREV_CURR_00417,1151
050615_SEG_CURR_NEXT_00416,1152
050492_SEG_CURR_NEXT_01311,1153
050492_SEG_PREV_CURR_01312,1154
050606_SEG_CURR_NEXT_00308,1155
050606_SEG_PREV_CURR_00309,1156
050606_SEG_TURN_00659,1157
050430_SEG_TURN_00088,1158
050430_SEG_TURN_00304,1159
050615_SEG_TURN_00762,1160
050430_SEG_TURN_00303,1161
050606_SEG_TURN_01122,1162
050673_SEG_TURN_00957,1163
050615_SEG_PREV_CURR_00763,1164
050615_SEG_CURR_NEXT_00762,1165
050606_SEG_TURN_00587,1166
050615_SEG_PREV_CURR_00762,1167
050615_SEG_CURR_NEXT_00761,1168
050606_SEG_CURR_NEXT_01122,1169
050606_SEG_PREV_CURR_01123,1170
050606_SEG_CURR_NEXT_01121,1171
050606_SEG_PREV_CURR_01122,1172
050308_SEG_TURN_00395,1173
050350_SEG_TURN_00272,1174
050350_SEG_CURR_NEXT_00272,1175
050350_SEG_PREV_CURR_00273,1176
050308_SEG_CURR_NEXT_00394,1177
050308_SEG_PREV_CURR_00395,1178
050308_SEG_CURR_NEXT_00395,1179
050308_SEG_PREV_CURR_00396,1180
050308_SEG_TURN_00287,1181
050350_SEG_PREV_CURR_00272,1182
050350_SEG_CURR_NEXT_00271,1183
050492_SEG_TURN_00163,1184
050308_SEG_CURR_NEXT_00287,1185
050308_SEG_PREV_CURR_00288,1186
050606_SEG_PREV_CURR_00706,1187
050606_SEG_CURR_NEXT_00705,1188
050430_SEG_TURN_00305,1189
050492_SEG_CURR_NEXT_00163,1190
050492_SEG_PREV_CURR_00164,1191
050430_SEG_CURR_NEXT_00050,1192
050430_SEG_PREV_CURR_00051,1193
050350_SEG_TURN_01303,1194
050308_SEG_TURN_00842,1195
050350_SEG_PREV_CURR_01304,1196
050350_SEG_CURR_NEXT_01303,1197
050308_SEG_CURR_NEXT_00286,1198
050308_SEG_PREV_CURR_00287,1199
050308_SEG_PREV_CURR_00843,1200
050308_SEG_CURR_NEXT_00842,1201
050615_SEG_TURN_01096,1202
050430_SEG_CURR_NEXT_00304,1203
050430_SEG_PREV_CURR_00305,1204
050430_SEG_PREV_CURR_00306,1205
050430_SEG_CURR_NEXT_00305,1206
050615_SEG_TURN_00976,1207
050350_SEG_CURR_NEXT_00932,1208
050350_SEG_PREV_CURR_00933,1209
050430_SEG_TURN_00243,1210
050430_SEG_PREV_CURR_00050,1211
050430_SEG_CURR_NEXT_00049,1212
050350_SEG_TURN_00538,1213
050350_SEG_PREV_CURR_00539,1214
050350_SEG_CURR_NEXT_00538,1215
050615_SEG_TURN_00602,1216
050430_SEG_TURN_00219,1217
050430_SEG_CURR_NEXT_00219,1218
050430_SEG_PREV_CURR_00220,1219
050615_SEG_CURR_NEXT_00601,1220
050615_SEG_PREV_CURR_00602,1221
050615_SEG_PREV_CURR_00603,1222
050615_SEG_CURR_NEXT_00602,1223
050606_SEG_TURN_00279,1224
050430_SEG_PREV_CURR_00219,1225
050430_SEG_CURR_NEXT_00218,1226
050615_SEG_TURN_01292,1227
050606_SEG_CURR_NEXT_00279,1228
050606_SEG_PREV_CURR_00280,1229
050350_SEG_TURN_01054,1230
050430_SEG_TURN_00027,1231
050606_SEG_PREV_CURR_00279,1232
050606_SEG_CURR_NEXT_00278,1233
050350_SEG_CURR_NEXT_00537,1234
050350_SEG_PREV_CURR_00538,1235
050350_SEG_CURR_NEXT_01054,1236
050350_SEG_PREV_CURR_01055,1237
050606_SEG_TURN_01378,1238
050606_SEG_TURN_00770,1239
050350_SEG_PREV_CURR_01054,1240
050350_SEG_CURR_NEXT_01053,1241
050308_SEG_TURN_00885,1242
050430_SEG_CURR_NEXT_00027,1243
050430_SEG_PREV_CURR_00028,1244
050673_SEG_TURN_01192,1245
050673_SEG_PREV_CURR_01192,1246
050673_SEG_CURR_NEXT_01191,1247
050308_SEG_PREV_CURR_00886,1248
050308_SEG_CURR_NEXT_00885,1249
050673_SEG_PREV_CURR_01193,1250
050673_SEG_CURR_NEXT_01192,1251
050350_SEG_TURN_01292,1252
050308_SEG_TURN_00578,1253
050492_SEG_TURN_01497,1254
050606_SEG_TURN_00281,1255
050308_SEG_PREV_CURR_00579,1256
050308_SEG_CURR_NEXT_00578,1257
050606_SEG_PREV_CURR_00282,1258
050606_SEG_CURR_NEXT_00281,1259
050308_SEG_TURN_00910,1260
050606_SEG_CURR_NEXT_00280,1261
050606_SEG_PREV_CURR_00281,1262
050308_SEG_CURR_NEXT_00577,1263
050308_SEG_PREV_CURR_00578,1264
050492_SEG_CURR_NEXT_01496,1265
050492_SEG_PREV_CURR_01497,1266
050492_SEG_PREV_CURR_01498,1267
050492_SEG_CURR_NEXT_01497,1268
050350_SEG_PREV_CURR_01293,1269
050350_SEG_CURR_NEXT_01292,1270
050350_SEG_CURR_NEXT_01291,1271
050350_SEG_PREV_CURR_01292,1272
050430_SEG_TURN_00559,1273
050492_SEG_TURN_01170,1274
050350_SEG_TURN_01121,1275
050308_SEG_PREV_CURR_00911,1276
050308_SEG_CURR_NEXT_00910,1277
050615_SEG_TURN_01429,1278
050308_SEG_TURN_00360,1279
050308_SEG_CURR_NEXT_00359,1280
050308_SEG_PREV_CURR_00360,1281
050606_SEG_TURN_00882,1282
050492_SEG_TURN_01434,1283
050430_SEG_CURR_NEXT_00559,1284
050430_SEG_PREV_CURR_00560,1285
050615_SEG_PREV_CURR_01429,1286
050615_SEG_CURR_NEXT_01428,1287
050492_SEG_CURR_NEXT_01502,1288
050492_SEG_PREV_CURR_01503,1289
050308_SEG_TURN_00856,1290
050606_SEG_CURR_NEXT_01168,1291
050606_SEG_PREV_CURR_01169,1292
050606_SEG_PREV_CURR_00882,1293
050606_SEG_CURR_NEXT_00881,1294
050673_SEG_TURN_00497,1295
050615_SEG_TURN_01391,1296
050615_SEG_TURN_01389,1297
050615_SEG_PREV_CURR_01391,1298
050615_SEG_CURR_NEXT_01390,1299
050615_SEG_CURR_NEXT_01389,1300
050615_SEG_PREV_CURR_01390,1301
050615_SEG_CURR_NEXT_01388,1302
050615_SEG_PREV_CURR_01389,1303
050492_SEG_TURN_00906,1304
050615_SEG_CURR_NEXT_00683,1305
050615_SEG_PREV_CURR_00684,1306
050492_SEG_CURR_NEXT_00905,1307
050492_SEG_PREV_CURR_00906,1308
050492_SEG_CURR_NEXT_00906,1309
050492_SEG_PREV_CURR_00907,1310
050615_SEG_TURN_00683,1311
050615_SEG_CURR_NEXT_00682,1312
050615_SEG_PREV_CURR_00683,1313
050615_SEG_PREV_CURR_01392,1314
050615_SEG_CURR_NEXT_01391,1315
050615_SEG_TURN_01383,1316
050615_SEG_PREV_CURR_01383,1317
050615_SEG_CURR_NEXT_01382,1318
050492_SEG_TURN_01132,1319
050492_SEG_PREV_CURR_01133,1320
050492_SEG_CURR_NEXT_01132,1321
050615_SEG_PREV_CURR_01384,1322
050615_SEG_CURR_NEXT_01383,1323
050350_SEG_TURN_01282,1324
050492_SEG_PREV_CURR_01132,1325
050492_SEG_CURR_NEXT_01131,1326
050615_SEG_TURN_00675,1327
050615_SEG_CURR_NEXT_00674,1328
050615_SEG_PREV_CURR_00675,1329
050350_SEG_PREV_CURR_01282,1330
050350_SEG_CURR_NEXT_01281,1331
050430_SEG_TURN_00756,1332
050615_SEG_CURR_NEXT_00675,1333
050615_SEG_PREV_CURR_00676,1334
050492_SEG_TURN_00199,1335
050492_SEG_PREV_CURR_00199,1336
050492_SEG_CURR_NEXT_00198,1337
050430_SEG_TURN_00039,1338
050430_SEG_PREV_CURR_00040,1339
050430_SEG_CURR_NEXT_00039,1340
050350_SEG_PREV_CURR_01283,1341
050350_SEG_CURR_NEXT_01282,1342
050430_SEG_CURR_NEXT_00038,1343
050430_SEG_PREV_CURR_00039,1344
050350_SEG_TURN_00227,1345
050673_SEG_TURN_00919,1346
050673_SEG_CURR_NEXT_00918,1347
050673_SEG_PREV_CURR_00919,1348
050673_SEG_PREV_CURR_00920,1349
050673_SEG_CURR_NEXT_00919,1350
050308_SEG_CURR_NEXT_00063,1351
050308_SEG_PREV_CURR_00064,1352
050308_SEG_CURR_NEXT_00064,1353
050308_SEG_PREV_CURR_00065,1354
050350_SEG_TURN_00509,1355
050350_SEG_CURR_NEXT_00508,1356
050350_SEG_PREV_CURR_00509,1357
050492_SEG_TURN_00157,1358
050430_SEG_TURN_01150,1359
050615_SEG_TURN_00322,1360
050350_SEG_CURR_NEXT_00509,1361
050350_SEG_PREV_CURR_00510,1362
050430_SEG_CURR_NEXT_01149,1363
050430_SEG_PREV_CURR_01150,1364
050430_SEG_PREV_CURR_01151,1365
050430_SEG_CURR_NEXT_01150,1366
050615_SEG_CURR_NEXT_00321,1367
050615_SEG_PREV_CURR_00322,1368
050615_SEG_CURR_NEXT_00322,1369
050615_SEG_PREV_CURR_00323,1370
050308_SEG_TURN_00486,1371
050308_SEG_CURR_NEXT_00486,1372
050308_SEG_PREV_CURR_00487,1373
050492_SEG_TURN_00223,1374
050308_SEG_CURR_NEXT_00485,1375
050308_SEG_PREV_CURR_00486,1376
050492_SEG_TURN_00225,1377
050308_SEG_CURR_NEXT_00661,1378
050308_SEG_PREV_CURR_00662,1379
050308_SEG_TURN_00662,1380
050350_SEG_TURN_00850,1381
050492_SEG_PREV_CURR_00224,1382
050492_SEG_CURR_NEXT_00223,1383
050673_SEG_TURN_00931,1384
050606_SEG_TURN_00812,1385
050673_SEG_TURN_00667,1386
050606_SEG_CURR_NEXT_00811,1387
050606_SEG_PREV_CURR_00812,1388
050673_SEG_PREV_CURR_00667,1389
050673_SEG_CURR_NEXT_00666,1390
050606_SEG_PREV_CURR_00813,1391
050606_SEG_CURR_NEXT_00812,1392
050673_SEG_CURR_NEXT_00667,1393
050673_SEG_PREV_CURR_00668,1394
050606_SEG_TURN_01336,1395
050606_SEG_PREV_CURR_01336,1396
050606_SEG_CURR_NEXT_01335,1397
050673_SEG_TURN_00665,1398
050673_SEG_CURR_NEXT_00665,1399
050673_SEG_PREV_CURR_00666,1400
050673_SEG_CURR_NEXT_00664,1401
050673_SEG_PREV_CURR_00665,1402
050673_SEG_PREV_CURR_00463,1403
050673_SEG_CURR_NEXT_00462,1404
050606_SEG_PREV_CURR_01337,1405
050606_SEG_CURR_NEXT_01336,1406
050673_SEG_TURN_00463,1407
050673_SEG_PREV_CURR_00464,1408
050673_SEG_CURR_NEXT_00463,1409
050673_SEG_TURN_00683,1410
050673_SEG_CURR_NEXT_00957,1411
050673_SEG_PREV_CURR_00958,1412
050430_SEG_TURN_00376,1413
050673_SEG_PREV_CURR_00684,1414
050673_SEG_CURR_NEXT_00683,1415
050673_SEG_CURR_NEXT_00682,1416
050673_SEG_PREV_CURR_00683,1417
050673_SEG_TURN_00958,1418
050606_SEG_TURN_01330,1419
050492_SEG_PREV_CURR_01168,1420
050492_SEG_CURR_NEXT_01167,1421
050430_SEG_CURR_NEXT_00376,1422
050673_SEG_TURN_00522,1423
050673_SEG_PREV_CURR_00523,1424
050673_SEG_CURR_NEXT_00522,1425
050673_SEG_CURR_NEXT_00521,1426
050673_SEG_PREV_CURR_00522,1427
050673_SEG_CURR_NEXT_00540,1428
050673_SEG_PREV_CURR_00541,1429
050673_SEG_TURN_00540,1430
050350_SEG_TURN_00311,1431
050673_SEG_CURR_NEXT_00539,1432
050673_SEG_PREV_CURR_00540,1433
050606_SEG_TURN_00273,1434
050350_SEG_CURR_NEXT_00310,1435
050350_SEG_PREV_CURR_00311,1436
050615_SEG_TURN_00364,1437
050308_SEG_TURN_00132,1438
050615_SEG_PREV_CURR_00364,1439
050615_SEG_CURR_NEXT_00363,1440
050492_SEG_TURN_01330,1441
050308_SEG_PREV_CURR_00132,1442
050308_SEG_CURR_NEXT_00131,1443
050492_SEG_CURR_NEXT_01329,1444
050492_SEG_PREV_CURR_01330,1445
050615_SEG_PREV_CURR_00365,1446
050615_SEG_CURR_NEXT_00364,1447
050492_SEG_PREV_CURR_01331,1448
050492_SEG_CURR_NEXT_01330,1449
050350_SEG_CURR_NEXT_00311,1450
050350_SEG_PREV_CURR_00312,1451
050673_SEG_TURN_00189,1452
050673_SEG_TURN_00764,1453
050308_SEG_TURN_00955,1454
050492_SEG_TURN_00239,1455
050492_SEG_PREV_CURR_00240,1456
050492_SEG_CURR_NEXT_00239,1457
050606_SEG_TURN_01316,1458
050492_SEG_TURN_01021,1459
050492_SEG_CURR_NEXT_00238,1460
050492_SEG_PREV_CURR_00239,1461
050606_SEG_CURR_NEXT_01315,1462
050606_SEG_PREV_CURR_01316,1463
050673_SEG_TURN_01133,1464
050615_SEG_TURN_01117,1465
050606_SEG_PREV_CURR_01317,1466
050606_SEG_CURR_NEXT_01316,1467
050615_SEG_PREV_CURR_00353,1468
050615_SEG_CURR_NEXT_00352,1469
050492_SEG_CURR_NEXT_01020,1470
050492_SEG_PREV_CURR_01021,1471
050615_SEG_TURN_00656,1472
050673_SEG_PREV_CURR_01134,1473
050673_SEG_CURR_NEXT_01133,1474
050492_SEG_CURR_NEXT_01021,1475
050492_SEG_PREV_CURR_01022,1476
050615_SEG_TURN_00172,1477
050615_SEG_CURR_NEXT_01116,1478
050615_SEG_PREV_CURR_01117,1479
050673_SEG_TURN_01122,1480
050615_SEG_CURR_NEXT_00172,1481
050615_SEG_PREV_CURR_00173,1482
050615_SEG_TURN_00961,1483
050615_SEG_PREV_CURR_00961,1484
050615_SEG_CURR_NEXT_00960,1485
050492_SEG_TURN_01079,1486
050615_SEG_CURR_NEXT_00353,1487
050615_SEG_PREV_CURR_00354,1488
050615_SEG_CURR_NEXT_00655,1489
050615_SEG_PREV_CURR_00656,1490
050615_SEG_CURR_NEXT_00961,1491
050615_SEG_PREV_CURR_00962,1492
050492_SEG_CURR_NEXT_01079,1493
050492_SEG_PREV_CURR_01080,1494
050430_SEG_TURN_00954,1495
050615_SEG_TURN_01321,1496
050492_SEG_PREV_CURR_01079,1497
050492_SEG_CURR_NEXT_01078,1498
050673_SEG_CURR_NEXT_01122,1499
050673_SEG_PREV_CURR_01123,1500
050430_SEG_CURR_NEXT_00954,1501
050430_SEG_PREV_CURR_00955,1502
050430_SEG_PREV_CURR_00954,1503
050606_SEG_TURN_00605,1504
050606_SEG_PREV_CURR_00605,1505
050606_SEG_CURR_NEXT_00604,1506
050615_SEG_TURN_00669,1507
050606_SEG_CURR_NEXT_00605,1508
050606_SEG_PREV_CURR_00606,1509
050606_SEG_CURR_NEXT_00606,1510
050606_SEG_PREV_CURR_00607,1511
050606_SEG_TURN_00607,1512
050615_SEG_CURR_NEXT_00668,1513
050615_SEG_PREV_CURR_00669,1514
050606_SEG_CURR_NEXT_00607,1515
050606_SEG_PREV_CURR_00608,1516
050606_SEG_TURN_00606,1517
050606_SEG_TURN_00608,1518
050673_SEG_TURN_00941,1519
050430_SEG_PREV_CURR_00930,1520
050430_SEG_CURR_NEXT_00930,1521
050430_SEG_PREV_CURR_00931,1522
050673_SEG_CURR_NEXT_00941,1523
050673_SEG_PREV_CURR_00942,1524
050606_SEG_TURN_01064,1525
050615_SEG_CURR_NEXT_00669,1526
050615_SEG_PREV_CURR_00670,1527
050308_SEG_TURN_00925,1528
050606_SEG_CURR_NEXT_00608,1529
050606_SEG_PREV_CURR_00609,1530
050606_SEG_PREV_CURR_01064,1531
050606_SEG_CURR_NEXT_01063,1532
050606_SEG_CURR_NEXT_01064,1533
050606_SEG_PREV_CURR_01065,1534
050673_SEG_CURR_NEXT_00940,1535
050673_SEG_PREV_CURR_00941,1536
050308_SEG_CURR_NEXT_00924,1537
050308_SEG_PREV_CURR_00925,1538
050308_SEG_PREV_CURR_00926,1539
050308_SEG_CURR_NEXT_00925,1540
050673_SEG_TURN_00939,1541
050615_SEG_TURN_00181,1542
050615_SEG_PREV_CURR_00181,1543
050615_SEG_CURR_NEXT_00180,1544
050615_SEG_CURR_NEXT_00181,1545
050615_SEG_TURN_00106,1546
050673_SEG_TURN_01111,1547
050673_SEG_TURN_00306,1548
050673_SEG_CURR_NEXT_00538,1549
050673_SEG_PREV_CURR_00539,1550
050673_SEG_TURN_00769,1551
050673_SEG_TURN_00272,1552
050673_SEG_TURN_00750,1553
050430_SEG_TURN_00573,1554
050673_SEG_PREV_CURR_00403,1555
050673_SEG_CURR_NEXT_00402,1556
050673_SEG_TURN_00409,1557
050673_SEG_TURN_00411,1558
050350_SEG_TURN_00695,1559
050673_SEG_TURN_00278,1560
050673_SEG_TURN_00637,1561
050673_SEG_TURN_00922,1562
050673_SEG_TURN_00286,1563
050673_SEG_TURN_01113,1564
050673_SEG_TURN_00918,1565
050673_SEG_TURN_00423,1566
050673_SEG_TURN_00415,1567
050673_SEG_TURN_00908,1568
050673_SEG_TURN_00930,1569
050673_SEG_TURN_00403,1570
050673_SEG_TURN_00274,1571
050673_SEG_TURN_00276,1572
050673_SEG_TURN_00304,1573
050673_SEG_TURN_00946,1574
050606_SEG_TURN_01548,1575
050606_SEG_TURN_01296,1576
050673_SEG_TURN_00300,1577
050673_SEG_TURN_00402,1578
050673_SEG_TURN_00527,1579
050673_SEG_TURN_00462,1580
050673_SEG_TURN_00270,1581
050673_SEG_TURN_00541,1582
050673_SEG_TURN_00290,1583
050673_SEG_TURN_00944,1584
050673_SEG_TURN_00347,1585
050673_SEG_TURN_00518,1586
050673_SEG_TURN_00049,1587
050492_SEG_CURR_NEXT_00521,1588
050492_SEG_PREV_CURR_00522,1589
050673_SEG_TURN_00421,1590
050673_SEG_TURN_00356,1591
050673_SEG_TURN_00916,1592
050673_SEG_TURN_00331,1593
050673_SEG_TURN_00641,1594
050673_SEG_TURN_00854,1595
050673_SEG_TURN_00852,1596
050673_SEG_CURR_NEXT_00853,1597
050673_SEG_PREV_CURR_00854,1598
050673_SEG_CURR_NEXT_00854,1599
050673_SEG_PREV_CURR_00855,1600
050673_SEG_CURR_NEXT_00852,1601
050673_SEG_PREV_CURR_00853,1602
050430_SEG_TURN_00443,1603
050673_SEG_PREV_CURR_00852,1604
050673_SEG_CURR_NEXT_00851,1605
050430_SEG_CURR_NEXT_00442,1606
050430_SEG_PREV_CURR_00443,1607
050430_SEG_CURR_NEXT_00443,1608
050430_SEG_PREV_CURR_00444,1609
050673_SEG_TURN_00015,1610
050673_SEG_CURR_NEXT_00015,1611
050673_SEG_PREV_CURR_00016,1612
050673_SEG_CURR_NEXT_00014,1613
050673_SEG_PREV_CURR_00015,1614
050430_SEG_TURN_00441,1615
050430_SEG_PREV_CURR_00442,1616
050430_SEG_CURR_NEXT_00441,1617
050673_SEG_TURN_00363,1618
050430_SEG_CURR_NEXT_00440,1619
050430_SEG_PREV_CURR_00441,1620
050673_SEG_TURN_00213,1621
050673_SEG_TURN_01082,1622
050673_SEG_CURR_NEXT_01082,1623
050673_SEG_PREV_CURR_01083,1624
050673_SEG_TURN_01136,1625
050673_SEG_PREV_CURR_01137,1626
050673_SEG_CURR_NEXT_01136,1627
050673_SEG_PREV_CURR_01136,1628
050673_SEG_CURR_NEXT_01135,1629
050673_SEG_PREV_CURR_00214,1630
050673_SEG_CURR_NEXT_00213,1631
050673_SEG_TURN_01069,1632
050673_SEG_CURR_NEXT_00212,1633
050673_SEG_PREV_CURR_00213,1634
050673_SEG_PREV_CURR_00364,1635
050673_SEG_CURR_NEXT_00363,1636
050673_SEG_PREV_CURR_01082,1637
050673_SEG_CURR_NEXT_01081,1638
050492_SEG_TURN_01448,1639
050673_SEG_PREV_CURR_01070,1640
050673_SEG_CURR_NEXT_01069,1641
050606_SEG_TURN_00131,1642
050673_SEG_TURN_00663,1643
050673_SEG_CURR_NEXT_00662,1644
050673_SEG_PREV_CURR_00663,1645
050308_SEG_CURR_NEXT_00541,1646
050308_SEG_PREV_CURR_00542,1647
050308_SEG_TURN_00542,1648
050350_SEG_TURN_00990,1649
050673_SEG_PREV_CURR_00664,1650
050673_SEG_CURR_NEXT_00663,1651
050308_SEG_CURR_NEXT_00542,1652
050308_SEG_PREV_CURR_00543,1653
050673_SEG_TURN_00662,1654
050308_SEG_TURN_00541,1655
050350_SEG_PREV_CURR_00990,1656
050350_SEG_CURR_NEXT_00989,1657
050350_SEG_CURR_NEXT_00990,1658
050350_SEG_PREV_CURR_00991,1659
050673_SEG_CURR_NEXT_00661,1660
050673_SEG_PREV_CURR_00662,1661
050673_SEG_TURN_00623,1662
050308_SEG_TURN_00543,1663
050673_SEG_TURN_00416,1664
050308_SEG_CURR_NEXT_00540,1665
050308_SEG_PREV_CURR_00541,1666
050673_SEG_CURR_NEXT_00415,1667
050673_SEG_PREV_CURR_00416,1668
050673_SEG_CURR_NEXT_00416,1669
050673_SEG_PREV_CURR_00417,1670
050350_SEG_TURN_00109,1671
050308_SEG_CURR_NEXT_00543,1672
050308_SEG_PREV_CURR_00544,1673
050350_SEG_TURN_00507,1674
050673_SEG_PREV_CURR_00869,1675
050673_SEG_CURR_NEXT_00868,1676
050350_SEG_CURR_NEXT_00507,1677
050350_SEG_PREV_CURR_00508,1678
050673_SEG_TURN_00868,1679
050673_SEG_PREV_CURR_01069,1680
050673_SEG_CURR_NEXT_01068,1681
050673_SEG_PREV_CURR_01066,1682
050673_SEG_CURR_NEXT_01065,1683
050673_SEG_CURR_NEXT_00867,1684
050673_SEG_PREV_CURR_00868,1685
050673_SEG_TURN_01065,1686
050673_SEG_TURN_01070,1687
050673_SEG_TURN_01080,1688
050673_SEG_TURN_00243,1689
050430_SEG_TURN_00442,1690
050673_SEG_TURN_01074,1691
050673_SEG_TURN_01066,1692
050673_SEG_TURN_00245,1693
050673_SEG_TURN_00853,1694
050350_SEG_CURR_NEXT_00506,1695
050350_SEG_PREV_CURR_00507,1696
050673_SEG_CURR_NEXT_01064,1697
050673_SEG_PREV_CURR_01065,1698
050673_SEG_TURN_00249,1699
050673_SEG_TURN_00865,1700
050673_SEG_TURN_00247,1701
050673_SEG_TURN_01072,1702
050673_SEG_TURN_01068,1703
050430_SEG_TURN_00444,1704
050673_SEG_TURN_00879,1705
050308_SEG_CURR_NEXT_00217,1706
050308_SEG_PREV_CURR_00218,1707
050673_SEG_TURN_00240,1708
050673_SEG_TURN_00869,1709
050673_SEG_TURN_00883,1710
050308_SEG_TURN_00217,1711
050673_SEG_TURN_00877,1712
050308_SEG_PREV_CURR_00217,1713
050308_SEG_CURR_NEXT_00216,1714
050673_SEG_CURR_NEXT_00243,1715
050673_SEG_PREV_CURR_00244,1716
050673_SEG_PREV_CURR_00245,1717
050673_SEG_CURR_NEXT_00244,1718
050673_SEG_TURN_00875,1719
050673_SEG_PREV_CURR_00879,1720
050673_SEG_CURR_NEXT_00878,1721
050673_SEG_CURR_NEXT_01079,1722
050673_SEG_PREV_CURR_01080,1723
050673_SEG_CURR_NEXT_00869,1724
050673_SEG_PREV_CURR_00870,1725
050430_SEG_PREV_CURR_00445,1726
050430_SEG_CURR_NEXT_00444,1727
050673_SEG_TURN_01076,1728
050673_SEG_PREV_CURR_00878,1729
050673_SEG_CURR_NEXT_00877,1730
050673_SEG_TURN_00014,1731
050308_SEG_TURN_00218,1732
050673_SEG_TURN_00855,1733
050673_SEG_CURR_NEXT_00865,1734
050673_SEG_PREV_CURR_00866,1735
050673_SEG_TURN_00211,1736
050673_SEG_PREV_CURR_00865,1737
050430_SEG_TURN_00254,1738
050615_SEG_TURN_01098,1739
050606_SEG_TURN_00806,1740
050615_SEG_CURR_NEXT_01098,1741
050615_SEG_PREV_CURR_01099,1742
050606_SEG_PREV_CURR_00806,1743
050606_SEG_CURR_NEXT_00805,1744
050615_SEG_PREV_CURR_01097,1745
050615_SEG_CURR_NEXT_01096,1746
050673_SEG_TURN_00166,1747
050615_SEG_CURR_NEXT_01097,1748
050615_SEG_PREV_CURR_01098,1749
050606_SEG_TURN_00249,1750
050673_SEG_PREV_CURR_00167,1751
050673_SEG_CURR_NEXT_00166,1752
050492_SEG_TURN_01209,1753
050606_SEG_PREV_CURR_00249,1754
050606_SEG_CURR_NEXT_00248,1755
050350_SEG_PREV_CURR_00839,1756
050350_SEG_CURR_NEXT_00838,1757
050350_SEG_TURN_00839,1758
050606_SEG_PREV_CURR_00807,1759
050606_SEG_CURR_NEXT_00806,1760
050492_SEG_TURN_00781,1761
050673_SEG_TURN_00465,1762
050492_SEG_CURR_NEXT_00780,1763
050492_SEG_PREV_CURR_00781,1764
050492_SEG_CURR_NEXT_00781,1765
050492_SEG_PREV_CURR_00782,1766
050430_SEG_PREV_CURR_00254,1767
050430_SEG_CURR_NEXT_00253,1768
050673_SEG_TURN_00152,1769
050350_SEG_PREV_CURR_00840,1770
050350_SEG_CURR_NEXT_00839,1771
050673_SEG_CURR_NEXT_00165,1772
050673_SEG_PREV_CURR_00166,1773
050492_SEG_TURN_00057,1774
050673_SEG_PREV_CURR_00466,1775
050673_SEG_CURR_NEXT_00465,1776
050606_SEG_PREV_CURR_00250,1777
050492_SEG_TURN_00391,1778
050430_SEG_TURN_01026,1779
050430_SEG_CURR_NEXT_01025,1780
050430_SEG_PREV_CURR_01026,1781
050492_SEG_PREV_CURR_00392,1782
050492_SEG_CURR_NEXT_00391,1783
050430_SEG_PREV_CURR_01027,1784
050430_SEG_CURR_NEXT_01026,1785
050615_SEG_TURN_00731,1786
050492_SEG_PREV_CURR_00391,1787
050492_SEG_CURR_NEXT_00390,1788
050606_SEG_CURR_NEXT_01506,1789
050606_SEG_PREV_CURR_01507,1790
050606_SEG_TURN_01507,1791
050606_SEG_TURN_01500,1792
050606_SEG_TURN_01208,1793
050492_SEG_TURN_00806,1794
050606_SEG_CURR_NEXT_01507,1795
050606_SEG_PREV_CURR_01508,1796
050606_SEG_TURN_00888,1797
050492_SEG_PREV_CURR_00807,1798
050492_SEG_CURR_NEXT_00806,1799
050606_SEG_PREV_CURR_01209,1800
050606_SEG_CURR_NEXT_01208,1801
050492_SEG_TURN_00390,1802
050350_SEG_TURN_01408,1803
050606_SEG_PREV_CURR_00888,1804
050606_SEG_CURR_NEXT_00887,1805
050673_SEG_TURN_00951,1806
050606_SEG_TURN_01210,1807
050606_SEG_CURR_NEXT_01209,1808
050606_SEG_PREV_CURR_01210,1809
050350_SEG_PREV_CURR_01408,1810
050350_SEG_CURR_NEXT_01407,1811
050606_SEG_TURN_00160,1812
050673_SEG_TURN_00444,1813
050350_SEG_CURR_NEXT_01408,1814
050350_SEG_PREV_CURR_01409,1815
050615_SEG_TURN_00733,1816
050615_SEG_TURN_01432,1817
050673_SEG_CURR_NEXT_00443,1818
050673_SEG_PREV_CURR_00444,1819
050673_SEG_PREV_CURR_00951,1820
050673_SEG_CURR_NEXT_00950,1821
050492_SEG_TURN_00724,1822
050606_SEG_TURN_01506,1823
050606_SEG_PREV_CURR_01506,1824
050606_SEG_CURR_NEXT_01505,1825
050615_SEG_CURR_NEXT_01431,1826
050615_SEG_PREV_CURR_01432,1827
050308_SEG_TURN_00185,1828
050308_SEG_CURR_NEXT_00185,1829
050308_SEG_PREV_CURR_00186,1830
050308_SEG_PREV_CURR_00185,1831
050308_SEG_CURR_NEXT_00184,1832
050308_SEG_PREV_CURR_00187,1833
050308_SEG_CURR_NEXT_00186,1834
050308_SEG_TURN_00186,1835
050308_SEG_TURN_00187,1836
050308_SEG_CURR_NEXT_00187,1837
050308_SEG_PREV_CURR_00188,1838
050615_SEG_TURN_01435,1839
050615_SEG_CURR_NEXT_01434,1840
050615_SEG_PREV_CURR_01435,1841
050606_SEG_TURN_00967,1842
050350_SEG_TURN_00245,1843
050615_SEG_TURN_00058,1844
050606_SEG_PREV_CURR_00968,1845
050606_SEG_CURR_NEXT_00967,1846
050606_SEG_PREV_CURR_00967,1847
050606_SEG_CURR_NEXT_00966,1848
050673_SEG_TURN_00288,1849
050673_SEG_TURN_00675,1850
050673_SEG_CURR_NEXT_00675,1851
050673_SEG_PREV_CURR_00676,1852
050615_SEG_CURR_NEXT_01435,1853
050615_SEG_PREV_CURR_01436,1854
050673_SEG_TURN_00097,1855
050350_SEG_CURR_NEXT_00245,1856
050350_SEG_PREV_CURR_00246,1857
050606_SEG_TURN_01435,1858
050673_SEG_CURR_NEXT_00288,1859
050673_SEG_PREV_CURR_00289,1860
050673_SEG_TURN_00374,1861
050615_SEG_TURN_01310,1862
050615_SEG_CURR_NEXT_01310,1863
050615_SEG_PREV_CURR_01311,1864
050673_SEG_CURR_NEXT_00096,1865
050673_SEG_PREV_CURR_00097,1866
050606_SEG_TURN_00430,1867
050673_SEG_PREV_CURR_00375,1868
050673_SEG_CURR_NEXT_00374,1869
050673_SEG_CURR_NEXT_00097,1870
050673_SEG_PREV_CURR_00098,1871
050673_SEG_PREV_CURR_00374,1872
050673_SEG_CURR_NEXT_00373,1873
050350_SEG_TURN_01402,1874
050606_SEG_PREV_CURR_00431,1875
050606_SEG_CURR_NEXT_00430,1876
050615_SEG_CURR_NEXT_01309,1877
050673_SEG_TURN_00703,1878
050673_SEG_TURN_00705,1879
050673_SEG_CURR_NEXT_00705,1880
050673_SEG_PREV_CURR_00706,1881
050673_SEG_CURR_NEXT_00704,1882
050673_SEG_PREV_CURR_00705,1883
050673_SEG_PREV_CURR_00707,1884
050673_SEG_CURR_NEXT_00706,1885
050673_SEG_PREV_CURR_00708,1886
050673_SEG_CURR_NEXT_00707,1887
050615_SEG_TURN_01249,1888
050615_SEG_CURR_NEXT_01249,1889
050615_SEG_PREV_CURR_01250,1890
050673_SEG_CURR_NEXT_00702,1891
050673_SEG_PREV_CURR_00703,1892
050673_SEG_PREV_CURR_00704,1893
050673_SEG_CURR_NEXT_00703,1894
050615_SEG_CURR_NEXT_01248,1895
050615_SEG_PREV_CURR_01249,1896
050615_SEG_TURN_00010,1897
050615_SEG_PREV_CURR_01357,1898
050615_SEG_CURR_NEXT_01356,1899
050615_SEG_CURR_NEXT_01049,1900
050615_SEG_PREV_CURR_01050,1901
050615_SEG_CURR_NEXT_00010,1902
050615_SEG_PREV_CURR_00011,1903
050615_SEG_TURN_00011,1904
050615_SEG_TURN_01049,1905
050615_SEG_PREV_CURR_00012,1906
050615_SEG_CURR_NEXT_00011,1907
050615_SEG_TURN_01356,1908
050615_SEG_PREV_CURR_01356,1909
050615_SEG_CURR_NEXT_01355,1910
050615_SEG_TURN_01320,1911
050615_SEG_CURR_NEXT_01315,1912
050615_SEG_PREV_CURR_01316,1913
050615_SEG_TURN_01315,1914
050308_SEG_CURR_NEXT_00748,1915
050308_SEG_PREV_CURR_00749,1916
050615_SEG_TURN_00807,1917
050673_SEG_TURN_00709,1918
050308_SEG_PREV_CURR_00880,1919
050308_SEG_CURR_NEXT_00879,1920
050308_SEG_TURN_00880,1921
050308_SEG_CURR_NEXT_00880,1922
050308_SEG_PREV_CURR_00881,1923
050308_SEG_TURN_00875,1924
050308_SEG_TURN_00879,1925
050308_SEG_TURN_00873,1926
050308_SEG_TURN_00829,1927
050308_SEG_TURN_00825,1928
050308_SEG_TURN_00881,1929
050606_SEG_TURN_00198,1930
050308_SEG_CURR_NEXT_00875,1931
050308_SEG_PREV_CURR_00876,1932
050308_SEG_TURN_00877,1933
050606_SEG_CURR_NEXT_00197,1934
050606_SEG_PREV_CURR_00198,1935
050308_SEG_CURR_NEXT_00874,1936
050308_SEG_PREV_CURR_00875,1937
050308_SEG_CURR_NEXT_00876,1938
050308_SEG_PREV_CURR_00877,1939
050606_SEG_TURN_00267,1940
050308_SEG_CURR_NEXT_00873,1941
050308_SEG_PREV_CURR_00874,1942
050673_SEG_TURN_00137,1943
050606_SEG_CURR_NEXT_00198,1944
050606_SEG_PREV_CURR_00199,1945
050308_SEG_CURR_NEXT_00881,1946
050308_SEG_PREV_CURR_00882,1947
050308_SEG_PREV_CURR_00879,1948
050308_SEG_CURR_NEXT_00878,1949
050308_SEG_CURR_NEXT_00872,1950
050308_SEG_PREV_CURR_00873,1951
050308_SEG_CURR_NEXT_00877,1952
050308_SEG_PREV_CURR_00878,1953
050606_SEG_PREV_CURR_00268,1954
050606_SEG_CURR_NEXT_00267,1955
050606_SEG_CURR_NEXT_00266,1956
050606_SEG_PREV_CURR_00267,1957
050308_SEG_CURR_NEXT_00825,1958
050308_SEG_PREV_CURR_00826,1959
050308_SEG_TURN_00872,1960
050308_SEG_TURN_00883,1961
050308_SEG_PREV_CURR_00872,1962
050308_SEG_CURR_NEXT_00871,1963
050606_SEG_TURN_01193,1964
050673_SEG_PREV_CURR_00138,1965
050673_SEG_CURR_NEXT_00137,1966
050673_SEG_TURN_01013,1967
050308_SEG_TURN_00827,1968
050430_SEG_TURN_00354,1969
050430_SEG_PREV_CURR_00355,1970
050430_SEG_CURR_NEXT_00354,1971
050350_SEG_TURN_00943,1972
050308_SEG_TURN_00101,1973
050673_SEG_CURR_NEXT_00938,1974
050673_SEG_PREV_CURR_00939,1975
050350_SEG_CURR_NEXT_00943,1976
050350_SEG_PREV_CURR_00944,1977
050430_SEG_CURR_NEXT_00353,1978
050430_SEG_PREV_CURR_00354,1979
050673_SEG_PREV_CURR_00940,1980
050673_SEG_CURR_NEXT_00939,1981
050350_SEG_PREV_CURR_00943,1982
050350_SEG_CURR_NEXT_00942,1983
050308_SEG_PREV_CURR_00958,1984
050673_SEG_TURN_00651,1985
050606_SEG_TURN_00575,1986
050492_SEG_TURN_00637,1987
050615_SEG_TURN_00619,1988
050308_SEG_PREV_CURR_00101,1989
050308_SEG_CURR_NEXT_00100,1990
050673_SEG_TURN_00155,1991
050673_SEG_TURN_00963,1992
050673_SEG_PREV_CURR_00964,1993
050673_SEG_CURR_NEXT_00963,1994
050673_SEG_CURR_NEXT_00962,1995
050673_SEG_PREV_CURR_00963,1996
050673_SEG_TURN_00105,1997
050673_SEG_CURR_NEXT_00364,1998
050673_SEG_PREV_CURR_00365,1999
050673_SEG_TURN_00100,2000
050673_SEG_TURN_00102,2001
050673_SEG_TURN_00961,2002
050673_SEG_CURR_NEXT_00104,2003
050673_SEG_PREV_CURR_00105,2004
050673_SEG_CURR_NEXT_00100,2005
050673_SEG_PREV_CURR_00101,2006
050673_SEG_CURR_NEXT_00099,2007
050673_SEG_PREV_CURR_00100,2008
050430_SEG_TURN_00708,2009
050673_SEG_TURN_00362,2010
050673_SEG_PREV_CURR_00102,2011
050673_SEG_CURR_NEXT_00101,2012
050673_SEG_CURR_NEXT_00105,2013
050673_SEG_PREV_CURR_00106,2014
050673_SEG_PREV_CURR_00961,2015
050673_SEG_CURR_NEXT_00960,2016
050673_SEG_CURR_NEXT_00361,2017
050673_SEG_PREV_CURR_00362,2018
050673_SEG_TURN_00107,2019
050673_SEG_PREV_CURR_00103,2020
050673_SEG_CURR_NEXT_00102,2021
050673_SEG_PREV_CURR_00962,2022
050673_SEG_CURR_NEXT_00961,2023
050673_SEG_TURN_00965,2024
050673_SEG_CURR_NEXT_00362,2025
050492_SEG_TURN_00460,2026
050615_SEG_TURN_01422,2027
050673_SEG_CURR_NEXT_01013,2028
050673_SEG_PREV_CURR_01014,2029
050492_SEG_TURN_00159,2030
050673_SEG_PREV_CURR_01013,2031
050673_SEG_CURR_NEXT_01012,2032
050492_SEG_PREV_CURR_00460,2033
050492_SEG_CURR_NEXT_00459,2034
050615_SEG_PREV_CURR_01422,2035
050615_SEG_CURR_NEXT_01421,2036
050615_SEG_PREV_CURR_01423,2037
050615_SEG_CURR_NEXT_01422,2038
050673_SEG_TURN_00517,2039
050673_SEG_CURR_NEXT_00517,2040
050673_SEG_PREV_CURR_00518,2041
050673_SEG_PREV_CURR_00517,2042
050673_SEG_CURR_NEXT_00516,2043
050492_SEG_CURR_NEXT_00460,2044
050430_SEG_TURN_00058,2045
050606_SEG_TURN_01639,2046
050606_SEG_CURR_NEXT_01638,2047
050606_SEG_PREV_CURR_01639,2048
050606_SEG_CURR_NEXT_01639,2049
050606_SEG_PREV_CURR_01640,2050
050492_SEG_TURN_01185,2051
050673_SEG_TURN_00254,2052
050492_SEG_CURR_NEXT_01184,2053
050492_SEG_PREV_CURR_01185,2054
050430_SEG_PREV_CURR_00058,2055
050430_SEG_CURR_NEXT_00057,2056
050308_SEG_CURR_NEXT_00284,2057
050308_SEG_PREV_CURR_00285,2058
050308_SEG_TURN_00284,2059
050430_SEG_PREV_CURR_00059,2060
050430_SEG_CURR_NEXT_00058,2061
050308_SEG_PREV_CURR_00284,2062
050308_SEG_CURR_NEXT_00283,2063
050673_SEG_TURN_00334,2064
050615_SEG_TURN_00754,2065
050673_SEG_CURR_NEXT_00253,2066
050673_SEG_PREV_CURR_00254,2067
050673_SEG_PREV_CURR_00335,2068
050673_SEG_CURR_NEXT_00334,2069
050615_SEG_PREV_CURR_00755,2070
050615_SEG_CURR_NEXT_00754,2071
050673_SEG_CURR_NEXT_00333,2072
050673_SEG_PREV_CURR_00334,2073
050606_SEG_TURN_00011,2074
050673_SEG_TURN_00603,2075
050606_SEG_PREV_CURR_00012,2076
050606_SEG_CURR_NEXT_00011,2077
050606_SEG_CURR_NEXT_00010,2078
050606_SEG_PREV_CURR_00011,2079
050308_SEG_TURN_00282,2080
050492_SEG_TURN_01314,2081
050308_SEG_PREV_CURR_00283,2082
050308_SEG_CURR_NEXT_00282,2083
050308_SEG_TURN_00286,2084
050673_SEG_TURN_01036,2085
050430_SEG_TURN_01146,2086
050308_SEG_TURN_00747,2087
050430_SEG_PREV_CURR_01146,2088
050430_SEG_CURR_NEXT_01145,2089
050308_SEG_PREV_CURR_00747,2090
050308_SEG_CURR_NEXT_00746,2091
050673_SEG_PREV_CURR_01037,2092
050673_SEG_CURR_NEXT_01036,2093
050430_SEG_CURR_NEXT_01146,2094
050430_SEG_PREV_CURR_01147,2095
050308_SEG_PREV_CURR_00286,2096
050308_SEG_CURR_NEXT_00285,2097
050308_SEG_TURN_00292,2098
050673_SEG_CURR_NEXT_01035,2099
050673_SEG_PREV_CURR_01036,2100
050308_SEG_CURR_NEXT_00291,2101
050308_SEG_PREV_CURR_00292,2102
050308_SEG_PREV_CURR_00282,2103
050308_SEG_CURR_NEXT_00281,2104
050308_SEG_CURR_NEXT_00292,2105
050308_SEG_PREV_CURR_00293,2106
050430_SEG_PREV_CURR_01148,2107
050430_SEG_CURR_NEXT_01147,2108
050673_SEG_TURN_01029,2109
050308_SEG_TURN_00001,2110
050308_SEG_PREV_CURR_00748,2111
050308_SEG_CURR_NEXT_00747,2112
050673_SEG_CURR_NEXT_01028,2113
050673_SEG_PREV_CURR_01029,2114
050308_SEG_TURN_01066,2115
050430_SEG_TURN_01147,2116
050308_SEG_TURN_00745,2117
050308_SEG_CURR_NEXT_00745,2118
050308_SEG_PREV_CURR_00746,2119
050308_SEG_CURR_NEXT_01066,2120
050308_SEG_PREV_CURR_01067,2121
050308_SEG_PREV_CURR_00745,2122
050308_SEG_CURR_NEXT_00744,2123
050615_SEG_TURN_00283,2124
050615_SEG_PREV_CURR_00284,2125
050615_SEG_CURR_NEXT_00283,2126
050615_SEG_TURN_00825,2127
050615_SEG_CURR_NEXT_00282,2128
050615_SEG_PREV_CURR_00283,2129
050308_SEG_CURR_NEXT_00289,2130
050308_SEG_PREV_CURR_00290,2131
050308_SEG_TURN_00289,2132
050308_SEG_PREV_CURR_00289,2133
050308_SEG_CURR_NEXT_00288,2134
050615_SEG_PREV_CURR_00825,2135
050615_SEG_CURR_NEXT_00824,2136
050615_SEG_TURN_00973,2137
050606_SEG_TURN_00091,2138
050308_SEG_TURN_00290,2139
050615_SEG_TURN_01366,2140
050615_SEG_TURN_00080,2141
050615_SEG_PREV_CURR_00826,2142
050615_SEG_CURR_NEXT_00825,2143
050615_SEG_CURR_NEXT_01366,2144
050615_SEG_PREV_CURR_01367,2145
050615_SEG_CURR_NEXT_00080,2146
050615_SEG_PREV_CURR_00081,2147
050615_SEG_PREV_CURR_00080,2148
050615_SEG_CURR_NEXT_00079,2149
050606_SEG_PREV_CURR_00092,2150
050606_SEG_CURR_NEXT_00091,2151
050615_SEG_PREV_CURR_00973,2152
050615_SEG_CURR_NEXT_00972,2153
050606_SEG_TURN_00723,2154
050615_SEG_PREV_CURR_00974,2155
050615_SEG_CURR_NEXT_00973,2156
050308_SEG_CURR_NEXT_00290,2157
050308_SEG_PREV_CURR_00291,2158
050606_SEG_CURR_NEXT_00090,2159
050606_SEG_PREV_CURR_00091,2160
050606_SEG_CURR_NEXT_00722,2161
050606_SEG_PREV_CURR_00723,2162
050615_SEG_CURR_NEXT_01365,2163
050615_SEG_PREV_CURR_01366,2164
050606_SEG_TURN_00146,2165
050606_SEG_PREV_CURR_00724,2166
050606_SEG_CURR_NEXT_00723,2167
050606_SEG_PREV_CURR_00147,2168
050308_SEG_TURN_00406,2169
050308_SEG_CURR_NEXT_00405,2170
050308_SEG_PREV_CURR_00406,2171
050308_SEG_CURR_NEXT_00406,2172
050308_SEG_PREV_CURR_00407,2173
050615_SEG_TURN_01102,2174
050615_SEG_TURN_01084,2175
050615_SEG_PREV_CURR_01103,2176
050615_SEG_CURR_NEXT_01102,2177
050673_SEG_TURN_00640,2178
050308_SEG_TURN_00400,2179
050673_SEG_PREV_CURR_00641,2180
050673_SEG_CURR_NEXT_00640,2181
050308_SEG_CURR_NEXT_00399,2182
050308_SEG_PREV_CURR_00400,2183
050673_SEG_CURR_NEXT_00639,2184
050673_SEG_PREV_CURR_00640,2185
050308_SEG_PREV_CURR_00401,2186
050308_SEG_CURR_NEXT_00400,2187
050615_SEG_TURN_00827,2188
050430_SEG_TURN_00785,2189
050606_SEG_TURN_00549,2190
050615_SEG_TURN_00004,2191
050492_SEG_TURN_00004,2192
050350_SEG_TURN_01105,2193
050673_SEG_TURN_00004,2194
050430_SEG_PREV_CURR_00786,2195
050430_SEG_CURR_NEXT_00785,2196
050492_SEG_TURN_00624,2197
050350_SEG_CURR_NEXT_01105,2198
050350_SEG_PREV_CURR_01106,2199
050606_SEG_TURN_00004,2200
050615_SEG_PREV_CURR_01084,2201
050615_SEG_CURR_NEXT_01083,2202
050615_SEG_CURR_NEXT_00827,2203
050615_SEG_PREV_CURR_00828,2204
050606_SEG_CURR_NEXT_00548,2205
050606_SEG_PREV_CURR_00549,2206
050606_SEG_CURR_NEXT_00549,2207
050606_SEG_PREV_CURR_00550,2208
050615_SEG_TURN_00664,2209
050615_SEG_CURR_NEXT_00664,2210
050615_SEG_PREV_CURR_00665,2211
050606_SEG_TURN_01675,2212
050606_SEG_TURN_00343,2213
050615_SEG_CURR_NEXT_00663,2214
050615_SEG_PREV_CURR_00664,2215
050606_SEG_PREV_CURR_00343,2216
050606_SEG_CURR_NEXT_00342,2217
050606_SEG_PREV_CURR_00344,2218
050606_SEG_CURR_NEXT_00343,2219
050606_SEG_CURR_NEXT_01674,2220
050606_SEG_PREV_CURR_01675,2221
050606_SEG_PREV_CURR_01676,2222
050606_SEG_CURR_NEXT_01675,2223
050606_SEG_PREV_CURR_01331,2224
050606_SEG_CURR_NEXT_01330,2225
050606_SEG_TURN_01677,2226
050606_SEG_CURR_NEXT_01676,2227
050606_SEG_PREV_CURR_01677,2228
050606_SEG_PREV_CURR_01678,2229
050606_SEG_CURR_NEXT_01677,2230
050606_SEG_PREV_CURR_01330,2231
050606_SEG_CURR_NEXT_01329,2232
050615_SEG_TURN_01273,2233
050615_SEG_PREV_CURR_01273,2234
050615_SEG_CURR_NEXT_01272,2235
050615_SEG_PREV_CURR_01274,2236
050615_SEG_CURR_NEXT_01273,2237
050350_SEG_TURN_00867,2238
050308_SEG_CURR_NEXT_00300,2239
050308_SEG_PREV_CURR_00301,2240
050350_SEG_TURN_00164,2241
050350_SEG_CURR_NEXT_00164,2242
050350_SEG_PREV_CURR_00165,2243
050308_SEG_TURN_00300,2244
050350_SEG_CURR_NEXT_00163,2245
050350_SEG_PREV_CURR_00164,2246
050308_SEG_CURR_NEXT_00299,2247
050308_SEG_PREV_CURR_00300,2248
050308_SEG_TURN_00301,2249
050615_SEG_TURN_01180,2250
050350_SEG_TURN_01383,2251
050350_SEG_PREV_CURR_00867,2252
050350_SEG_CURR_NEXT_00866,2253
050350_SEG_CURR_NEXT_00867,2254
050350_SEG_PREV_CURR_00868,2255
050430_SEG_TURN_00669,2256
050430_SEG_TURN_01078,2257
050606_SEG_TURN_01289,2258
050606_SEG_PREV_CURR_01290,2259
050606_SEG_CURR_NEXT_01289,2260
050606_SEG_CURR_NEXT_01288,2261
050606_SEG_PREV_CURR_01289,2262
050492_SEG_PREV_CURR_00724,2263
050492_SEG_CURR_NEXT_00723,2264
050308_SEG_PREV_CURR_00220,2265
050308_SEG_CURR_NEXT_00219,2266
050308_SEG_PREV_CURR_00219,2267
050308_SEG_CURR_NEXT_00218,2268
050606_SEG_PREV_CURR_01194,2269
050606_SEG_CURR_NEXT_01193,2270
050606_SEG_PREV_CURR_01193,2271
050606_SEG_CURR_NEXT_01192,2272
050350_SEG_TURN_01298,2273
050350_SEG_TURN_00418,2274
050308_SEG_TURN_00123,2275
050606_SEG_TURN_01290,2276
050350_SEG_TURN_00555,2277
050350_SEG_CURR_NEXT_01298,2278
050350_SEG_PREV_CURR_01299,2279
050350_SEG_CURR_NEXT_01297,2280
050350_SEG_PREV_CURR_01298,2281
050308_SEG_CURR_NEXT_00662,2282
050308_SEG_PREV_CURR_00663,2283
050606_SEG_TURN_00561,2284
050350_SEG_PREV_CURR_00418,2285
050606_SEG_TURN_01679,2286
050606_SEG_TURN_01683,2287
050606_SEG_CURR_NEXT_01682,2288
050606_SEG_PREV_CURR_01683,2289
050606_SEG_PREV_CURR_01679,2290
050606_SEG_CURR_NEXT_01678,2291
050606_SEG_TURN_00295,2292
050606_SEG_PREV_CURR_01684,2293
050606_SEG_CURR_NEXT_01683,2294
050606_SEG_CURR_NEXT_00294,2295
050606_SEG_PREV_CURR_00295,2296
050606_SEG_PREV_CURR_01680,2297
050606_SEG_CURR_NEXT_01679,2298
050606_SEG_CURR_NEXT_00295,2299
050606_SEG_PREV_CURR_00296,2300
050308_SEG_TURN_00052,2301
050308_SEG_PREV_CURR_00053,2302
050308_SEG_CURR_NEXT_00052,2303
050615_SEG_TURN_01269,2304
050308_SEG_PREV_CURR_00052,2305
050308_SEG_CURR_NEXT_00051,2306
050615_SEG_PREV_CURR_01270,2307
050615_SEG_CURR_NEXT_01269,2308
050615_SEG_PREV_CURR_01269,2309
050615_SEG_CURR_NEXT_01268,2310
050606_SEG_TURN_00315,2311
050606_SEG_PREV_CURR_00315,2312
050606_SEG_CURR_NEXT_00314,2313
050606_SEG_TURN_01681,2314
050606_SEG_PREV_CURR_00316,2315
050606_SEG_CURR_NEXT_00315,2316
050606_SEG_CURR_NEXT_01681,2317
050606_SEG_PREV_CURR_01682,2318
050606_SEG_TURN_00303,2319
050606_SEG_PREV_CURR_00304,2320
050606_SEG_CURR_NEXT_00303,2321
050606_SEG_PREV_CURR_00303,2322
050606_SEG_CURR_NEXT_00302,2323
050350_SEG_TURN_00900,2324
050615_SEG_TURN_01175,2325
050492_SEG_CURR_NEXT_01368,2326
050615_SEG_CURR_NEXT_01185,2327
050615_SEG_PREV_CURR_01186,2328
050615_SEG_TURN_01185,2329
050615_SEG_CURR_NEXT_01184,2330
050615_SEG_PREV_CURR_01185,2331
050615_SEG_TURN_00627,2332
050615_SEG_CURR_NEXT_00626,2333
050615_SEG_PREV_CURR_00627,2334
050615_SEG_CURR_NEXT_00627,2335
050615_SEG_PREV_CURR_00628,2336
050615_SEG_TURN_01186,2337
050615_SEG_TURN_00623,2338
050615_SEG_PREV_CURR_00624,2339
050615_SEG_CURR_NEXT_00623,2340
050615_SEG_PREV_CURR_00623,2341
050615_SEG_CURR_NEXT_00622,2342
050615_SEG_CURR_NEXT_01186,2343
050615_SEG_PREV_CURR_01187,2344
050615_SEG_CURR_NEXT_00624,2345
050615_SEG_PREV_CURR_00625,2346
050615_SEG_CURR_NEXT_00625,2347
050615_SEG_PREV_CURR_00626,2348
050615_SEG_TURN_00625,2349
050615_SEG_TURN_00651,2350
050615_SEG_TURN_01101,2351
050615_SEG_CURR_NEXT_00650,2352
050615_SEG_PREV_CURR_00651,2353
050615_SEG_PREV_CURR_01101,2354
050615_SEG_CURR_NEXT_01100,2355
050615_SEG_CURR_NEXT_01101,2356
050615_SEG_PREV_CURR_01102,2357
050615_SEG_PREV_CURR_00998,2358
050615_SEG_CURR_NEXT_00997,2359
050615_SEG_TURN_00998,2360
050615_SEG_TURN_00997,2361
050615_SEG_CURR_NEXT_00998,2362
050615_SEG_PREV_CURR_00999,2363
050615_SEG_TURN_00819,2364
050615_SEG_CURR_NEXT_00819,2365
050615_SEG_PREV_CURR_00820,2366
050615_SEG_CURR_NEXT_00651,2367
050615_SEG_PREV_CURR_00652,2368
050606_SEG_TURN_00858,2369
050606_SEG_TURN_01407,2370
050606_SEG_PREV_CURR_00859,2371
050606_SEG_CURR_NEXT_00858,2372
050615_SEG_TURN_00136,2373
050615_SEG_CURR_NEXT_00818,2374
050673_SEG_TURN_00293,2375
050673_SEG_PREV_CURR_00293,2376
050673_SEG_CURR_NEXT_00292,2377
050673_SEG_PREV_CURR_00294,2378
050673_SEG_CURR_NEXT_00293,2379
050615_SEG_TURN_00169,2380
050615_SEG_TURN_00017,2381
050615_SEG_CURR_NEXT_00016,2382
050615_SEG_PREV_CURR_00017,2383
050615_SEG_PREV_CURR_01085,2384
050615_SEG_CURR_NEXT_01084,2385
050615_SEG_PREV_CURR_00170,2386
050615_SEG_CURR_NEXT_00169,2387
050615_SEG_CURR_NEXT_00168,2388
050615_SEG_PREV_CURR_00169,2389
050615_SEG_PREV_CURR_00018,2390
050615_SEG_CURR_NEXT_00017,2391
050615_SEG_TURN_01085,2392
050615_SEG_PREV_CURR_01086,2393
050615_SEG_CURR_NEXT_01085,2394
050615_SEG_TURN_01059,2395
050615_SEG_TURN_01330,2396
050615_SEG_CURR_NEXT_01329,2397
050615_SEG_PREV_CURR_01330,2398
050615_SEG_PREV_CURR_01331,2399
050615_SEG_CURR_NEXT_01330,2400
050492_SEG_TURN_01061,2401
050492_SEG_TURN_00992,2402
050615_SEG_TURN_01070,2403
050492_SEG_PREV_CURR_01062,2404
050606_SEG_CURR_NEXT_00125,2405
050606_SEG_PREV_CURR_00126,2406
050606_SEG_CURR_NEXT_00124,2407
050606_SEG_PREV_CURR_00125,2408
050673_SEG_TURN_00428,2409
050430_SEG_PREV_CURR_00843,2410
050430_SEG_CURR_NEXT_00842,2411
050606_SEG_CURR_NEXT_00871,2412
050606_SEG_PREV_CURR_00872,2413
050430_SEG_TURN_00842,2414
050606_SEG_TURN_00095,2415
050606_SEG_PREV_CURR_00871,2416
050606_SEG_CURR_NEXT_00870,2417
050430_SEG_PREV_CURR_00842,2418
050430_SEG_CURR_NEXT_00841,2419
050673_SEG_CURR_NEXT_00428,2420
050673_SEG_PREV_CURR_00429,2421
050615_SEG_TURN_00131,2422
050430_SEG_CURR_NEXT_00917,2423
050430_SEG_PREV_CURR_00918,2424
050430_SEG_TURN_00918,2425
050615_SEG_TURN_01228,2426
050430_SEG_TURN_00843,2427
050606_SEG_TURN_01005,2428
050615_SEG_TURN_01219,2429
050615_SEG_TURN_01038,2430
050615_SEG_TURN_01188,2431
050615_SEG_TURN_01008,2432
050615_SEG_TURN_01010,2433
050615_SEG_TURN_01018,2434
050615_SEG_TURN_00970,2435
050615_SEG_TURN_00972,2436
050615_SEG_TURN_01020,2437
050615_SEG_TURN_00632,2438
050615_SEG_TURN_01223,2439
050615_SEG_TURN_01229,2440
050615_SEG_TURN_01329,2441
050615_SEG_TURN_00626,2442
050615_SEG_TURN_00634,2443
050615_SEG_TURN_01333,2444
050615_SEG_TURN_00624,2445
050615_SEG_TURN_01190,2446
050615_SEG_TURN_01107,2447
050615_SEG_TURN_01105,2448
050615_SEG_CURR_NEXT_01219,2449
050615_SEG_PREV_CURR_01220,2450
050615_SEG_TURN_00630,2451
050615_SEG_TURN_01225,2452
050615_SEG_TURN_00622,2453
050615_SEG_TURN_00978,2454
050615_SEG_TURN_00974,2455
050615_SEG_TURN_01227,2456
050615_SEG_TURN_01075,2457
050615_SEG_TURN_01069,2458
050615_SEG_TURN_00132,2459
050615_SEG_TURN_01221,2460
050615_SEG_TURN_01036,2461
050615_SEG_TURN_01129,2462
050615_SEG_TURN_01006,2463
050615_SEG_TURN_00638,2464
050615_SEG_TURN_01307,2465
050615_SEG_CURR_NEXT_01328,2466
050615_SEG_PREV_CURR_01329,2467
050615_SEG_TURN_01111,2468
050615_SEG_TURN_00992,2469
050615_SEG_TURN_00824,2470
050615_SEG_TURN_01331,2471
050615_SEG_TURN_00436,2472
050615_SEG_TURN_00440,2473
050615_SEG_TURN_01073,2474
050615_SEG_TURN_01030,2475
050615_SEG_TURN_00814,2476
050615_SEG_TURN_01004,2477
050615_SEG_TURN_00990,2478
050615_SEG_TURN_00962,2479
050615_SEG_PREV_CURR_00963,2480
050615_SEG_CURR_NEXT_00962,2481
050430_SEG_TURN_00163,2482
050606_SEG_TURN_00629,2483
050606_SEG_CURR_NEXT_00629,2484
050606_SEG_PREV_CURR_00630,2485
050430_SEG_PREV_CURR_00164,2486
050430_SEG_CURR_NEXT_00163,2487
050430_SEG_CURR_NEXT_00784,2488
050430_SEG_PREV_CURR_00785,2489
050308_SEG_TURN_00232,2490
050308_SEG_TURN_00207,2491
050308_SEG_CURR_NEXT_00207,2492
050308_SEG_PREV_CURR_00208,2493
050492_SEG_TURN_01060,2494
050308_SEG_PREV_CURR_00207,2495
050308_SEG_CURR_NEXT_00206,2496
050673_SEG_TURN_00660,2497
050350_SEG_TURN_00973,2498
050615_SEG_TURN_01150,2499
050615_SEG_TURN_01504,2500
050430_SEG_CURR_NEXT_00162,2501
050430_SEG_PREV_CURR_00163,2502
050492_SEG_CURR_NEXT_01059,2503
050492_SEG_PREV_CURR_01060,2504
050430_SEG_CURR_NEXT_00167,2505
050430_SEG_PREV_CURR_00168,2506
050673_SEG_TURN_01125,2507
050492_SEG_TURN_01152,2508
050673_SEG_PREV_CURR_01125,2509
050673_SEG_CURR_NEXT_01124,2510
050430_SEG_TURN_01168,2511
050430_SEG_TURN_00168,2512
050430_SEG_CURR_NEXT_01168,2513
050430_SEG_PREV_CURR_01169,2514
050615_SEG_CURR_NEXT_00958,2515
050615_SEG_PREV_CURR_00959,2516
050615_SEG_CURR_NEXT_00959,2517
050615_SEG_PREV_CURR_00960,2518
050615_SEG_TURN_00959,2519
050430_SEG_CURR_NEXT_01167,2520
050430_SEG_PREV_CURR_01168,2521
050350_SEG_TURN_01127,2522
050492_SEG_CURR_NEXT_01151,2523
050492_SEG_PREV_CURR_01152,2524
050673_SEG_TURN_00013,2525
050673_SEG_CURR_NEXT_00013,2526
050673_SEG_PREV_CURR_00014,2527
050673_SEG_CURR_NEXT_00012,2528
050673_SEG_PREV_CURR_00013,2529
050350_SEG_TURN_00342,2530
050350_SEG_CURR_NEXT_01126,2531
050350_SEG_PREV_CURR_01127,2532
050492_SEG_CURR_NEXT_01152,2533
050492_SEG_PREV_CURR_01153,2534
050350_SEG_PREV_CURR_00433,2535
050350_SEG_CURR_NEXT_00432,2536
050673_SEG_CURR_NEXT_01125,2537
050673_SEG_PREV_CURR_01126,2538
050430_SEG_CURR_NEXT_00168,2539
050430_SEG_PREV_CURR_00169,2540
050606_SEG_TURN_00416,2541
050673_SEG_TURN_00525,2542
050308_SEG_TURN_00800,2543
050492_SEG_TURN_00748,2544
050350_SEG_PREV_CURR_01128,2545
050350_SEG_CURR_NEXT_01127,2546
050673_SEG_PREV_CURR_00526,2547
050606_SEG_CURR_NEXT_00429,2548
050606_SEG_PREV_CURR_00430,2549
050350_SEG_TURN_00542,2550
050350_SEG_PREV_CURR_00542,2551
050350_SEG_CURR_NEXT_00541,2552
050615_SEG_TURN_00095,2553
050615_SEG_CURR_NEXT_00094,2554
050615_SEG_PREV_CURR_00095,2555
050615_SEG_CURR_NEXT_00095,2556
050615_SEG_PREV_CURR_00096,2557
050350_SEG_PREV_CURR_00543,2558
050350_SEG_CURR_NEXT_00542,2559
050615_SEG_PREV_CURR_00453,2560
050615_SEG_CURR_NEXT_00452,2561
050673_SEG_TURN_01041,2562
050492_SEG_TURN_00156,2563
050673_SEG_TURN_00736,2564
050615_SEG_TURN_00452,2565
050673_SEG_TURN_00742,2566
050615_SEG_CURR_NEXT_00451,2567
050615_SEG_PREV_CURR_00452,2568
050492_SEG_TURN_01018,2569
050673_SEG_TURN_00732,2570
050615_SEG_CURR_NEXT_01048,2571
050615_SEG_PREV_CURR_01049,2572
050615_SEG_TURN_01196,2573
050492_SEG_PREV_CURR_00157,2574
050492_SEG_CURR_NEXT_00156,2575
050492_SEG_TURN_00031,2576
050492_SEG_PREV_CURR_00031,2577
050492_SEG_CURR_NEXT_00030,2578
050492_SEG_PREV_CURR_01019,2579
050492_SEG_CURR_NEXT_01018,2580
050606_SEG_TURN_00023,2581
050615_SEG_CURR_NEXT_01196,2582
050615_SEG_PREV_CURR_01197,2583
050673_SEG_PREV_CURR_00732,2584
050673_SEG_CURR_NEXT_00731,2585
050606_SEG_PREV_CURR_00024,2586
050606_SEG_CURR_NEXT_00023,2587
050606_SEG_PREV_CURR_00023,2588
050606_SEG_CURR_NEXT_00022,2589
050673_SEG_PREV_CURR_00736,2590
050615_SEG_TURN_00893,2591
050615_SEG_CURR_NEXT_00893,2592
050615_SEG_PREV_CURR_00894,2593
050615_SEG_CURR_NEXT_00892,2594
050615_SEG_PREV_CURR_00893,2595
050308_SEG_TURN_00418,2596
050308_SEG_CURR_NEXT_00418,2597
050308_SEG_PREV_CURR_00419,2598
050673_SEG_TURN_00207,2599
050308_SEG_CURR_NEXT_00417,2600
050308_SEG_PREV_CURR_00418,2601
050673_SEG_TURN_01170,2602
050615_SEG_TURN_00759,2603
050615_SEG_TURN_01342,2604
050606_SEG_TURN_01197,2605
050606_SEG_PREV_CURR_01197,2606
050606_SEG_CURR_NEXT_01196,2607
050606_SEG_TURN_01017,2608
050606_SEG_PREV_CURR_01198,2609
050606_SEG_CURR_NEXT_01197,2610
050492_SEG_TURN_01046,2611
050615_SEG_TURN_00200,2612
050606_SEG_PREV_CURR_01017,2613
050606_SEG_CURR_NEXT_01016,2614
050615_SEG_TURN_01212,2615
050615_SEG_PREV_CURR_01196,2616
050615_SEG_CURR_NEXT_01195,2617
050615_SEG_PREV_CURR_01212,2618
050615_SEG_CURR_NEXT_01211,2619
050615_SEG_PREV_CURR_01213,2620
050615_SEG_CURR_NEXT_01212,2621
050615_SEG_TURN_01202,2622
050615_SEG_CURR_NEXT_01201,2623
050615_SEG_PREV_CURR_01202,2624
050615_SEG_CURR_NEXT_01202,2625
050615_SEG_PREV_CURR_01203,2626
050615_SEG_TURN_01214,2627
050615_SEG_CURR_NEXT_01213,2628
050615_SEG_PREV_CURR_01214,2629
050615_SEG_CURR_NEXT_01314,2630
050615_SEG_PREV_CURR_01315,2631
050615_SEG_CURR_NEXT_01210,2632
050615_SEG_PREV_CURR_01211,2633
050615_SEG_TURN_01210,2634
050615_SEG_CURR_NEXT_01209,2635
050615_SEG_PREV_CURR_01210,2636
050615_SEG_PREV_CURR_00182,2637
050615_SEG_PREV_CURR_01215,2638
050615_SEG_CURR_NEXT_01214,2639
050615_SEG_PREV_CURR_01347,2640
050615_SEG_CURR_NEXT_01346,2641
050615_SEG_TURN_01346,2642
050615_SEG_CURR_NEXT_01345,2643
050615_SEG_PREV_CURR_01346,2644
050615_SEG_TURN_01349,2645
050615_SEG_TURN_01213,2646
050615_SEG_TURN_01351,2647
050615_SEG_TURN_00467,2648
050615_SEG_TURN_01201,2649
050615_SEG_TURN_01316,2650
050615_SEG_TURN_01205,2651
050615_SEG_TURN_00453,2652
050615_SEG_TURN_01250,2653
050308_SEG_TURN_00317,2654
050615_SEG_TURN_00179,2655
050615_SEG_CURR_NEXT_00179,2656
050615_SEG_PREV_CURR_00180,2657
050615_SEG_CURR_NEXT_00178,2658
050615_SEG_PREV_CURR_00179,2659
050308_SEG_CURR_NEXT_00316,2660
050308_SEG_PREV_CURR_00317,2661
050615_SEG_CURR_NEXT_01051,2662
050615_SEG_PREV_CURR_01052,2663
050615_SEG_PREV_CURR_01051,2664
050615_SEG_CURR_NEXT_01050,2665
050615_SEG_TURN_01051,2666
050615_SEG_TURN_00461,2667
050615_SEG_TURN_00800,2668
050673_SEG_TURN_00863,2669
050615_SEG_PREV_CURR_01201,2670
050615_SEG_CURR_NEXT_01200,2671
050615_SEG_CURR_NEXT_00461,2672
050615_SEG_PREV_CURR_00462,2673
050673_SEG_PREV_CURR_00863,2674
050673_SEG_CURR_NEXT_00862,2675
050615_SEG_CURR_NEXT_01199,2676
050615_SEG_PREV_CURR_01200,2677
050673_SEG_CURR_NEXT_00863,2678
050673_SEG_PREV_CURR_00864,2679
050615_SEG_PREV_CURR_00461,2680
050615_SEG_CURR_NEXT_00460,2681
050615_SEG_TURN_01456,2682
050606_SEG_TURN_01597,2683
050615_SEG_PREV_CURR_01456,2684
050615_SEG_CURR_NEXT_01455,2685
050615_SEG_PREV_CURR_01457,2686
050615_SEG_CURR_NEXT_01456,2687
050673_SEG_TURN_00185,2688
050673_SEG_TURN_00806,2689
050492_SEG_TURN_00850,2690
050606_SEG_CURR_NEXT_01596,2691
050606_SEG_PREV_CURR_01597,2692
050430_SEG_CURR_NEXT_00735,2693
050430_SEG_PREV_CURR_00736,2694
050492_SEG_CURR_NEXT_00849,2695
050492_SEG_PREV_CURR_00850,2696
050492_SEG_PREV_CURR_00851,2697
050492_SEG_CURR_NEXT_00850,2698
050673_SEG_PREV_CURR_00806,2699
050673_SEG_CURR_NEXT_00805,2700
050606_SEG_CURR_NEXT_01015,2701
050606_SEG_PREV_CURR_01016,2702
050606_SEG_TURN_01011,2703
050673_SEG_CURR_NEXT_00184,2704
050673_SEG_PREV_CURR_00185,2705
050673_SEG_CURR_NEXT_00185,2706
050673_SEG_PREV_CURR_00186,2707
050673_SEG_CURR_NEXT_00806,2708
050673_SEG_PREV_CURR_00807,2709
050606_SEG_TURN_01382,2710
050615_SEG_TURN_01360,2711
050308_SEG_CURR_NEXT_00741,2712
050308_SEG_PREV_CURR_00742,2713
050430_SEG_CURR_NEXT_01139,2714
050430_SEG_PREV_CURR_01140,2715
050606_SEG_PREV_CURR_01012,2716
050606_SEG_CURR_NEXT_01011,2717
050673_SEG_TURN_00459,2718
050673_SEG_TURN_00519,2719
050673_SEG_TURN_00625,2720
050673_SEG_TURN_00088,2721
050673_SEG_TURN_00476,2722
050673_SEG_TURN_00470,2723
050430_SEG_TURN_00156,2724
050673_SEG_TURN_00633,2725
050430_SEG_TURN_00148,2726
050673_SEG_TURN_00435,2727
050673_SEG_TURN_00936,2728
050430_SEG_TURN_00146,2729
050673_SEG_TURN_00074,2730
050673_SEG_TURN_00621,2731
050673_SEG_TURN_00617,2732
050673_SEG_TURN_00619,2733
050430_SEG_TURN_00136,2734
050673_SEG_TURN_00072,2735
050673_SEG_TURN_00141,2736
050673_SEG_TURN_00506,2737
050673_SEG_TURN_00078,2738
050430_SEG_TURN_00138,2739
050673_SEG_TURN_00445,2740
050673_SEG_TURN_00070,2741
050673_SEG_TURN_00439,2742
050673_SEG_TURN_00129,2743
050673_SEG_TURN_00437,2744
050673_SEG_TURN_00335,2745
050673_SEG_TURN_00147,2746
050673_SEG_TURN_00498,2747
050673_SEG_TURN_00449,2748
050673_SEG_TURN_00496,2749
050673_SEG_TURN_00504,2750
050673_SEG_TURN_00337,2751
050673_SEG_CURR_NEXT_00935,2752
050673_SEG_PREV_CURR_00936,2753
050673_SEG_TURN_00096,2754
050673_SEG_CURR_NEXT_00129,2755
050673_SEG_PREV_CURR_00130,2756
050673_SEG_TURN_00482,2757
050673_SEG_TURN_00076,2758
050673_SEG_TURN_00080,2759
050673_SEG_TURN_00131,2760
050673_SEG_TURN_00135,2761
050673_SEG_TURN_00453,2762
050673_SEG_TURN_00890,2763
050673_SEG_TURN_00892,2764
050673_SEG_TURN_00068,2765
050673_SEG_TURN_00333,2766
050673_SEG_TURN_00139,2767
050673_SEG_PREV_CURR_00196,2768
050673_SEG_CURR_NEXT_00195,2769
050350_SEG_CURR_NEXT_00106,2770
050350_SEG_PREV_CURR_00107,2771
050673_SEG_TURN_00029,2772
050673_SEG_CURR_NEXT_00029,2773
050673_SEG_PREV_CURR_00030,2774
050673_SEG_CURR_NEXT_00028,2775
050673_SEG_PREV_CURR_00029,2776
050673_SEG_TURN_00480,2777
050673_SEG_PREV_CURR_00480,2778
050673_SEG_CURR_NEXT_00479,2779
050673_SEG_PREV_CURR_00481,2780
050673_SEG_CURR_NEXT_00480,2781
050606_SEG_TURN_01693,2782
050492_SEG_TURN_01619,2783
050615_SEG_TURN_01532,2784
050492_SEG_PREV_CURR_01619,2785
050492_SEG_CURR_NEXT_01618,2786
050615_SEG_CURR_NEXT_01531,2787
050615_SEG_PREV_CURR_01532,2788
050673_SEG_TURN_00162,2789
050673_SEG_PREV_CURR_01197,2790
050673_SEG_CURR_NEXT_01196,2791
050492_SEG_CURR_NEXT_01619,2792
050492_SEG_PREV_CURR_01620,2793
050673_SEG_TURN_00267,2794
050673_SEG_CURR_NEXT_00161,2795
050673_SEG_PREV_CURR_00162,2796
050615_SEG_TURN_00411,2797
050308_SEG_TURN_00684,2798
050308_SEG_PREV_CURR_00684,2799
050308_SEG_CURR_NEXT_00683,2800
050606_SEG_PREV_CURR_01694,2801
050606_SEG_CURR_NEXT_01693,2802
050673_SEG_TURN_00148,2803
050673_SEG_CURR_NEXT_00162,2804
050673_SEG_PREV_CURR_00163,2805
050673_SEG_PREV_CURR_00148,2806
050673_SEG_CURR_NEXT_00147,2807
050615_SEG_CURR_NEXT_01532,2808
050615_SEG_PREV_CURR_01533,2809
050308_SEG_PREV_CURR_00685,2810
050673_SEG_PREV_CURR_00207,2811
050673_SEG_CURR_NEXT_00206,2812
050673_SEG_PREV_CURR_00445,2813
050673_SEG_CURR_NEXT_00444,2814
050673_SEG_TURN_00199,2815
050673_SEG_PREV_CURR_00604,2816
050673_SEG_CURR_NEXT_00603,2817
050673_SEG_CURR_NEXT_00198,2818
050673_SEG_PREV_CURR_00199,2819
050673_SEG_CURR_NEXT_00199,2820
050673_SEG_PREV_CURR_00200,2821
050673_SEG_TURN_00614,2822
050673_SEG_PREV_CURR_00603,2823
050673_SEG_CURR_NEXT_00602,2824
050350_SEG_TURN_00468,2825
050673_SEG_CURR_NEXT_00196,2826
050673_SEG_PREV_CURR_00197,2827
050606_SEG_TURN_00005,2828
050673_SEG_PREV_CURR_00208,2829
050673_SEG_CURR_NEXT_00207,2830
050606_SEG_PREV_CURR_00006,2831
050606_SEG_CURR_NEXT_00005,2832
050673_SEG_CURR_NEXT_00222,2833
050673_SEG_PREV_CURR_00223,2834
050673_SEG_TURN_00598,2835
050673_SEG_TURN_00893,2836
050673_SEG_CURR_NEXT_00210,2837
050673_SEG_PREV_CURR_00211,2838
050673_SEG_TURN_00210,2839
050606_SEG_TURN_00155,2840
050673_SEG_TURN_00217,2841
050606_SEG_CURR_NEXT_00154,2842
050606_SEG_PREV_CURR_00155,2843
050673_SEG_CURR_NEXT_00217,2844
050673_SEG_PREV_CURR_00218,2845
050673_SEG_CURR_NEXT_00216,2846
050673_SEG_PREV_CURR_00217,2847
050308_SEG_TURN_00209,2848
050492_SEG_TURN_00226,2849
050308_SEG_CURR_NEXT_00208,2850
050308_SEG_PREV_CURR_00209,2851
050308_SEG_CURR_NEXT_00209,2852
050308_SEG_PREV_CURR_00210,2853
050673_SEG_TURN_00847,2854
050492_SEG_TURN_00594,2855
050615_SEG_TURN_00791,2856
050673_SEG_CURR_NEXT_00847,2857
050673_SEG_PREV_CURR_00848,2858
050615_SEG_PREV_CURR_00792,2859
050615_SEG_CURR_NEXT_00791,2860
050606_SEG_PREV_CURR_00156,2861
050606_SEG_CURR_NEXT_00155,2862
050673_SEG_TURN_00582,2863
050673_SEG_CURR_NEXT_00211,2864
050673_SEG_PREV_CURR_00212,2865
050350_SEG_TURN_00965,2866
050673_SEG_PREV_CURR_00582,2867
050673_SEG_CURR_NEXT_00581,2868
050615_SEG_CURR_NEXT_00790,2869
050615_SEG_PREV_CURR_00791,2870
050492_SEG_CURR_NEXT_00594,2871
050615_SEG_TURN_01352,2872
050606_SEG_TURN_01502,2873
050606_SEG_TURN_01217,2874
050606_SEG_TURN_01468,2875
050606_SEG_TURN_01464,2876
050606_SEG_TURN_01225,2877
050606_SEG_TURN_01510,2878
050606_SEG_TURN_01215,2879
050606_SEG_TURN_01446,2880
050606_SEG_TURN_01508,2881
050606_SEG_TURN_01448,2882
050606_SEG_TURN_01512,2883
050606_SEG_TURN_01219,2884
050606_SEG_CURR_NEXT_01464,2885
050606_SEG_PREV_CURR_01465,2886
050606_SEG_TURN_01452,2887
050615_SEG_CURR_NEXT_01351,2888
050615_SEG_PREV_CURR_01352,2889
050606_SEG_TURN_01460,2890
050606_SEG_CURR_NEXT_01221,2891
050606_SEG_PREV_CURR_01222,2892
050606_SEG_TURN_01458,2893
050606_SEG_CURR_NEXT_01228,2894
050606_SEG_PREV_CURR_01229,2895
050606_SEG_CURR_NEXT_01463,2896
050606_SEG_PREV_CURR_01464,2897
050606_SEG_TURN_01222,2898
050606_SEG_CURR_NEXT_01467,2899
050606_SEG_PREV_CURR_01468,2900
050606_SEG_PREV_CURR_01223,2901
050606_SEG_CURR_NEXT_01222,2902
050606_SEG_TURN_01221,2903
050606_SEG_PREV_CURR_01226,2904
050606_SEG_CURR_NEXT_01225,2905
050606_SEG_TURN_01498,2906
050606_SEG_TURN_01456,2907
050606_SEG_TURN_01514,2908
050606_SEG_TURN_01226,2909
050606_SEG_TURN_01229,2910
050615_SEG_PREV_CURR_01353,2911
050615_SEG_CURR_NEXT_01352,2912
050606_SEG_CURR_NEXT_01226,2913
050606_SEG_PREV_CURR_01227,2914
050606_SEG_PREV_CURR_01456,2915
050606_SEG_CURR_NEXT_01455,2916
050606_SEG_TURN_01228,2917
050606_SEG_PREV_CURR_01225,2918
050606_SEG_CURR_NEXT_01224,2919
050606_SEG_CURR_NEXT_01452,2920
050606_SEG_CURR_NEXT_01216,2921
050606_SEG_PREV_CURR_01217,2922
050606_SEG_CURR_NEXT_01215,2923
050606_SEG_PREV_CURR_01216,2924
050606_SEG_TURN_01216,2925
050606_SEG_TURN_01227,2926
050606_SEG_CURR_NEXT_01227,2927
050606_SEG_PREV_CURR_01228,2928
050606_SEG_CURR_NEXT_01219,2929
050606_SEG_PREV_CURR_01220,2930
050606_SEG_CURR_NEXT_01220,2931
050606_SEG_PREV_CURR_01221,2932
050606_SEG_TURN_01220,2933
050492_SEG_TURN_00410,2934
050492_SEG_CURR_NEXT_00410,2935
050492_SEG_PREV_CURR_00411,2936
050492_SEG_CURR_NEXT_00409,2937
050492_SEG_PREV_CURR_00410,2938
050606_SEG_TURN_01470,2939
050430_SEG_TURN_00877,2940
050606_SEG_CURR_NEXT_01470,2941
050606_SEG_PREV_CURR_01471,2942
050606_SEG_TURN_01104,2943
050430_SEG_CURR_NEXT_00876,2944
050430_SEG_PREV_CURR_00877,2945
050606_SEG_PREV_CURR_01470,2946
050606_SEG_CURR_NEXT_01469,2947
050606_SEG_TURN_00371,2948
050606_SEG_TURN_01110,2949
050606_SEG_CURR_NEXT_01107,2950
050606_SEG_PREV_CURR_01108,2951
050606_SEG_TURN_01472,2952
050606_SEG_PREV_CURR_01105,2953
050606_SEG_CURR_NEXT_01104,2954
050606_SEG_TURN_01108,2955
050606_SEG_CURR_NEXT_00370,2956
050606_SEG_PREV_CURR_00371,2957
050606_SEG_CURR_NEXT_01472,2958
050606_SEG_PREV_CURR_01473,2959
050606_SEG_CURR_NEXT_01109,2960
050606_SEG_PREV_CURR_01110,2961
050606_SEG_CURR_NEXT_01471,2962
050606_SEG_PREV_CURR_01472,2963
050606_SEG_CURR_NEXT_01103,2964
050606_SEG_PREV_CURR_01104,2965
050606_SEG_CURR_NEXT_00371,2966
050606_SEG_PREV_CURR_00372,2967
050606_SEG_CURR_NEXT_01108,2968
050606_SEG_PREV_CURR_01109,2969
050606_SEG_TURN_00517,2970
050606_SEG_CURR_NEXT_00516,2971
050606_SEG_PREV_CURR_00517,2972
050492_SEG_TURN_00232,2973
050492_SEG_TURN_00440,2974
050606_SEG_TURN_00568,2975
050673_SEG_TURN_00645,2976
050492_SEG_PREV_CURR_00233,2977
050492_SEG_CURR_NEXT_00232,2978
050606_SEG_PREV_CURR_00569,2979
050606_SEG_CURR_NEXT_00568,2980
050673_SEG_PREV_CURR_00645,2981
050673_SEG_CURR_NEXT_00644,2982
050606_SEG_PREV_CURR_00947,2983
050606_SEG_CURR_NEXT_00946,2984
050673_SEG_PREV_CURR_00646,2985
050673_SEG_CURR_NEXT_00645,2986
050308_SEG_TURN_00005,2987
050492_SEG_CURR_NEXT_00231,2988
050492_SEG_PREV_CURR_00232,2989
050492_SEG_TURN_00045,2990
050492_SEG_CURR_NEXT_00440,2991
050492_SEG_PREV_CURR_00441,2992
050492_SEG_TURN_01071,2993
050308_SEG_PREV_CURR_00005,2994
050308_SEG_CURR_NEXT_00004,2995
050492_SEG_PREV_CURR_00046,2996
050492_SEG_CURR_NEXT_00045,2997
050308_SEG_CURR_NEXT_00005,2998
050308_SEG_PREV_CURR_00006,2999
050492_SEG_CURR_NEXT_00044,3000
050492_SEG_PREV_CURR_00045,3001
050606_SEG_TURN_00947,3002
050492_SEG_PREV_CURR_01072,3003
050492_SEG_CURR_NEXT_01071,3004
050492_SEG_TURN_00007,3005
050606_SEG_CURR_NEXT_00737,3006
050492_SEG_TURN_00063,3007
050606_SEG_PREV_CURR_00737,3008
050606_SEG_CURR_NEXT_00736,3009
050308_SEG_TURN_00090,3010
050606_SEG_TURN_01629,3011
050606_SEG_TURN_01627,3012
050308_SEG_CURR_NEXT_00090,3013
050308_SEG_PREV_CURR_00091,3014
050606_SEG_CURR_NEXT_01629,3015
050606_SEG_PREV_CURR_01630,3016
050606_SEG_CURR_NEXT_01626,3017
050606_SEG_PREV_CURR_01627,3018
050308_SEG_CURR_NEXT_00089,3019
050308_SEG_PREV_CURR_00090,3020
050606_SEG_TURN_00025,3021
050606_SEG_PREV_CURR_00026,3022
050606_SEG_CURR_NEXT_00025,3023
050606_SEG_PREV_CURR_00025,3024
050606_SEG_CURR_NEXT_00024,3025
050606_SEG_CURR_NEXT_01627,3026
050606_SEG_PREV_CURR_01628,3027
050606_SEG_TURN_00739,3028
050350_SEG_TURN_01051,3029
050606_SEG_CURR_NEXT_00738,3030
050606_SEG_PREV_CURR_00739,3031
050606_SEG_PREV_CURR_01629,3032
050606_SEG_CURR_NEXT_01628,3033
050350_SEG_CURR_NEXT_01051,3034
050350_SEG_PREV_CURR_01052,3035
050606_SEG_PREV_CURR_00740,3036
050606_SEG_CURR_NEXT_00739,3037
050606_SEG_TURN_00156,3038
050606_SEG_CURR_NEXT_00156,3039
050606_SEG_PREV_CURR_00157,3040
050350_SEG_CURR_NEXT_01050,3041
050350_SEG_PREV_CURR_01051,3042
050615_SEG_TURN_00869,3043
050615_SEG_PREV_CURR_00870,3044
050615_SEG_CURR_NEXT_00869,3045
050606_SEG_CURR_NEXT_00567,3046
050492_SEG_TURN_00620,3047
050492_SEG_PREV_CURR_00621,3048
050492_SEG_CURR_NEXT_00620,3049
050492_SEG_CURR_NEXT_00619,3050
050492_SEG_PREV_CURR_00620,3051
050492_SEG_TURN_00614,3052
050606_SEG_TURN_01541,3053
050492_SEG_CURR_NEXT_00614,3054
050492_SEG_PREV_CURR_00615,3055
050492_SEG_PREV_CURR_00614,3056
050492_SEG_CURR_NEXT_00613,3057
050606_SEG_PREV_CURR_01541,3058
050606_SEG_CURR_NEXT_01540,3059
050430_SEG_TURN_00217,3060
050615_SEG_TURN_00194,3061
050615_SEG_PREV_CURR_00195,3062
050615_SEG_CURR_NEXT_00194,3063
050430_SEG_CURR_NEXT_00756,3064
050430_SEG_PREV_CURR_00757,3065
050492_SEG_TURN_00352,3066
050430_SEG_TURN_01105,3067
050430_SEG_TURN_01125,3068
050606_SEG_TURN_00521,3069
050606_SEG_TURN_01162,3070
050606_SEG_TURN_00542,3071
050430_SEG_TURN_01188,3072
050606_SEG_TURN_00120,3073
050606_SEG_TURN_00538,3074
050606_SEG_TURN_01405,3075
050606_SEG_TURN_00624,3076
050606_SEG_TURN_01307,3077
050606_SEG_TURN_00564,3078
050430_SEG_TURN_00896,3079
050430_SEG_TURN_00964,3080
050606_SEG_TURN_00511,3081
050430_SEG_TURN_01115,3082
050606_SEG_TURN_00548,3083
050606_SEG_TURN_01166,3084
050606_SEG_TURN_00994,3085
050606_SEG_TURN_00992,3086
050606_SEG_TURN_00114,3087
050606_SEG_TURN_00919,3088
050430_SEG_TURN_00900,3089
050430_SEG_TURN_00892,3090
050606_SEG_TURN_00352,3091
050606_SEG_TURN_00501,3092
050606_SEG_TURN_00292,3093
050606_SEG_TURN_00126,3094
050606_SEG_TURN_00499,3095
050606_SEG_TURN_00509,3096
050606_SEG_TURN_00438,3097
050606_SEG_TURN_00348,3098
050606_SEG_TURN_00720,3099
050606_SEG_TURN_00562,3100
050430_SEG_TURN_01184,3101
050606_SEG_TURN_01395,3102
050606_SEG_TURN_00550,3103
050606_SEG_TURN_00540,3104
050606_SEG_TURN_00280,3105
050606_SEG_TURN_00286,3106
050606_SEG_TURN_00536,3107
050606_SEG_TURN_00923,3108
050606_SEG_TURN_00505,3109
050606_SEG_TURN_00556,3110
050606_SEG_TURN_00558,3111
050606_SEG_TURN_01154,3112
050430_SEG_TURN_00898,3113
050606_SEG_TURN_00960,3114
050606_SEG_TURN_00968,3115
050606_SEG_TURN_00106,3116
050606_SEG_TURN_00471,3117
050606_SEG_CURR_NEXT_00470,3118
050606_SEG_PREV_CURR_00471,3119
050606_SEG_TURN_01312,3120
050606_SEG_CURR_NEXT_01312,3121
050606_SEG_PREV_CURR_01313,3122
050606_SEG_TURN_00470,3123
050606_SEG_TURN_01694,3124
050606_SEG_CURR_NEXT_00469,3125
050606_SEG_PREV_CURR_00470,3126
050606_SEG_TURN_00580,3127
050606_SEG_TURN_01521,3128
050606_SEG_TURN_00181,3129
050606_SEG_TURN_00163,3130
050606_SEG_TURN_00586,3131
050606_SEG_TURN_00116,3132
050606_SEG_TURN_01012,3133
050606_SEG_TURN_00136,3134
050606_SEG_TURN_00861,3135
050606_SEG_TURN_00169,3136
050606_SEG_TURN_01016,3137
050606_SEG_TURN_00859,3138
050606_SEG_TURN_00183,3139
050606_SEG_TURN_00582,3140
050606_SEG_TURN_01020,3141
050606_SEG_TURN_00584,3142
050606_SEG_TURN_00185,3143
050606_SEG_TURN_00134,3144
050606_SEG_TURN_00446,3145
050606_SEG_TURN_01008,3146
050606_SEG_TURN_01315,3147
050606_SEG_TURN_00177,3148
050606_SEG_TURN_00578,3149
050606_SEG_TURN_01313,3150
050606_SEG_TURN_00863,3151
050606_SEG_TURN_00448,3152
050606_SEG_TURN_01319,3153
050606_SEG_TURN_00841,3154
050606_SEG_TURN_01006,3155
050606_SEG_TURN_00931,3156
050606_SEG_TURN_00843,3157
050606_SEG_TURN_01022,3158
050606_SEG_TURN_01517,3159
050606_SEG_TURN_00740,3160
050606_SEG_PREV_CURR_01332,3161
050606_SEG_CURR_NEXT_01331,3162
050606_SEG_TURN_01004,3163
050606_SEG_TURN_01332,3164
050606_SEG_CURR_NEXT_00115,3165
050606_SEG_CURR_NEXT_00740,3166
050606_SEG_PREV_CURR_00741,3167
050606_SEG_PREV_CURR_00866,3168
050606_SEG_CURR_NEXT_00865,3169
050606_SEG_PREV_CURR_00867,3170
050606_SEG_CURR_NEXT_00866,3171
050606_SEG_CURR_NEXT_00658,3172
050606_SEG_PREV_CURR_00659,3173
050606_SEG_CURR_NEXT_00586,3174
050606_SEG_PREV_CURR_00587,3175
050606_SEG_TURN_00017,3176
050606_SEG_CURR_NEXT_00017,3177
050606_SEG_PREV_CURR_00018,3178
050606_SEG_PREV_CURR_00017,3179
050606_SEG_CURR_NEXT_00016,3180
050673_SEG_TURN_00846,3181
050673_SEG_CURR_NEXT_00845,3182
050673_SEG_PREV_CURR_00846,3183
050430_SEG_PREV_CURR_00297,3184
050430_SEG_CURR_NEXT_00296,3185
050430_SEG_CURR_NEXT_00295,3186
050430_SEG_PREV_CURR_00296,3187
050606_SEG_TURN_00009,3188
050606_SEG_PREV_CURR_00931,3189
050606_SEG_CURR_NEXT_00009,3190
050606_SEG_PREV_CURR_00010,3191
050606_SEG_PREV_CURR_00009,3192
050606_SEG_CURR_NEXT_00008,3193
050492_SEG_CURR_NEXT_00056,3194
050492_SEG_PREV_CURR_00057,3195
050673_SEG_TURN_00471,3196
050492_SEG_CURR_NEXT_00057,3197
050492_SEG_PREV_CURR_00058,3198
050615_SEG_TURN_01189,3199
050308_SEG_TURN_00459,3200
050308_SEG_CURR_NEXT_00459,3201
050308_SEG_PREV_CURR_00460,3202
050615_SEG_CURR_NEXT_01188,3203
050615_SEG_PREV_CURR_01189,3204
050615_SEG_CURR_NEXT_01189,3205
050615_SEG_PREV_CURR_01190,3206
050308_SEG_CURR_NEXT_00458,3207
050308_SEG_PREV_CURR_00459,3208
050308_SEG_TURN_00888,3209
050350_SEG_TURN_00866,3210
050350_SEG_CURR_NEXT_00865,3211
050350_SEG_PREV_CURR_00866,3212
050492_SEG_TURN_00366,3213
050492_SEG_PREV_CURR_00366,3214
050492_SEG_CURR_NEXT_00365,3215
050350_SEG_TURN_00728,3216
050308_SEG_TURN_00938,3217
050308_SEG_CURR_NEXT_00888,3218
050308_SEG_PREV_CURR_00889,3219
050492_SEG_PREV_CURR_00367,3220
050492_SEG_CURR_NEXT_00366,3221
050606_SEG_TURN_01673,3222
050308_SEG_PREV_CURR_00378,3223
050308_SEG_CURR_NEXT_00377,3224
050606_SEG_TURN_00054,3225
050308_SEG_TURN_00378,3226
050350_SEG_TURN_00672,3227
050350_SEG_CURR_NEXT_00672,3228
050350_SEG_PREV_CURR_00673,3229
050350_SEG_PREV_CURR_00672,3230
050350_SEG_CURR_NEXT_00671,3231
050492_SEG_TURN_01465,3232
050673_SEG_TURN_00956,3233
050308_SEG_TURN_00325,3234
050492_SEG_CURR_NEXT_01465,3235
050492_SEG_PREV_CURR_01466,3236
050615_SEG_TURN_00666,3237
050615_SEG_CURR_NEXT_00665,3238
050615_SEG_PREV_CURR_00666,3239
050606_SEG_TURN_01524,3240
050606_SEG_CURR_NEXT_01523,3241
050606_SEG_PREV_CURR_01524,3242
050606_SEG_PREV_CURR_01525,3243
050606_SEG_CURR_NEXT_01524,3244
050430_SEG_PREV_CURR_00077,3245
050430_SEG_CURR_NEXT_00076,3246
050430_SEG_TURN_00077,3247
050430_SEG_CURR_NEXT_00077,3248
050430_SEG_PREV_CURR_00078,3249
050430_SEG_TURN_00076,3250
050430_SEG_CURR_NEXT_00075,3251
050430_SEG_PREV_CURR_00076,3252
050308_SEG_TURN_00358,3253
050308_SEG_CURR_NEXT_00357,3254
050308_SEG_PREV_CURR_00358,3255
050308_SEG_CURR_NEXT_00358,3256
050308_SEG_PREV_CURR_00359,3257
050606_SEG_TURN_00115,3258
050615_SEG_TURN_01194,3259
050615_SEG_CURR_NEXT_01193,3260
050615_SEG_PREV_CURR_01194,3261
050615_SEG_PREV_CURR_01195,3262
050615_SEG_CURR_NEXT_01194,3263
050606_SEG_CURR_NEXT_00114,3264
050606_SEG_PREV_CURR_00115,3265
050606_SEG_PREV_CURR_00116,3266
050308_SEG_TURN_00179,3267
050308_SEG_PREV_CURR_00179,3268
050308_SEG_CURR_NEXT_00178,3269
050606_SEG_TURN_00860,3270
050606_SEG_CURR_NEXT_00860,3271
050606_SEG_PREV_CURR_00861,3272
050606_SEG_CURR_NEXT_00859,3273
050606_SEG_PREV_CURR_00860,3274
050615_SEG_TURN_01474,3275
050615_SEG_PREV_CURR_01475,3276
050615_SEG_CURR_NEXT_01474,3277
050615_SEG_CURR_NEXT_01473,3278
050615_SEG_PREV_CURR_01474,3279
050615_SEG_CURR_NEXT_01240,3280
050606_SEG_TURN_01053,3281
050606_SEG_TURN_01066,3282
050606_SEG_PREV_CURR_01066,3283
050606_SEG_CURR_NEXT_01065,3284
050606_SEG_TURN_00001,3285
050606_SEG_TURN_01029,3286
050606_SEG_PREV_CURR_01067,3287
050606_SEG_CURR_NEXT_01066,3288
050606_SEG_TURN_00003,3289
050606_SEG_TURN_01047,3290
050606_SEG_PREV_CURR_01053,3291
050606_SEG_CURR_NEXT_01052,3292
050606_SEG_CURR_NEXT_01047,3293
050606_SEG_PREV_CURR_01048,3294
050606_SEG_CURR_NEXT_01053,3295
050606_SEG_PREV_CURR_01054,3296
050606_SEG_CURR_NEXT_01029,3297
050606_SEG_PREV_CURR_01030,3298
050606_SEG_PREV_CURR_00004,3299
050606_SEG_CURR_NEXT_00003,3300
050606_SEG_CURR_NEXT_01046,3301
050606_SEG_TURN_00473,3302
050606_SEG_CURR_NEXT_01545,3303
050606_SEG_PREV_CURR_01546,3304
050606_SEG_TURN_00692,3305
050606_SEG_TURN_01546,3306
050606_SEG_TURN_00082,3307
050606_SEG_TURN_00072,3308
050606_SEG_TURN_00374,3309
050606_SEG_TURN_00070,3310
050606_SEG_TURN_01286,3311
050606_SEG_TURN_00674,3312
050606_SEG_TURN_00680,3313
050606_SEG_TURN_00370,3314
050606_SEG_TURN_00690,3315
050606_SEG_TURN_00366,3316
050606_SEG_TURN_01288,3317
050606_SEG_TURN_01282,3318
050606_SEG_TURN_01531,3319
050606_SEG_TURN_01274,3320
050606_SEG_TURN_01276,3321
050606_SEG_TURN_01272,3322
050606_SEG_TURN_00456,3323
050606_SEG_TURN_00452,3324
050606_SEG_TURN_01278,3325
050606_SEG_TURN_01529,3326
050606_SEG_TURN_00454,3327
050606_SEG_TURN_00362,3328
050606_SEG_TURN_00074,3329
050606_SEG_TURN_01340,3330
050606_SEG_TURN_01270,3331
050606_SEG_TURN_01533,3332
050606_SEG_TURN_00696,3333
050606_SEG_TURN_00450,3334
050606_SEG_TURN_01036,3335
050606_SEG_TURN_01030,3336
050606_SEG_TURN_01044,3337
050606_SEG_TURN_00100,3338
050606_SEG_TURN_01034,3339
050606_SEG_TURN_01545,3340
050606_SEG_TURN_01284,3341
050606_SEG_TURN_01051,3342
050606_SEG_TURN_00682,3343
050308_SEG_TURN_00069,3344
050308_SEG_CURR_NEXT_00069,3345
050308_SEG_PREV_CURR_00070,3346
050606_SEG_TURN_00048,3347
050308_SEG_TURN_00790,3348
050308_SEG_CURR_NEXT_00790,3349
050308_SEG_PREV_CURR_00791,3350
050308_SEG_CURR_NEXT_00789,3351
050308_SEG_PREV_CURR_00790,3352
050308_SEG_PREV_CURR_00069,3353
050308_SEG_CURR_NEXT_00068,3354
050606_SEG_PREV_CURR_00048,3355
050606_SEG_CURR_NEXT_00047,3356
050673_SEG_TURN_00473,3357
050350_SEG_TURN_00664,3358
050350_SEG_PREV_CURR_00665,3359
050350_SEG_CURR_NEXT_00664,3360
050350_SEG_PREV_CURR_00664,3361
050350_SEG_CURR_NEXT_00663,3362
050673_SEG_CURR_NEXT_00473,3363
050673_SEG_PREV_CURR_00474,3364
050606_SEG_CURR_NEXT_00048,3365
050606_SEG_PREV_CURR_00049,3366
050606_SEG_TURN_00021,3367
050606_SEG_PREV_CURR_00021,3368
050606_SEG_CURR_NEXT_00020,3369
050606_SEG_PREV_CURR_00022,3370
050606_SEG_CURR_NEXT_00021,3371
050606_SEG_TURN_00384,3372
050606_SEG_CURR_NEXT_00383,3373
050606_SEG_PREV_CURR_00384,3374
050606_SEG_CURR_NEXT_00384,3375
050606_SEG_PREV_CURR_00385,3376
050430_SEG_TURN_00825,3377
050430_SEG_PREV_CURR_00826,3378
050430_SEG_CURR_NEXT_00825,3379
050430_SEG_PREV_CURR_00825,3380
050430_SEG_CURR_NEXT_00824,3381
050350_SEG_TURN_00556,3382
050606_SEG_TURN_01557,3383
050615_SEG_TURN_00967,3384
050350_SEG_CURR_NEXT_00556,3385
050350_SEG_PREV_CURR_00557,3386
050606_SEG_TURN_00392,3387
050430_SEG_TURN_00142,3388
050606_SEG_PREV_CURR_01558,3389
050606_SEG_CURR_NEXT_01557,3390
050606_SEG_CURR_NEXT_00391,3391
050606_SEG_PREV_CURR_00392,3392
050606_SEG_PREV_CURR_00393,3393
050606_SEG_CURR_NEXT_00392,3394
050308_SEG_TURN_00148,3395
050492_SEG_TURN_00152,3396
050606_SEG_CURR_NEXT_00433,3397
050606_SEG_PREV_CURR_00434,3398
050350_SEG_CURR_NEXT_00972,3399
050430_SEG_TURN_01103,3400
050492_SEG_TURN_00989,3401
050492_SEG_TURN_00980,3402
050492_SEG_PREV_CURR_00981,3403
050492_SEG_CURR_NEXT_00980,3404
050492_SEG_CURR_NEXT_00988,3405
050492_SEG_PREV_CURR_00989,3406
050492_SEG_CURR_NEXT_00989,3407
050492_SEG_PREV_CURR_00990,3408
050492_SEG_PREV_CURR_00980,3409
050492_SEG_CURR_NEXT_00979,3410
050492_SEG_TURN_01002,3411
050492_SEG_PREV_CURR_01002,3412
050492_SEG_CURR_NEXT_01001,3413
050492_SEG_PREV_CURR_01003,3414
050492_SEG_CURR_NEXT_01002,3415
050430_SEG_PREV_CURR_01103,3416
050430_SEG_CURR_NEXT_01102,3417
050492_SEG_TURN_00984,3418
050492_SEG_CURR_NEXT_00983,3419
050492_SEG_PREV_CURR_00984,3420
050492_SEG_CURR_NEXT_00984,3421
050492_SEG_PREV_CURR_00985,3422
050430_SEG_PREV_CURR_01104,3423
050430_SEG_CURR_NEXT_01103,3424
050308_SEG_TURN_00066,3425
050308_SEG_CURR_NEXT_00065,3426
050308_SEG_PREV_CURR_00066,3427
050430_SEG_TURN_00956,3428
050492_SEG_TURN_01000,3429
050308_SEG_PREV_CURR_00067,3430
050308_SEG_CURR_NEXT_00066,3431
050492_SEG_PREV_CURR_01001,3432
050492_SEG_CURR_NEXT_01000,3433
050492_SEG_PREV_CURR_01000,3434
050492_SEG_CURR_NEXT_00999,3435
050430_SEG_CURR_NEXT_00955,3436
050430_SEG_PREV_CURR_00956,3437
050492_SEG_CURR_NEXT_01252,3438
050492_SEG_PREV_CURR_01253,3439
050492_SEG_CURR_NEXT_01253,3440
050492_SEG_PREV_CURR_01254,3441
050492_SEG_TURN_01255,3442
050492_SEG_PREV_CURR_01251,3443
050492_SEG_CURR_NEXT_01250,3444
050492_SEG_CURR_NEXT_01251,3445
050492_SEG_PREV_CURR_01252,3446
050492_SEG_CURR_NEXT_01254,3447
050492_SEG_PREV_CURR_01255,3448
050492_SEG_CURR_NEXT_01255,3449
050492_SEG_PREV_CURR_01256,3450
050615_SEG_TURN_00175,3451
050492_SEG_TURN_01417,3452
050492_SEG_CURR_NEXT_01417,3453
050492_SEG_PREV_CURR_01418,3454
050492_SEG_TURN_00005,3455
050492_SEG_PREV_CURR_01417,3456
050492_SEG_CURR_NEXT_01416,3457
050492_SEG_CURR_NEXT_00005,3458
050492_SEG_PREV_CURR_00006,3459
050492_SEG_PREV_CURR_00005,3460
050492_SEG_CURR_NEXT_00004,3461
050492_SEG_TURN_01257,3462
050673_SEG_TURN_00048,3463
050492_SEG_TURN_01458,3464
050606_SEG_TURN_01140,3465
050492_SEG_TURN_01265,3466
050673_SEG_CURR_NEXT_00048,3467
050673_SEG_PREV_CURR_00049,3468
050492_SEG_PREV_CURR_01459,3469
050492_SEG_CURR_NEXT_01458,3470
050615_SEG_CURR_NEXT_00174,3471
050615_SEG_PREV_CURR_00175,3472
050492_SEG_CURR_NEXT_01457,3473
050492_SEG_PREV_CURR_01458,3474
050492_SEG_CURR_NEXT_01257,3475
050492_SEG_PREV_CURR_01258,3476
050606_SEG_CURR_NEXT_01140,3477
050606_SEG_PREV_CURR_01141,3478
050492_SEG_PREV_CURR_01265,3479
050492_SEG_CURR_NEXT_01264,3480
050492_SEG_CURR_NEXT_01319,3481
050492_SEG_PREV_CURR_01320,3482
050350_SEG_TURN_00972,3483
050492_SEG_TURN_01320,3484
050492_SEG_CURR_NEXT_01523,3485
050492_SEG_PREV_CURR_01524,3486
050492_SEG_TURN_01337,3487
050492_SEG_TURN_01524,3488
050492_SEG_PREV_CURR_01321,3489
050492_SEG_CURR_NEXT_01320,3490
050492_SEG_TURN_01319,3491
050492_SEG_TURN_01026,3492
050492_SEG_TURN_00611,3493
050492_SEG_TURN_01473,3494
050492_SEG_TURN_01024,3495
050492_SEG_TURN_00038,3496
050492_SEG_TURN_01353,3497
050492_SEG_TURN_00042,3498
050492_SEG_TURN_00615,3499
050492_SEG_TURN_00601,3500
050492_SEG_TURN_00613,3501
050350_SEG_PREV_CURR_00973,3502
050492_SEG_TURN_01533,3503
050492_SEG_CURR_NEXT_01522,3504
050492_SEG_PREV_CURR_01523,3505
050492_SEG_TURN_01522,3506
050492_SEG_CURR_NEXT_01524,3507
050492_SEG_PREV_CURR_01525,3508
050492_SEG_PREV_CURR_01577,3509
050492_SEG_CURR_NEXT_01576,3510
050492_SEG_CURR_NEXT_01028,3511
050492_SEG_PREV_CURR_01029,3512
050492_SEG_TURN_01316,3513
050492_SEG_TURN_01343,3514
050492_SEG_CURR_NEXT_01316,3515
050492_SEG_PREV_CURR_01317,3516
050492_SEG_CURR_NEXT_01315,3517
050492_SEG_PREV_CURR_01316,3518
050492_SEG_TURN_01577,3519
050492_SEG_TURN_01351,3520
050492_SEG_TURN_01102,3521
050492_SEG_TURN_01114,3522
050492_SEG_TURN_00481,3523
050492_SEG_PREV_CURR_01115,3524
050492_SEG_CURR_NEXT_01114,3525
050492_SEG_CURR_NEXT_01113,3526
050492_SEG_PREV_CURR_01114,3527
050492_SEG_TURN_01212,3528
050492_SEG_PREV_CURR_01213,3529
050492_SEG_CURR_NEXT_01212,3530
050492_SEG_PREV_CURR_01212,3531
050492_SEG_CURR_NEXT_01211,3532
050492_SEG_TURN_01464,3533
050492_SEG_PREV_CURR_00482,3534
050492_SEG_CURR_NEXT_00481,3535
050492_SEG_PREV_CURR_01464,3536
050492_SEG_CURR_NEXT_01463,3537
050492_SEG_PREV_CURR_01465,3538
050492_SEG_CURR_NEXT_01464,3539
050492_SEG_PREV_CURR_00481,3540
050492_SEG_CURR_NEXT_00480,3541
050615_SEG_TURN_01486,3542
050673_SEG_TURN_00045,3543
050673_SEG_CURR_NEXT_00044,3544
050673_SEG_PREV_CURR_00045,3545
050673_SEG_CURR_NEXT_00045,3546
050673_SEG_PREV_CURR_00046,3547
050615_SEG_CURR_NEXT_01485,3548
050615_SEG_PREV_CURR_01486,3549
050492_SEG_TURN_01138,3550
050615_SEG_CURR_NEXT_01486,3551
050615_SEG_PREV_CURR_01487,3552
050492_SEG_TURN_01216,3553
050492_SEG_CURR_NEXT_01216,3554
050492_SEG_PREV_CURR_01217,3555
050492_SEG_PREV_CURR_01216,3556
050492_SEG_CURR_NEXT_01215,3557
050673_SEG_TURN_00515,3558
050615_SEG_TURN_00460,3559
050673_SEG_PREV_CURR_00515,3560
050673_SEG_CURR_NEXT_00514,3561
050492_SEG_CURR_NEXT_01336,3562
050492_SEG_PREV_CURR_01337,3563
050492_SEG_TURN_01336,3564
050492_SEG_TURN_01479,3565
050492_SEG_TURN_01104,3566
050492_SEG_TURN_00058,3567
050492_SEG_TURN_00597,3568
050492_SEG_TURN_01359,3569
050492_SEG_TURN_00599,3570
050492_SEG_TURN_01106,3571
050492_SEG_TURN_00609,3572
050492_SEG_TURN_01345,3573
050492_SEG_TURN_01032,3574
050492_SEG_TURN_00603,3575
050492_SEG_TURN_01339,3576
050492_SEG_CURR_NEXT_01335,3577
050492_SEG_PREV_CURR_01336,3578
050492_SEG_TURN_01030,3579
050492_SEG_PREV_CURR_01026,3580
050492_SEG_CURR_NEXT_01025,3581
050492_SEG_TURN_01520,3582
050492_SEG_CURR_NEXT_00600,3583
050492_SEG_PREV_CURR_00601,3584
050492_SEG_PREV_CURR_01025,3585
050492_SEG_CURR_NEXT_01024,3586
050492_SEG_TURN_01349,3587
050492_SEG_PREV_CURR_00598,3588
050492_SEG_CURR_NEXT_00597,3589
050492_SEG_CURR_NEXT_00041,3590
050606_SEG_TURN_01067,3591
050606_SEG_TURN_01608,3592
050430_SEG_TURN_00205,3593
050430_SEG_CURR_NEXT_00205,3594
050430_SEG_PREV_CURR_00206,3595
050606_SEG_PREV_CURR_01608,3596
050606_SEG_CURR_NEXT_01607,3597
050430_SEG_CURR_NEXT_00204,3598
050430_SEG_PREV_CURR_00205,3599
050606_SEG_TURN_01606,3600
050350_SEG_TURN_01390,3601
050350_SEG_PREV_CURR_01390,3602
050350_SEG_CURR_NEXT_01389,3603
050606_SEG_CURR_NEXT_01608,3604
050606_SEG_PREV_CURR_01609,3605
050350_SEG_PREV_CURR_01391,3606
050350_SEG_CURR_NEXT_01390,3607
050606_SEG_TURN_00085,3608
050492_SEG_TURN_01302,3609
050606_SEG_PREV_CURR_01068,3610
050606_SEG_CURR_NEXT_01067,3611
050492_SEG_PREV_CURR_01302,3612
050492_SEG_CURR_NEXT_01301,3613
050492_SEG_CURR_NEXT_01302,3614
050492_SEG_PREV_CURR_01303,3615
050673_SEG_TURN_01026,3616
050606_SEG_CURR_NEXT_00084,3617
050606_SEG_PREV_CURR_00085,3618
050606_SEG_PREV_CURR_01607,3619
050606_SEG_CURR_NEXT_01606,3620
050606_SEG_TURN_01075,3621
050615_SEG_TURN_00445,3622
050615_SEG_CURR_NEXT_00445,3623
050615_SEG_PREV_CURR_00446,3624
050615_SEG_PREV_CURR_00445,3625
050615_SEG_CURR_NEXT_00444,3626
050615_SEG_PREV_CURR_00201,3627
050615_SEG_CURR_NEXT_00200,3628
050615_SEG_PREV_CURR_00202,3629
050615_SEG_CURR_NEXT_00201,3630
050615_SEG_CURR_NEXT_00199,3631
050615_SEG_PREV_CURR_00200,3632
050615_SEG_TURN_00202,3633
050615_SEG_CURR_NEXT_00202,3634
050615_SEG_PREV_CURR_00203,3635
050492_SEG_CURR_NEXT_00817,3636
050492_SEG_PREV_CURR_00818,3637
050615_SEG_TURN_00443,3638
050615_SEG_TURN_00171,3639
050615_SEG_PREV_CURR_00444,3640
050615_SEG_CURR_NEXT_00443,3641
050615_SEG_PREV_CURR_00172,3642
050615_SEG_CURR_NEXT_00171,3643
050615_SEG_PREV_CURR_00171,3644
050615_SEG_CURR_NEXT_00170,3645
050615_SEG_TURN_00187,3646
050615_SEG_TURN_01299,3647
050615_SEG_TURN_00907,3648
050615_SEG_TURN_01028,3649
050615_SEG_CURR_NEXT_01081,3650
050615_SEG_PREV_CURR_01082,3651
050615_SEG_TURN_00207,3652
050615_SEG_TURN_00189,3653
050615_SEG_TURN_01081,3654
050615_SEG_TURN_01311,3655
050615_SEG_TURN_00899,3656
050615_SEG_TURN_00211,3657
050615_SEG_TURN_00201,3658
050615_SEG_TURN_00199,3659
050615_SEG_TURN_00205,3660
050615_SEG_TURN_00901,3661
050615_SEG_CURR_NEXT_01093,3662
050615_SEG_PREV_CURR_01094,3663
050615_SEG_CURR_NEXT_00196,3664
050615_SEG_PREV_CURR_00197,3665
050615_SEG_PREV_CURR_01028,3666
050615_SEG_CURR_NEXT_01027,3667
050615_SEG_TURN_00001,3668
050615_SEG_PREV_CURR_00196,3669
050615_SEG_CURR_NEXT_00195,3670
050615_SEG_TURN_00449,3671
050615_SEG_TURN_00358,3672
050615_SEG_TURN_00174,3673
050615_SEG_TURN_01127,3674
050615_SEG_TURN_01087,3675
050615_SEG_TURN_01091,3676
050615_SEG_TURN_01067,3677
050615_SEG_PREV_CURR_01083,3678
050615_SEG_CURR_NEXT_01082,3679
050615_SEG_TURN_00197,3680
050615_SEG_TURN_01093,3681
050615_SEG_TURN_01089,3682
050615_SEG_TURN_00213,3683
050615_SEG_CURR_NEXT_01299,3684
050615_SEG_TURN_00230,3685
050615_SEG_TURN_00234,3686
050615_SEG_CURR_NEXT_00230,3687
050615_SEG_PREV_CURR_00231,3688
050615_SEG_PREV_CURR_00234,3689
050615_SEG_CURR_NEXT_00233,3690
050615_SEG_PREV_CURR_00235,3691
050615_SEG_CURR_NEXT_00234,3692
050430_SEG_TURN_00767,3693
050615_SEG_CURR_NEXT_00229,3694
050615_SEG_PREV_CURR_00230,3695
050615_SEG_TURN_00305,3696
050615_SEG_PREV_CURR_00305,3697
050615_SEG_CURR_NEXT_00304,3698
050615_SEG_TURN_00257,3699
050430_SEG_PREV_CURR_00768,3700
050430_SEG_CURR_NEXT_00767,3701
050615_SEG_PREV_CURR_00306,3702
050615_SEG_CURR_NEXT_00305,3703
050615_SEG_PREV_CURR_00257,3704
050615_SEG_CURR_NEXT_00256,3705
050430_SEG_PREV_CURR_00767,3706
050430_SEG_CURR_NEXT_00766,3707
050615_SEG_CURR_NEXT_00281,3708
050615_SEG_PREV_CURR_00282,3709
050615_SEG_PREV_CURR_00258,3710
050615_SEG_CURR_NEXT_00257,3711
050615_SEG_TURN_00281,3712
050615_SEG_PREV_CURR_00281,3713
050615_SEG_CURR_NEXT_00280,3714
050615_SEG_TURN_00282,3715
050615_SEG_CURR_NEXT_00264,3716
050615_SEG_PREV_CURR_00265,3717
050615_SEG_TURN_00233,3718
050615_SEG_TURN_00228,3719
050430_SEG_TURN_00766,3720
050430_SEG_CURR_NEXT_00765,3721
050430_SEG_PREV_CURR_00766,3722
050615_SEG_TURN_00235,3723
050615_SEG_TURN_00290,3724
050615_SEG_TURN_00256,3725
050615_SEG_PREV_CURR_00233,3726
050615_SEG_CURR_NEXT_00232,3727
050615_SEG_PREV_CURR_00291,3728
050615_SEG_TURN_00426,3729
050615_SEG_TURN_00552,3730
050615_SEG_CURR_NEXT_00551,3731
050615_SEG_PREV_CURR_00552,3732
050615_SEG_CURR_NEXT_00552,3733
050615_SEG_PREV_CURR_00553,3734
050615_SEG_PREV_CURR_00427,3735
050615_SEG_CURR_NEXT_00426,3736
050615_SEG_CURR_NEXT_00425,3737
050615_SEG_PREV_CURR_00426,3738
050615_SEG_PREV_CURR_00429,3739
050615_SEG_CURR_NEXT_00428,3740
050606_SEG_TURN_00178,3741
050615_SEG_PREV_CURR_00428,3742
050615_SEG_CURR_NEXT_00427,3743
050615_SEG_TURN_00421,3744
050615_SEG_TURN_00428,3745
050615_SEG_TURN_00429,3746
050606_SEG_PREV_CURR_00178,3747
050606_SEG_CURR_NEXT_00177,3748
050615_SEG_TURN_00427,3749
050615_SEG_CURR_NEXT_00429,3750
050615_SEG_PREV_CURR_00430,3751
050606_SEG_PREV_CURR_00179,3752
050606_SEG_CURR_NEXT_00178,3753
050615_SEG_PREV_CURR_00422,3754
050615_SEG_CURR_NEXT_00421,3755
050615_SEG_CURR_NEXT_00420,3756
050615_SEG_PREV_CURR_00421,3757
050308_SEG_TURN_00527,3758
050308_SEG_TURN_00665,3759
050308_SEG_CURR_NEXT_00664,3760
050308_SEG_PREV_CURR_00665,3761
050308_SEG_CURR_NEXT_00665,3762
050308_SEG_PREV_CURR_00666,3763
050615_SEG_TURN_01076,3764
050308_SEG_PREV_CURR_00527,3765
050308_SEG_CURR_NEXT_00526,3766
050308_SEG_PREV_CURR_00528,3767
050308_SEG_CURR_NEXT_00527,3768
050615_SEG_PREV_CURR_00496,3769
050615_SEG_CURR_NEXT_00495,3770
050615_SEG_PREV_CURR_00411,3771
050615_SEG_CURR_NEXT_00410,3772
050615_SEG_TURN_00932,3773
050615_SEG_PREV_CURR_00229,3774
050615_SEG_CURR_NEXT_00228,3775
050615_SEG_TURN_00496,3776
050615_SEG_CURR_NEXT_00411,3777
050615_SEG_PREV_CURR_00412,3778
050615_SEG_TURN_00484,3779
050615_SEG_CURR_NEXT_00932,3780
050615_SEG_PREV_CURR_00933,3781
050615_SEG_PREV_CURR_00485,3782
050615_SEG_CURR_NEXT_00484,3783
050615_SEG_PREV_CURR_00484,3784
050615_SEG_CURR_NEXT_00483,3785
050615_SEG_TURN_00882,3786
050615_SEG_PREV_CURR_00882,3787
050615_SEG_CURR_NEXT_00881,3788
050615_SEG_PREV_CURR_00932,3789
050615_SEG_CURR_NEXT_00931,3790
050615_SEG_TURN_00495,3791
050615_SEG_CURR_NEXT_00496,3792
050615_SEG_TURN_00784,3793
050615_SEG_CURR_NEXT_00758,3794
050615_SEG_PREV_CURR_00759,3795
050615_SEG_TURN_00774,3796
050615_SEG_TURN_00764,3797
050615_SEG_PREV_CURR_00785,3798
050615_SEG_CURR_NEXT_00784,3799
050615_SEG_PREV_CURR_00784,3800
050615_SEG_CURR_NEXT_00783,3801
050615_SEG_CURR_NEXT_00763,3802
050615_SEG_PREV_CURR_00764,3803
050615_SEG_PREV_CURR_00775,3804
050615_SEG_CURR_NEXT_00774,3805
050615_SEG_PREV_CURR_00774,3806
050615_SEG_CURR_NEXT_00773,3807
050615_SEG_CURR_NEXT_00764,3808
050615_SEG_PREV_CURR_00765,3809
050615_SEG_TURN_00758,3810
050615_SEG_PREV_CURR_00758,3811
050615_SEG_CURR_NEXT_00757,3812
050615_SEG_TURN_00777,3813
050615_SEG_CURR_NEXT_00776,3814
050615_SEG_PREV_CURR_00777,3815
050615_SEG_PREV_CURR_00778,3816
050615_SEG_CURR_NEXT_00777,3817
050615_SEG_CURR_NEXT_00753,3818
050615_SEG_PREV_CURR_00754,3819
050615_SEG_PREV_CURR_00808,3820
050615_SEG_CURR_NEXT_00807,3821
050615_SEG_TURN_00805,3822
050615_SEG_PREV_CURR_00807,3823
050615_SEG_CURR_NEXT_00806,3824
050615_SEG_CURR_NEXT_00805,3825
050615_SEG_PREV_CURR_00806,3826
050615_SEG_CURR_NEXT_00804,3827
050615_SEG_PREV_CURR_00805,3828
050606_SEG_TURN_00117,3829
050606_SEG_TURN_00545,3830
050606_SEG_CURR_NEXT_00116,3831
050606_SEG_PREV_CURR_00117,3832
050606_SEG_CURR_NEXT_00545,3833
050606_SEG_PREV_CURR_00546,3834
050606_SEG_PREV_CURR_00545,3835
050606_SEG_CURR_NEXT_00544,3836
050606_SEG_CURR_NEXT_00117,3837
050606_SEG_PREV_CURR_00118,3838
050308_SEG_TURN_00765,3839
050308_SEG_CURR_NEXT_00764,3840
050308_SEG_PREV_CURR_00765,3841
050430_SEG_TURN_00227,3842
050308_SEG_PREV_CURR_00766,3843
050308_SEG_CURR_NEXT_00765,3844
050430_SEG_CURR_NEXT_00227,3845
050430_SEG_PREV_CURR_00228,3846
050430_SEG_PREV_CURR_00227,3847
050430_SEG_CURR_NEXT_00226,3848
050308_SEG_TURN_00392,3849
050308_SEG_PREV_CURR_00392,3850
050308_SEG_CURR_NEXT_00391,3851
050308_SEG_CURR_NEXT_00392,3852
050308_SEG_PREV_CURR_00393,3853
050492_SEG_TURN_01226,3854
050492_SEG_PREV_CURR_01226,3855
050492_SEG_CURR_NEXT_01225,3856
050492_SEG_PREV_CURR_01227,3857
050492_SEG_CURR_NEXT_01226,3858
050615_SEG_PREV_CURR_00957,3859
050615_SEG_CURR_NEXT_00956,3860
050615_SEG_PREV_CURR_00958,3861
050615_SEG_CURR_NEXT_00957,3862
050615_SEG_TURN_01500,3863
050350_SEG_TURN_01260,3864
050430_SEG_TURN_00583,3865
050492_SEG_TURN_00826,3866
050430_SEG_PREV_CURR_00583,3867
050430_SEG_CURR_NEXT_00582,3868
050606_SEG_TURN_01572,3869
050615_SEG_CURR_NEXT_01499,3870
050615_SEG_PREV_CURR_01500,3871
050606_SEG_PREV_CURR_01572,3872
050606_SEG_CURR_NEXT_01571,3873
050615_SEG_PREV_CURR_01501,3874
050615_SEG_CURR_NEXT_01500,3875
050606_SEG_TURN_01348,3876
050606_SEG_CURR_NEXT_01572,3877
050606_SEG_PREV_CURR_01573,3878
050606_SEG_CURR_NEXT_01348,3879
050606_SEG_PREV_CURR_01349,3880
050350_SEG_PREV_CURR_01260,3881
050350_SEG_CURR_NEXT_01259,3882
050430_SEG_PREV_CURR_00584,3883
050430_SEG_CURR_NEXT_00583,3884
050430_SEG_TURN_00731,3885
050430_SEG_CURR_NEXT_00730,3886
050430_SEG_PREV_CURR_00731,3887
050308_SEG_TURN_00595,3888
050430_SEG_TURN_01035,3889
050492_SEG_CURR_NEXT_00826,3890
050492_SEG_PREV_CURR_00827,3891
050350_SEG_TURN_00856,3892
050308_SEG_TURN_00599,3893
050308_SEG_CURR_NEXT_00599,3894
050308_SEG_PREV_CURR_00600,3895
050615_SEG_TURN_01362,3896
050308_SEG_CURR_NEXT_00598,3897
050308_SEG_PREV_CURR_00599,3898
050615_SEG_PREV_CURR_01363,3899
050615_SEG_CURR_NEXT_01362,3900
050615_SEG_CURR_NEXT_01361,3901
050615_SEG_PREV_CURR_01362,3902
050615_SEG_TURN_00072,3903
050615_SEG_CURR_NEXT_00071,3904
050615_SEG_PREV_CURR_00072,3905
050308_SEG_TURN_00841,3906
050615_SEG_TURN_01503,3907
050606_SEG_CURR_NEXT_00744,3908
050606_SEG_PREV_CURR_00745,3909
050615_SEG_CURR_NEXT_01503,3910
050615_SEG_PREV_CURR_01504,3911
050615_SEG_TURN_00076,3912
050615_SEG_PREV_CURR_01503,3913
050615_SEG_CURR_NEXT_01502,3914
050615_SEG_CURR_NEXT_00076,3915
050615_SEG_PREV_CURR_00077,3916
050615_SEG_PREV_CURR_00073,3917
050615_SEG_CURR_NEXT_00072,3918
050308_SEG_CURR_NEXT_00840,3919
050308_SEG_PREV_CURR_00841,3920
050606_SEG_TURN_00744,3921
050615_SEG_CURR_NEXT_00075,3922
050615_SEG_PREV_CURR_00076,3923
050308_SEG_PREV_CURR_00842,3924
050308_SEG_CURR_NEXT_00841,3925
050430_SEG_TURN_01031,3926
050430_SEG_PREV_CURR_01031,3927
050430_SEG_CURR_NEXT_01030,3928
050430_SEG_PREV_CURR_01032,3929
050430_SEG_CURR_NEXT_01031,3930
050606_SEG_PREV_CURR_00744,3931
050606_SEG_CURR_NEXT_00743,3932
050615_SEG_PREV_CURR_00495,3933
050615_SEG_CURR_NEXT_00494,3934
050673_SEG_TURN_00885,3935
050350_SEG_TURN_01056,3936
050350_SEG_PREV_CURR_01057,3937
050350_SEG_CURR_NEXT_01056,3938
050350_SEG_CURR_NEXT_01055,3939
050350_SEG_PREV_CURR_01056,3940
050606_SEG_TURN_01401,3941
050492_SEG_TURN_00664,3942
050492_SEG_TURN_00110,3943
050492_SEG_CURR_NEXT_00664,3944
050492_SEG_PREV_CURR_00665,3945
050492_SEG_CURR_NEXT_00110,3946
050492_SEG_PREV_CURR_00111,3947
050430_SEG_TURN_00687,3948
050492_SEG_PREV_CURR_00664,3949
050492_SEG_CURR_NEXT_00663,3950
050430_SEG_CURR_NEXT_00686,3951
050430_SEG_PREV_CURR_00687,3952
050492_SEG_CURR_NEXT_00109,3953
050492_SEG_PREV_CURR_00110,3954
050350_SEG_CURR_NEXT_01340,3955
050350_SEG_PREV_CURR_01341,3956
050350_SEG_TURN_01340,3957
050350_SEG_CURR_NEXT_01339,3958
050350_SEG_PREV_CURR_01340,3959
050430_SEG_CURR_NEXT_00687,3960
050430_SEG_PREV_CURR_00688,3961
050430_SEG_TURN_00819,3962
050430_SEG_PREV_CURR_00819,3963
050430_SEG_CURR_NEXT_00818,3964
050606_SEG_TURN_00453,3965
050492_SEG_TURN_00616,3966
050492_SEG_CURR_NEXT_00615,3967
050492_SEG_PREV_CURR_00616,3968
050430_SEG_PREV_CURR_00820,3969
050430_SEG_CURR_NEXT_00819,3970
050606_SEG_PREV_CURR_00454,3971
050606_SEG_CURR_NEXT_00453,3972
050606_SEG_PREV_CURR_00453,3973
050606_SEG_CURR_NEXT_00452,3974
050492_SEG_CURR_NEXT_00616,3975
050492_SEG_PREV_CURR_00617,3976
050615_SEG_TURN_00721,3977
052423_SEG_TURN_01536,3978
052423_SEG_TURN_00275,3979
052423_SEG_TURN_01530,3980
052423_SEG_TURN_00269,3981
052423_SEG_TURN_01534,3982
052423_SEG_TURN_00271,3983
052423_SEG_CURR_NEXT_01530,3984
052423_SEG_PREV_CURR_01531,3985
052423_SEG_TURN_01538,3986
052229_SEG_TURN_00733,3987
052423_SEG_CURR_NEXT_01529,3988
052423_SEG_PREV_CURR_01530,3989
052423_SEG_PREV_CURR_00269,3990
052423_SEG_CURR_NEXT_00268,3991
052423_SEG_CURR_NEXT_01533,3992
052423_SEG_PREV_CURR_01534,3993
052229_SEG_PREV_CURR_00733,3994
052229_SEG_CURR_NEXT_00732,3995
052423_SEG_TURN_00273,3996
052423_SEG_CURR_NEXT_00275,3997
052423_SEG_PREV_CURR_00276,3998
052423_SEG_PREV_CURR_01537,3999
052423_SEG_CURR_NEXT_01536,4000
052423_SEG_PREV_CURR_01538,4001
052423_SEG_CURR_NEXT_01537,4002
052423_SEG_PREV_CURR_01535,4003
052423_SEG_CURR_NEXT_01534,4004
052423_SEG_PREV_CURR_01536,4005
052423_SEG_CURR_NEXT_01535,4006
052423_SEG_PREV_CURR_00270,4007
052423_SEG_CURR_NEXT_00269,4008
052423_SEG_PREV_CURR_00271,4009
052423_SEG_CURR_NEXT_00270,4010
052423_SEG_TURN_00001,4011
052423_SEG_CURR_NEXT_00271,4012
052423_SEG_PREV_CURR_00272,4013
052556_SEG_TURN_00741,4014
052423_SEG_CURR_NEXT_01531,4015
052423_SEG_PREV_CURR_01532,4016
052423_SEG_PREV_CURR_00273,4017
052423_SEG_CURR_NEXT_00272,4018
052423_SEG_TURN_01532,4019
052556_SEG_TURN_00825,4020
052423_SEG_CURR_NEXT_00274,4021
052423_SEG_PREV_CURR_00275,4022
052423_SEG_CURR_NEXT_01532,4023
052423_SEG_PREV_CURR_01533,4024
052423_SEG_TURN_00268,4025
052423_SEG_TURN_01531,4026
052423_SEG_PREV_CURR_00274,4027
052315_SEG_TURN_00276,4028
052315_SEG_PREV_CURR_00277,4029
052315_SEG_CURR_NEXT_00276,4030
052315_SEG_CURR_NEXT_00275,4031
052315_SEG_PREV_CURR_00276,4032
052315_SEG_TURN_00278,4033
052315_SEG_PREV_CURR_00278,4034
052315_SEG_CURR_NEXT_00277,4035
052315_SEG_PREV_CURR_00279,4036
052315_SEG_CURR_NEXT_00278,4037
052493_SEG_TURN_00283,4038
052229_SEG_TURN_00111,4039
052556_SEG_TURN_00599,4040
052315_SEG_TURN_00997,4041
052229_SEG_PREV_CURR_00112,4042
052229_SEG_CURR_NEXT_00111,4043
052315_SEG_CURR_NEXT_00996,4044
052315_SEG_PREV_CURR_00997,4045
052280_SEG_TURN_00038,4046
052423_SEG_TURN_00260,4047
052229_SEG_PREV_CURR_00111,4048
052229_SEG_CURR_NEXT_00110,4049
052315_SEG_PREV_CURR_00998,4050
052315_SEG_CURR_NEXT_00997,4051
052493_SEG_CURR_NEXT_00282,4052
052493_SEG_PREV_CURR_00283,4053
052423_SEG_TURN_00294,4054
052280_SEG_TURN_00796,4055
052364_SEG_TURN_00998,4056
052423_SEG_PREV_CURR_00294,4057
052423_SEG_CURR_NEXT_00293,4058
052423_SEG_PREV_CURR_00295,4059
052423_SEG_CURR_NEXT_00294,4060
052280_SEG_CURR_NEXT_00795,4061
052280_SEG_PREV_CURR_00796,4062
052493_SEG_TURN_00537,4063
052364_SEG_TURN_00652,4064
052280_SEG_PREV_CURR_00038,4065
052280_SEG_CURR_NEXT_00037,4066
052364_SEG_CURR_NEXT_00997,4067
052364_SEG_PREV_CURR_00998,4068
052280_SEG_CURR_NEXT_00038,4069
052280_SEG_PREV_CURR_00039,4070
052493_SEG_CURR_NEXT_00283,4071
052493_SEG_PREV_CURR_00284,4072
052493_SEG_PREV_CURR_00538,4073
052493_SEG_CURR_NEXT_00537,4074
052364_SEG_CURR_NEXT_00998,4075
052364_SEG_PREV_CURR_00999,4076
052423_SEG_TURN_00089,4077
052493_SEG_TURN_01087,4078
052280_SEG_TURN_01120,4079
052493_SEG_PREV_CURR_01088,4080
052493_SEG_CURR_NEXT_01087,4081
052315_SEG_TURN_00067,4082
052423_SEG_TURN_01019,4083
052315_SEG_TURN_01179,4084
052423_SEG_TURN_01080,4085
052423_SEG_TURN_01005,4086
052423_SEG_TURN_01086,4087
052423_SEG_TURN_01082,4088
052423_SEG_TURN_01021,4089
052315_SEG_PREV_CURR_00067,4090
052315_SEG_CURR_NEXT_00066,4091
052423_SEG_TURN_01138,4092
052493_SEG_PREV_CURR_01087,4093
052493_SEG_CURR_NEXT_01086,4094
052315_SEG_TURN_01181,4095
052556_SEG_TURN_00840,4096
052423_SEG_TURN_00995,4097
052423_SEG_CURR_NEXT_00995,4098
052423_SEG_PREV_CURR_00996,4099
052423_SEG_TURN_01094,4100
052423_SEG_TURN_01016,4101
052423_SEG_TURN_01029,4102
052423_SEG_TURN_01007,4103
052315_SEG_TURN_01185,4104
052423_SEG_TURN_01011,4105
052556_SEG_PREV_CURR_00841,4106
052556_SEG_CURR_NEXT_00840,4107
052423_SEG_CURR_NEXT_01079,4108
052423_SEG_PREV_CURR_01080,4109
052315_SEG_TURN_00075,4110
052423_SEG_PREV_CURR_00995,4111
052423_SEG_CURR_NEXT_00994,4112
052556_SEG_TURN_00777,4113
052556_SEG_TURN_00844,4114
052556_SEG_CURR_NEXT_00776,4115
052556_SEG_PREV_CURR_00777,4116
052556_SEG_CURR_NEXT_00777,4117
052556_SEG_PREV_CURR_00778,4118
052423_SEG_TURN_00999,4119
052423_SEG_PREV_CURR_01006,4120
052423_SEG_CURR_NEXT_01005,4121
052315_SEG_TURN_01319,4122
052423_SEG_PREV_CURR_01007,4123
052423_SEG_CURR_NEXT_01006,4124
052315_SEG_PREV_CURR_01182,4125
052315_SEG_CURR_NEXT_01181,4126
052423_SEG_PREV_CURR_00997,4127
052315_SEG_TURN_01339,4128
052315_SEG_PREV_CURR_01340,4129
052315_SEG_CURR_NEXT_01339,4130
052315_SEG_CURR_NEXT_01338,4131
052315_SEG_PREV_CURR_01339,4132
052556_SEG_TURN_00904,4133
052556_SEG_CURR_NEXT_00903,4134
052556_SEG_PREV_CURR_00904,4135
052315_SEG_TURN_01304,4136
052315_SEG_CURR_NEXT_01304,4137
052315_SEG_PREV_CURR_01305,4138
052315_SEG_CURR_NEXT_01303,4139
052315_SEG_PREV_CURR_01304,4140
052364_SEG_TURN_00185,4141
052364_SEG_TURN_00618,4142
052556_SEG_PREV_CURR_00905,4143
052556_SEG_CURR_NEXT_00904,4144
052364_SEG_CURR_NEXT_00618,4145
052364_SEG_PREV_CURR_00619,4146
052364_SEG_TURN_00506,4147
052364_SEG_PREV_CURR_00618,4148
052364_SEG_CURR_NEXT_00617,4149
052556_SEG_TURN_00813,4150
052364_SEG_CURR_NEXT_00185,4151
052364_SEG_PREV_CURR_00186,4152
052556_SEG_TURN_00587,4153
052280_SEG_PREV_CURR_00624,4154
052280_SEG_CURR_NEXT_00623,4155
052364_SEG_TURN_01023,4156
052364_SEG_CURR_NEXT_00505,4157
052364_SEG_PREV_CURR_00506,4158
052364_SEG_PREV_CURR_00507,4159
052364_SEG_CURR_NEXT_00506,4160
052556_SEG_CURR_NEXT_00587,4161
052556_SEG_PREV_CURR_00588,4162
052364_SEG_TURN_00196,4163
052280_SEG_TURN_00623,4164
052280_SEG_TURN_00624,4165
052364_SEG_PREV_CURR_00185,4166
052364_SEG_CURR_NEXT_00184,4167
052280_SEG_TURN_00813,4168
052364_SEG_TURN_00453,4169
052556_SEG_PREV_CURR_00813,4170
052556_SEG_CURR_NEXT_00812,4171
052315_SEG_TURN_01335,4172
052556_SEG_CURR_NEXT_00813,4173
052556_SEG_PREV_CURR_00814,4174
052280_SEG_TURN_00428,4175
052556_SEG_CURR_NEXT_00586,4176
052556_SEG_PREV_CURR_00587,4177
052315_SEG_TURN_01051,4178
052315_SEG_CURR_NEXT_01051,4179
052315_SEG_PREV_CURR_01052,4180
052315_SEG_TURN_01029,4181
052315_SEG_CURR_NEXT_01050,4182
052315_SEG_PREV_CURR_01051,4183
052315_SEG_PREV_CURR_01030,4184
052315_SEG_CURR_NEXT_01029,4185
052315_SEG_CURR_NEXT_01028,4186
052315_SEG_PREV_CURR_01029,4187
052315_SEG_TURN_01039,4188
052315_SEG_CURR_NEXT_01038,4189
052315_SEG_PREV_CURR_01039,4190
052315_SEG_PREV_CURR_01040,4191
052315_SEG_CURR_NEXT_01039,4192
052423_SEG_TURN_00754,4193
052423_SEG_TURN_00752,4194
052423_SEG_CURR_NEXT_00753,4195
052423_SEG_PREV_CURR_00754,4196
052423_SEG_PREV_CURR_00755,4197
052423_SEG_CURR_NEXT_00754,4198
052315_SEG_PREV_CURR_01037,4199
052315_SEG_CURR_NEXT_01036,4200
052364_SEG_TURN_01176,4201
052423_SEG_CURR_NEXT_00751,4202
052423_SEG_PREV_CURR_00752,4203
052423_SEG_TURN_00413,4204
052423_SEG_PREV_CURR_00753,4205
052423_SEG_CURR_NEXT_00752,4206
052364_SEG_TURN_00368,4207
052364_SEG_PREV_CURR_01176,4208
052364_SEG_CURR_NEXT_01175,4209
052315_SEG_TURN_01036,4210
052364_SEG_TURN_00372,4211
052423_SEG_PREV_CURR_00413,4212
052423_SEG_CURR_NEXT_00412,4213
052364_SEG_PREV_CURR_01177,4214
052364_SEG_CURR_NEXT_01176,4215
052364_SEG_TURN_00376,4216
052315_SEG_PREV_CURR_01036,4217
052315_SEG_CURR_NEXT_01035,4218
052364_SEG_PREV_CURR_00369,4219
052364_SEG_CURR_NEXT_00368,4220
052423_SEG_TURN_00748,4221
052423_SEG_PREV_CURR_00414,4222
052423_SEG_CURR_NEXT_00413,4223
052364_SEG_TURN_00383,4224
052315_SEG_TURN_01042,4225
052364_SEG_CURR_NEXT_00382,4226
052364_SEG_PREV_CURR_00383,4227
052423_SEG_PREV_CURR_00628,4228
052423_SEG_CURR_NEXT_00627,4229
052423_SEG_TURN_00406,4230
052423_SEG_TURN_00051,4231
052423_SEG_TURN_01198,4232
052423_SEG_TURN_01432,4233
052423_SEG_TURN_01196,4234
052423_SEG_TURN_00606,4235
052423_SEG_TURN_00866,4236
052423_SEG_TURN_00628,4237
052423_SEG_TURN_00860,4238
052423_SEG_TURN_00862,4239
052423_SEG_TURN_00041,4240
052423_SEG_TURN_00494,4241
052423_SEG_TURN_00492,4242
052423_SEG_TURN_00727,4243
052423_SEG_TURN_01035,4244
052423_SEG_TURN_00627,4245
052423_SEG_TURN_00842,4246
052423_SEG_TURN_00071,4247
052423_SEG_TURN_00047,4248
052423_SEG_TURN_00039,4249
052423_SEG_PREV_CURR_00627,4250
052423_SEG_CURR_NEXT_00626,4251
052423_SEG_TURN_00735,4252
052423_SEG_TURN_00719,4253
052423_SEG_TURN_00077,4254
052423_SEG_TURN_00620,4255
052423_SEG_TURN_00035,4256
052423_SEG_TURN_01322,4257
052423_SEG_TURN_01324,4258
052423_SEG_TURN_00360,4259
052423_SEG_TURN_00323,4260
052423_SEG_TURN_00027,4261
052423_SEG_TURN_00733,4262
052423_SEG_TURN_00634,4263
052423_SEG_TURN_00940,4264
052423_SEG_TURN_01318,4265
052423_SEG_TURN_00490,4266
052423_SEG_TURN_01430,4267
052423_SEG_TURN_00081,4268
052423_SEG_TURN_00614,4269
052423_SEG_TURN_00858,4270
052423_SEG_TURN_00838,4271
052423_SEG_TURN_00600,4272
052423_SEG_TURN_00067,4273
052423_SEG_TURN_00864,4274
052423_SEG_TURN_00053,4275
052423_SEG_TURN_00638,4276
052423_SEG_TURN_00049,4277
052423_SEG_PREV_CURR_00277,4278
052423_SEG_CURR_NEXT_00276,4279
052423_SEG_TURN_00277,4280
052423_SEG_CURR_NEXT_00277,4281
052423_SEG_PREV_CURR_00278,4282
052423_SEG_TURN_00276,4283
052423_SEG_TURN_00093,4284
052423_SEG_TURN_00298,4285
052423_SEG_TURN_00007,4286
052423_SEG_CURR_NEXT_00092,4287
052423_SEG_PREV_CURR_00093,4288
052423_SEG_CURR_NEXT_00007,4289
052423_SEG_PREV_CURR_00008,4290
052423_SEG_CURR_NEXT_00006,4291
052423_SEG_PREV_CURR_00007,4292
052423_SEG_TURN_00315,4293
052423_SEG_PREV_CURR_00299,4294
052423_SEG_CURR_NEXT_00298,4295
052423_SEG_CURR_NEXT_00297,4296
052423_SEG_PREV_CURR_00298,4297
052423_SEG_PREV_CURR_00316,4298
052423_SEG_CURR_NEXT_00315,4299
052423_SEG_PREV_CURR_00094,4300
052423_SEG_CURR_NEXT_00093,4301
052423_SEG_PREV_CURR_00315,4302
052423_SEG_CURR_NEXT_00314,4303
052423_SEG_TURN_01491,4304
052423_SEG_TURN_00304,4305
052423_SEG_PREV_CURR_01491,4306
052423_SEG_CURR_NEXT_01490,4307
052423_SEG_TURN_01049,4308
052423_SEG_CURR_NEXT_01048,4309
052423_SEG_PREV_CURR_01049,4310
052423_SEG_PREV_CURR_00304,4311
052423_SEG_CURR_NEXT_00303,4312
052423_SEG_PREV_CURR_00305,4313
052423_SEG_CURR_NEXT_00304,4314
052423_SEG_CURR_NEXT_01491,4315
052423_SEG_PREV_CURR_01492,4316
052556_SEG_TURN_00088,4317
052423_SEG_TURN_00737,4318
052556_SEG_CURR_NEXT_00088,4319
052556_SEG_PREV_CURR_00089,4320
052423_SEG_CURR_NEXT_01049,4321
052423_SEG_PREV_CURR_01050,4322
052423_SEG_TURN_01482,4323
052423_SEG_CURR_NEXT_01482,4324
052423_SEG_PREV_CURR_01483,4325
052229_SEG_TURN_00480,4326
052229_SEG_CURR_NEXT_00480,4327
052229_SEG_PREV_CURR_00481,4328
052229_SEG_CURR_NEXT_00479,4329
052229_SEG_PREV_CURR_00480,4330
052229_SEG_TURN_01199,4331
052229_SEG_TURN_00478,4332
052229_SEG_CURR_NEXT_00478,4333
052229_SEG_PREV_CURR_00479,4334
052229_SEG_CURR_NEXT_00477,4335
052229_SEG_PREV_CURR_00478,4336
052229_SEG_CURR_NEXT_01199,4337
052229_SEG_PREV_CURR_01200,4338
052229_SEG_TURN_00470,4339
052423_SEG_TURN_01300,4340
052229_SEG_CURR_NEXT_00469,4341
052229_SEG_PREV_CURR_00470,4342
052423_SEG_TURN_00130,4343
052229_SEG_PREV_CURR_00471,4344
052229_SEG_CURR_NEXT_00470,4345
052229_SEG_TURN_01189,4346
052229_SEG_CURR_NEXT_01198,4347
052229_SEG_PREV_CURR_01199,4348
052229_SEG_CURR_NEXT_01188,4349
052229_SEG_PREV_CURR_01189,4350
052229_SEG_CURR_NEXT_01189,4351
052229_SEG_PREV_CURR_01190,4352
052556_SEG_TURN_00931,4353
052423_SEG_PREV_CURR_00131,4354
052423_SEG_CURR_NEXT_00130,4355
052556_SEG_PREV_CURR_00931,4356
052556_SEG_CURR_NEXT_00930,4357
052229_SEG_TURN_01187,4358
052556_SEG_CURR_NEXT_00931,4359
052556_SEG_PREV_CURR_00932,4360
052229_SEG_CURR_NEXT_01187,4361
052229_SEG_PREV_CURR_01188,4362
052229_SEG_CURR_NEXT_01186,4363
052229_SEG_PREV_CURR_01187,4364
052280_SEG_TURN_00989,4365
052423_SEG_TURN_00479,4366
052423_SEG_TURN_01009,4367
052315_SEG_TURN_00189,4368
052229_SEG_TURN_00466,4369
052556_SEG_TURN_00914,4370
052229_SEG_PREV_CURR_00467,4371
052229_SEG_CURR_NEXT_00466,4372
052423_SEG_TURN_00815,4373
052423_SEG_CURR_NEXT_00478,4374
052423_SEG_PREV_CURR_00479,4375
052229_SEG_TURN_01049,4376
052229_SEG_CURR_NEXT_01048,4377
052229_SEG_PREV_CURR_01049,4378
052229_SEG_CURR_NEXT_01049,4379
052229_SEG_PREV_CURR_01050,4380
052493_SEG_TURN_01239,4381
052315_SEG_TURN_00435,4382
052556_SEG_TURN_00879,4383
052556_SEG_TURN_00783,4384
052556_SEG_CURR_NEXT_00782,4385
052556_SEG_PREV_CURR_00783,4386
052556_SEG_TURN_00525,4387
052556_SEG_TURN_00857,4388
052556_SEG_PREV_CURR_00879,4389
052556_SEG_CURR_NEXT_00878,4390
052556_SEG_CURR_NEXT_00783,4391
052556_SEG_PREV_CURR_00784,4392
052493_SEG_TURN_01251,4393
052423_SEG_TURN_00167,4394
052556_SEG_TURN_00355,4395
052556_SEG_CURR_NEXT_00524,4396
052556_SEG_PREV_CURR_00525,4397
052493_SEG_TURN_01237,4398
052423_SEG_TURN_01101,4399
052556_SEG_TURN_00839,4400
052315_SEG_TURN_00850,4401
052493_SEG_PREV_CURR_01240,4402
052493_SEG_CURR_NEXT_01239,4403
052493_SEG_CURR_NEXT_01238,4404
052493_SEG_PREV_CURR_01239,4405
052315_SEG_TURN_01175,4406
052423_SEG_TURN_00744,4407
052556_SEG_PREV_CURR_00839,4408
052556_SEG_CURR_NEXT_00838,4409
052493_SEG_TURN_01247,4410
052556_SEG_TURN_00382,4411
052493_SEG_CURR_NEXT_01236,4412
052493_SEG_PREV_CURR_01237,4413
052423_SEG_PREV_CURR_00168,4414
052423_SEG_CURR_NEXT_00167,4415
052493_SEG_PREV_CURR_01238,4416
052493_SEG_CURR_NEXT_01237,4417
052315_SEG_PREV_CURR_01175,4418
052315_SEG_CURR_NEXT_01174,4419
052493_SEG_TURN_01354,4420
052364_SEG_TURN_01158,4421
052493_SEG_TURN_00637,4422
052315_SEG_CURR_NEXT_00850,4423
052315_SEG_PREV_CURR_00851,4424
052229_SEG_TURN_01118,4425
052229_SEG_CURR_NEXT_01118,4426
052229_SEG_PREV_CURR_01119,4427
052229_SEG_CURR_NEXT_01117,4428
052229_SEG_PREV_CURR_01118,4429
052229_SEG_TURN_01110,4430
052229_SEG_PREV_CURR_01111,4431
052229_SEG_CURR_NEXT_01110,4432
052229_SEG_PREV_CURR_01110,4433
052229_SEG_CURR_NEXT_01109,4434
052229_SEG_TURN_01104,4435
052229_SEG_PREV_CURR_01105,4436
052229_SEG_CURR_NEXT_01104,4437
052229_SEG_TURN_01106,4438
052229_SEG_PREV_CURR_01104,4439
052229_SEG_CURR_NEXT_01103,4440
052229_SEG_TURN_01100,4441
052229_SEG_PREV_CURR_01100,4442
052229_SEG_CURR_NEXT_01099,4443
052229_SEG_PREV_CURR_01107,4444
052229_SEG_CURR_NEXT_01106,4445
052229_SEG_TURN_01108,4446
052229_SEG_CURR_NEXT_01100,4447
052229_SEG_PREV_CURR_01101,4448
052229_SEG_CURR_NEXT_01105,4449
052229_SEG_PREV_CURR_01106,4450
052229_SEG_PREV_CURR_01108,4451
052229_SEG_CURR_NEXT_01107,4452
052229_SEG_CURR_NEXT_01108,4453
052229_SEG_PREV_CURR_01109,4454
052229_SEG_TURN_01112,4455
052229_SEG_TURN_01098,4456
052229_SEG_CURR_NEXT_01098,4457
052229_SEG_PREV_CURR_01099,4458
052229_SEG_PREV_CURR_01112,4459
052229_SEG_CURR_NEXT_01111,4460
052229_SEG_PREV_CURR_01098,4461
052229_SEG_CURR_NEXT_01097,4462
052229_SEG_CURR_NEXT_01112,4463
052229_SEG_PREV_CURR_01113,4464
052229_SEG_TURN_01114,4465
052229_SEG_CURR_NEXT_01113,4466
052229_SEG_PREV_CURR_01114,4467
052229_SEG_CURR_NEXT_01114,4468
052229_SEG_PREV_CURR_01115,4469
052556_SEG_TURN_00917,4470
052423_SEG_TURN_00790,4471
052423_SEG_TURN_00792,4472
052423_SEG_PREV_CURR_00790,4473
052423_SEG_CURR_NEXT_00789,4474
052229_SEG_TURN_00218,4475
052229_SEG_PREV_CURR_00219,4476
052229_SEG_CURR_NEXT_00218,4477
052229_SEG_PREV_CURR_00218,4478
052229_SEG_CURR_NEXT_00217,4479
052229_SEG_TURN_00367,4480
052229_SEG_PREV_CURR_00368,4481
052229_SEG_CURR_NEXT_00367,4482
052364_SEG_TURN_00161,4483
052229_SEG_TURN_00307,4484
052229_SEG_TURN_00287,4485
052364_SEG_CURR_NEXT_00160,4486
052364_SEG_PREV_CURR_00161,4487
052364_SEG_PREV_CURR_00162,4488
052364_SEG_CURR_NEXT_00161,4489
052229_SEG_PREV_CURR_00367,4490
052229_SEG_CURR_NEXT_00366,4491
052229_SEG_TURN_00342,4492
052229_SEG_PREV_CURR_00343,4493
052229_SEG_CURR_NEXT_00342,4494
052423_SEG_TURN_00210,4495
052229_SEG_TURN_00028,4496
052229_SEG_PREV_CURR_00342,4497
052229_SEG_CURR_NEXT_00341,4498
052229_SEG_CURR_NEXT_00028,4499
052229_SEG_PREV_CURR_00029,4500
052229_SEG_TURN_00265,4501
052423_SEG_PREV_CURR_00211,4502
052423_SEG_CURR_NEXT_00210,4503
052229_SEG_TURN_00167,4504
052229_SEG_PREV_CURR_00167,4505
052229_SEG_CURR_NEXT_00166,4506
052229_SEG_PREV_CURR_00288,4507
052229_SEG_CURR_NEXT_00287,4508
052229_SEG_CURR_NEXT_00027,4509
052229_SEG_PREV_CURR_00028,4510
052280_SEG_TURN_00861,4511
052229_SEG_TURN_00356,4512
052229_SEG_CURR_NEXT_00307,4513
052229_SEG_PREV_CURR_00308,4514
052229_SEG_PREV_CURR_00168,4515
052229_SEG_CURR_NEXT_00167,4516
052229_SEG_PREV_CURR_00266,4517
052229_SEG_CURR_NEXT_00265,4518
052229_SEG_TURN_00065,4519
052423_SEG_PREV_CURR_00210,4520
052423_SEG_CURR_NEXT_00209,4521
052364_SEG_TURN_00305,4522
052364_SEG_PREV_CURR_00306,4523
052364_SEG_CURR_NEXT_00305,4524
052229_SEG_TURN_00315,4525
052229_SEG_CURR_NEXT_00315,4526
052229_SEG_PREV_CURR_00316,4527
052229_SEG_TURN_00290,4528
052229_SEG_TURN_00193,4529
052423_SEG_TURN_00190,4530
052423_SEG_PREV_CURR_00190,4531
052423_SEG_CURR_NEXT_00189,4532
052229_SEG_CURR_NEXT_00193,4533
052229_SEG_PREV_CURR_00194,4534
052229_SEG_CURR_NEXT_00192,4535
052229_SEG_PREV_CURR_00193,4536
052423_SEG_CURR_NEXT_00190,4537
052423_SEG_PREV_CURR_00191,4538
052493_SEG_TURN_00009,4539
052423_SEG_TURN_00208,4540
052556_SEG_TURN_00013,4541
052423_SEG_TURN_00200,4542
052423_SEG_CURR_NEXT_00207,4543
052423_SEG_PREV_CURR_00208,4544
052229_SEG_CURR_NEXT_00289,4545
052229_SEG_PREV_CURR_00290,4546
052229_SEG_TURN_00276,4547
052229_SEG_TURN_00137,4548
052229_SEG_TURN_00969,4549
052280_SEG_TURN_00008,4550
052229_SEG_TURN_00416,4551
052229_SEG_CURR_NEXT_00290,4552
052229_SEG_PREV_CURR_00291,4553
052229_SEG_CURR_NEXT_00276,4554
052229_SEG_PREV_CURR_00277,4555
052229_SEG_PREV_CURR_00138,4556
052229_SEG_CURR_NEXT_00137,4557
052423_SEG_PREV_CURR_00200,4558
052423_SEG_CURR_NEXT_00199,4559
052423_SEG_CURR_NEXT_00200,4560
052423_SEG_PREV_CURR_00201,4561
052229_SEG_CURR_NEXT_00275,4562
052229_SEG_PREV_CURR_00276,4563
052229_SEG_PREV_CURR_00417,4564
052229_SEG_CURR_NEXT_00416,4565
052229_SEG_CURR_NEXT_00415,4566
052229_SEG_PREV_CURR_00416,4567
052229_SEG_CURR_NEXT_00968,4568
052229_SEG_PREV_CURR_00969,4569
052315_SEG_TURN_00101,4570
052229_SEG_CURR_NEXT_00969,4571
052229_SEG_PREV_CURR_00970,4572
052315_SEG_PREV_CURR_00101,4573
052315_SEG_CURR_NEXT_00100,4574
052229_SEG_TURN_00980,4575
052229_SEG_TURN_00973,4576
052229_SEG_PREV_CURR_00974,4577
052229_SEG_CURR_NEXT_00973,4578
052229_SEG_CURR_NEXT_00972,4579
052229_SEG_PREV_CURR_00973,4580
052229_SEG_TURN_00977,4581
052229_SEG_PREV_CURR_00977,4582
052229_SEG_CURR_NEXT_00976,4583
052315_SEG_TURN_00505,4584
052493_SEG_TURN_00385,4585
052229_SEG_PREV_CURR_00981,4586
052229_SEG_CURR_NEXT_00980,4587
052229_SEG_CURR_NEXT_00979,4588
052229_SEG_PREV_CURR_00980,4589
052229_SEG_PREV_CURR_00978,4590
052229_SEG_CURR_NEXT_00977,4591
052315_SEG_PREV_CURR_00582,4592
052315_SEG_CURR_NEXT_00581,4593
052423_SEG_TURN_00794,4594
052315_SEG_PREV_CURR_00510,4595
052315_SEG_CURR_NEXT_00509,4596
052423_SEG_PREV_CURR_00794,4597
052423_SEG_CURR_NEXT_00793,4598
052315_SEG_CURR_NEXT_00505,4599
052315_SEG_PREV_CURR_00506,4600
052280_SEG_TURN_00809,4601
052315_SEG_TURN_00581,4602
052315_SEG_PREV_CURR_00505,4603
052315_SEG_CURR_NEXT_00504,4604
052229_SEG_TURN_00971,4605
052229_SEG_CURR_NEXT_00971,4606
052229_SEG_PREV_CURR_00972,4607
052315_SEG_TURN_00510,4608
052315_SEG_PREV_CURR_00581,4609
052315_SEG_CURR_NEXT_00580,4610
052229_SEG_PREV_CURR_00971,4611
052229_SEG_CURR_NEXT_00970,4612
052229_SEG_TURN_00979,4613
052315_SEG_TURN_00509,4614
052423_SEG_TURN_01213,4615
052315_SEG_TURN_00582,4616
052229_SEG_TURN_00985,4617
052423_SEG_PREV_CURR_00795,4618
052423_SEG_CURR_NEXT_00794,4619
052229_SEG_TURN_00332,4620
052229_SEG_PREV_CURR_00333,4621
052229_SEG_CURR_NEXT_00332,4622
052229_SEG_PREV_CURR_00985,4623
052229_SEG_CURR_NEXT_00984,4624
052315_SEG_TURN_00493,4625
052315_SEG_TURN_00697,4626
052315_SEG_CURR_NEXT_00492,4627
052315_SEG_PREV_CURR_00493,4628
052315_SEG_PREV_CURR_00697,4629
052315_SEG_CURR_NEXT_00696,4630
052556_SEG_TURN_00247,4631
052315_SEG_PREV_CURR_00698,4632
052315_SEG_CURR_NEXT_00697,4633
052229_SEG_TURN_00010,4634
052280_SEG_TURN_00821,4635
052556_SEG_TURN_00954,4636
052229_SEG_CURR_NEXT_00010,4637
052229_SEG_PREV_CURR_00011,4638
052493_SEG_TURN_01022,4639
052493_SEG_CURR_NEXT_01021,4640
052493_SEG_PREV_CURR_01022,4641
052493_SEG_TURN_00805,4642
052315_SEG_TURN_00503,4643
052315_SEG_TURN_01071,4644
052493_SEG_PREV_CURR_01023,4645
052493_SEG_CURR_NEXT_01022,4646
052423_SEG_TURN_00257,4647
052315_SEG_CURR_NEXT_01070,4648
052315_SEG_PREV_CURR_01071,4649
052423_SEG_CURR_NEXT_00257,4650
052423_SEG_PREV_CURR_00258,4651
052423_SEG_CURR_NEXT_00256,4652
052423_SEG_PREV_CURR_00257,4653
052280_SEG_TURN_01030,4654
052280_SEG_TURN_00922,4655
052229_SEG_TURN_00413,4656
052315_SEG_TURN_00574,4657
052315_SEG_PREV_CURR_01072,4658
052315_SEG_CURR_NEXT_01071,4659
052315_SEG_CURR_NEXT_00493,4660
052315_SEG_PREV_CURR_00494,4661
052280_SEG_TURN_00964,4662
052280_SEG_PREV_CURR_00922,4663
052280_SEG_CURR_NEXT_00921,4664
052556_SEG_TURN_00327,4665
052315_SEG_TURN_01065,4666
052493_SEG_CURR_NEXT_00804,4667
052493_SEG_PREV_CURR_00805,4668
052315_SEG_CURR_NEXT_01064,4669
052315_SEG_PREV_CURR_01065,4670
052315_SEG_PREV_CURR_00575,4671
052315_SEG_CURR_NEXT_00574,4672
052423_SEG_TURN_00243,4673
052493_SEG_TURN_00949,4674
052229_SEG_TURN_00858,4675
052229_SEG_CURR_NEXT_00858,4676
052229_SEG_PREV_CURR_00859,4677
052229_SEG_CURR_NEXT_00857,4678
052229_SEG_PREV_CURR_00858,4679
052229_SEG_TURN_00650,4680
052364_SEG_TURN_01005,4681
052229_SEG_PREV_CURR_00651,4682
052229_SEG_CURR_NEXT_00650,4683
052229_SEG_PREV_CURR_00650,4684
052229_SEG_CURR_NEXT_00649,4685
052364_SEG_TURN_00377,4686
052364_SEG_CURR_NEXT_00377,4687
052364_SEG_PREV_CURR_00378,4688
052364_SEG_CURR_NEXT_00376,4689
052364_SEG_PREV_CURR_00377,4690
052315_SEG_TURN_00109,4691
052315_SEG_TURN_00983,4692
052315_SEG_PREV_CURR_00110,4693
052315_SEG_CURR_NEXT_00109,4694
052315_SEG_CURR_NEXT_00108,4695
052315_SEG_PREV_CURR_00109,4696
052364_SEG_PREV_CURR_01006,4697
052364_SEG_CURR_NEXT_01005,4698
052423_SEG_TURN_00500,4699
052364_SEG_TURN_00381,4700
052315_SEG_TURN_01332,4701
052315_SEG_CURR_NEXT_01332,4702
052315_SEG_PREV_CURR_01333,4703
052315_SEG_PREV_CURR_01332,4704
052315_SEG_CURR_NEXT_01331,4705
052229_SEG_TURN_00614,4706
052229_SEG_PREV_CURR_00615,4707
052229_SEG_CURR_NEXT_00614,4708
052229_SEG_PREV_CURR_00614,4709
052229_SEG_CURR_NEXT_00613,4710
052364_SEG_TURN_00990,4711
052364_SEG_TURN_01009,4712
052556_SEG_TURN_00066,4713
052364_SEG_TURN_01132,4714
052364_SEG_TURN_01003,4715
052364_SEG_CURR_NEXT_00990,4716
052364_SEG_PREV_CURR_00991,4717
052364_SEG_PREV_CURR_00381,4718
052364_SEG_CURR_NEXT_00380,4719
052423_SEG_CURR_NEXT_00500,4720
052423_SEG_PREV_CURR_00501,4721
052315_SEG_TURN_00111,4722
052229_SEG_PREV_CURR_00689,4723
052229_SEG_CURR_NEXT_00688,4724
052229_SEG_TURN_00689,4725
052229_SEG_CURR_NEXT_00689,4726
052229_SEG_PREV_CURR_00690,4727
052315_SEG_TURN_01382,4728
052229_SEG_PREV_CURR_00688,4729
052229_SEG_CURR_NEXT_00687,4730
052493_SEG_TURN_00819,4731
052229_SEG_TURN_00687,4732
052229_SEG_PREV_CURR_00687,4733
052229_SEG_CURR_NEXT_00686,4734
052493_SEG_TURN_00817,4735
052493_SEG_CURR_NEXT_00819,4736
052493_SEG_PREV_CURR_00820,4737
052315_SEG_PREV_CURR_01382,4738
052315_SEG_CURR_NEXT_01381,4739
052493_SEG_CURR_NEXT_00816,4740
052493_SEG_PREV_CURR_00817,4741
052493_SEG_PREV_CURR_00819,4742
052493_SEG_CURR_NEXT_00818,4743
052493_SEG_CURR_NEXT_00817,4744
052493_SEG_PREV_CURR_00818,4745
052315_SEG_TURN_01381,4746
052315_SEG_TURN_00952,4747
052315_SEG_PREV_CURR_00952,4748
052315_SEG_CURR_NEXT_00951,4749
052315_SEG_CURR_NEXT_00952,4750
052315_SEG_PREV_CURR_00953,4751
052493_SEG_TURN_00785,4752
052493_SEG_PREV_CURR_00785,4753
052493_SEG_CURR_NEXT_00784,4754
052493_SEG_PREV_CURR_00786,4755
052493_SEG_CURR_NEXT_00785,4756
052229_SEG_TURN_00691,4757
052229_SEG_CURR_NEXT_00691,4758
052229_SEG_PREV_CURR_00692,4759
052229_SEG_PREV_CURR_00691,4760
052229_SEG_CURR_NEXT_00690,4761
052556_SEG_TURN_01037,4762
052229_SEG_TURN_00015,4763
052229_SEG_TURN_00688,4764
052315_SEG_PREV_CURR_01381,4765
052315_SEG_CURR_NEXT_01380,4766
052229_SEG_TURN_00685,4767
052493_SEG_TURN_00788,4768
052229_SEG_CURR_NEXT_01195,4769
052229_SEG_PREV_CURR_01196,4770
052493_SEG_TURN_01558,4771
052229_SEG_TURN_00827,4772
052229_SEG_PREV_CURR_00828,4773
052229_SEG_CURR_NEXT_00827,4774
052229_SEG_CURR_NEXT_00826,4775
052229_SEG_PREV_CURR_00827,4776
052493_SEG_TURN_00192,4777
052229_SEG_TURN_00830,4778
052493_SEG_CURR_NEXT_00192,4779
052493_SEG_PREV_CURR_00193,4780
052229_SEG_PREV_CURR_00830,4781
052229_SEG_CURR_NEXT_00829,4782
052493_SEG_CURR_NEXT_00191,4783
052493_SEG_PREV_CURR_00192,4784
052229_SEG_TURN_00829,4785
052229_SEG_CURR_NEXT_00828,4786
052229_SEG_PREV_CURR_00829,4787
052493_SEG_TURN_00194,4788
052493_SEG_PREV_CURR_00194,4789
052493_SEG_CURR_NEXT_00193,4790
052493_SEG_CURR_NEXT_00194,4791
052493_SEG_PREV_CURR_00195,4792
052493_SEG_TURN_00212,4793
052493_SEG_CURR_NEXT_00211,4794
052493_SEG_PREV_CURR_00212,4795
052229_SEG_PREV_CURR_00831,4796
052229_SEG_CURR_NEXT_00830,4797
052493_SEG_PREV_CURR_00213,4798
052493_SEG_CURR_NEXT_00212,4799
052493_SEG_TURN_01512,4800
052493_SEG_TURN_01500,4801
052493_SEG_CURR_NEXT_01512,4802
052493_SEG_PREV_CURR_01513,4803
052493_SEG_CURR_NEXT_01511,4804
052493_SEG_PREV_CURR_01512,4805
052493_SEG_TURN_00431,4806
052493_SEG_PREV_CURR_00432,4807
052493_SEG_CURR_NEXT_00431,4808
052493_SEG_PREV_CURR_00431,4809
052493_SEG_CURR_NEXT_00430,4810
052493_SEG_TURN_01494,4811
052493_SEG_PREV_CURR_01494,4812
052493_SEG_CURR_NEXT_01493,4813
052493_SEG_PREV_CURR_01495,4814
052493_SEG_CURR_NEXT_01494,4815
052493_SEG_TURN_01508,4816
052280_SEG_TURN_00202,4817
052423_SEG_TURN_01191,4818
052280_SEG_CURR_NEXT_00202,4819
052280_SEG_PREV_CURR_00203,4820
052229_SEG_TURN_01041,4821
052229_SEG_CURR_NEXT_01041,4822
052229_SEG_PREV_CURR_01042,4823
052315_SEG_TURN_00466,4824
052229_SEG_PREV_CURR_01041,4825
052229_SEG_CURR_NEXT_01040,4826
052315_SEG_CURR_NEXT_00466,4827
052315_SEG_PREV_CURR_00467,4828
052229_SEG_TURN_01031,4829
052229_SEG_CURR_NEXT_01030,4830
052229_SEG_PREV_CURR_01031,4831
052315_SEG_TURN_00665,4832
052229_SEG_CURR_NEXT_01031,4833
052229_SEG_PREV_CURR_01032,4834
052493_SEG_TURN_00505,4835
052315_SEG_CURR_NEXT_00664,4836
052315_SEG_PREV_CURR_00665,4837
052556_SEG_TURN_01005,4838
052315_SEG_PREV_CURR_00666,4839
052315_SEG_CURR_NEXT_00665,4840
052423_SEG_TURN_00823,4841
052423_SEG_TURN_01087,4842
052229_SEG_TURN_00867,4843
052493_SEG_TURN_00119,4844
052423_SEG_CURR_NEXT_00822,4845
052423_SEG_PREV_CURR_00823,4846
052493_SEG_PREV_CURR_00506,4847
052493_SEG_CURR_NEXT_00505,4848
052493_SEG_TURN_01471,4849
052493_SEG_PREV_CURR_00505,4850
052493_SEG_CURR_NEXT_00504,4851
052556_SEG_PREV_CURR_01006,4852
052556_SEG_CURR_NEXT_01005,4853
052423_SEG_PREV_CURR_01087,4854
052423_SEG_CURR_NEXT_01086,4855
052280_SEG_TURN_01040,4856
052315_SEG_PREV_CURR_00466,4857
052315_SEG_CURR_NEXT_00465,4858
052493_SEG_CURR_NEXT_01470,4859
052493_SEG_PREV_CURR_01471,4860
052280_SEG_TURN_00911,4861
052423_SEG_PREV_CURR_00824,4862
052423_SEG_CURR_NEXT_00823,4863
052280_SEG_CURR_NEXT_01040,4864
052280_SEG_PREV_CURR_01041,4865
052493_SEG_CURR_NEXT_01471,4866
052493_SEG_PREV_CURR_01472,4867
052493_SEG_TURN_00862,4868
052493_SEG_PREV_CURR_00863,4869
052493_SEG_CURR_NEXT_00862,4870
052493_SEG_TURN_01312,4871
052556_SEG_TURN_00469,4872
052493_SEG_PREV_CURR_01312,4873
052493_SEG_CURR_NEXT_01311,4874
052493_SEG_PREV_CURR_01313,4875
052493_SEG_CURR_NEXT_01312,4876
052556_SEG_CURR_NEXT_00468,4877
052556_SEG_PREV_CURR_00469,4878
052556_SEG_CURR_NEXT_00469,4879
052556_SEG_PREV_CURR_00470,4880
052493_SEG_TURN_01316,4881
052493_SEG_CURR_NEXT_01315,4882
052493_SEG_PREV_CURR_01316,4883
052493_SEG_CURR_NEXT_01316,4884
052493_SEG_PREV_CURR_01317,4885
052493_SEG_TURN_00827,4886
052493_SEG_TURN_01310,4887
052493_SEG_PREV_CURR_01311,4888
052493_SEG_CURR_NEXT_01310,4889
052493_SEG_CURR_NEXT_00827,4890
052493_SEG_PREV_CURR_00828,4891
052493_SEG_TURN_01029,4892
052493_SEG_PREV_CURR_01310,4893
052493_SEG_CURR_NEXT_01309,4894
052423_SEG_TURN_00106,4895
052493_SEG_CURR_NEXT_01028,4896
052493_SEG_PREV_CURR_01029,4897
052493_SEG_CURR_NEXT_01081,4898
052493_SEG_PREV_CURR_01082,4899
052493_SEG_PREV_CURR_01081,4900
052493_SEG_CURR_NEXT_01080,4901
052493_SEG_TURN_01160,4902
052493_SEG_PREV_CURR_00827,4903
052493_SEG_CURR_NEXT_00826,4904
052423_SEG_TURN_00336,4905
052493_SEG_CURR_NEXT_01322,4906
052493_SEG_PREV_CURR_01323,4907
052493_SEG_TURN_00624,4908
052423_SEG_PREV_CURR_00106,4909
052423_SEG_CURR_NEXT_00105,4910
052493_SEG_TURN_01345,4911
052493_SEG_TURN_01319,4912
052493_SEG_CURR_NEXT_01321,4913
052493_SEG_PREV_CURR_01322,4914
052423_SEG_PREV_CURR_00336,4915
052423_SEG_CURR_NEXT_00335,4916
052493_SEG_CURR_NEXT_01029,4917
052493_SEG_PREV_CURR_01030,4918
052423_SEG_PREV_CURR_00107,4919
052423_SEG_CURR_NEXT_00106,4920
052493_SEG_PREV_CURR_01318,4921
052493_SEG_CURR_NEXT_01317,4922
052493_SEG_PREV_CURR_01319,4923
052493_SEG_CURR_NEXT_01318,4924
052493_SEG_TURN_00160,4925
052493_SEG_TURN_01318,4926
052493_SEG_TURN_01333,4927
052493_SEG_TURN_01269,4928
052493_SEG_TURN_01315,4929
052493_SEG_TURN_00239,4930
052493_SEG_TURN_01021,4931
052493_SEG_TURN_00574,4932
052493_SEG_TURN_01031,4933
052493_SEG_TURN_00891,4934
052493_SEG_TURN_00158,4935
052229_SEG_TURN_01035,4936
052493_SEG_TURN_00980,4937
052493_SEG_CURR_NEXT_01269,4938
052493_SEG_PREV_CURR_01270,4939
052493_SEG_TURN_01313,4940
052493_SEG_TURN_01317,4941
052493_SEG_TURN_01169,4942
052493_SEG_TURN_00168,4943
052493_SEG_TURN_01331,4944
052493_SEG_TURN_00620,4945
052493_SEG_TURN_00237,4946
052493_SEG_TURN_00170,4947
052493_SEG_TURN_01088,4948
052493_SEG_TURN_01027,4949
052493_SEG_TURN_00608,4950
052493_SEG_TURN_00756,4951
052493_SEG_TURN_01080,4952
052493_SEG_TURN_01173,4953
052493_SEG_TURN_01082,4954
052493_SEG_TURN_00564,4955
052493_SEG_TURN_00895,4956
052493_SEG_TURN_01019,4957
052493_SEG_TURN_00988,4958
052493_SEG_TURN_01311,4959
052493_SEG_TURN_00982,4960
052493_SEG_TURN_00610,4961
052493_SEG_PREV_CURR_00277,4962
052493_SEG_CURR_NEXT_00276,4963
052493_SEG_PREV_CURR_00278,4964
052493_SEG_CURR_NEXT_00277,4965
052493_SEG_TURN_00277,4966
052493_SEG_TURN_00070,4967
052556_SEG_TURN_00390,4968
052493_SEG_TURN_00238,4969
052493_SEG_CURR_NEXT_00292,4970
052493_SEG_PREV_CURR_00293,4971
052493_SEG_TURN_00227,4972
052493_SEG_TURN_00276,4973
052493_SEG_TURN_01156,4974
052493_SEG_TURN_00284,4975
052493_SEG_TURN_01154,4976
052493_SEG_TURN_00181,4977
052493_SEG_TURN_00842,4978
052493_SEG_TURN_00290,4979
052493_SEG_TURN_01152,4980
052493_SEG_TURN_00241,4981
052493_SEG_TURN_00848,4982
052280_SEG_TURN_01206,4983
052493_SEG_TURN_01150,4984
052493_SEG_TURN_00233,4985
052493_SEG_TURN_00299,4986
052493_SEG_TURN_01138,4987
052493_SEG_CURR_NEXT_00290,4988
052493_SEG_PREV_CURR_00291,4989
052493_SEG_CURR_NEXT_00291,4990
052493_SEG_PREV_CURR_00292,4991
052493_SEG_TURN_01096,4992
052493_SEG_TURN_01106,4993
052280_SEG_TURN_01131,4994
052493_SEG_TURN_00054,4995
052493_SEG_CURR_NEXT_00278,4996
052493_SEG_PREV_CURR_00279,4997
052493_SEG_CURR_NEXT_01095,4998
052493_SEG_PREV_CURR_01096,4999
052493_SEG_PREV_CURR_01095,5000
052493_SEG_CURR_NEXT_01094,5001
052280_SEG_PREV_CURR_01207,5002
052280_SEG_CURR_NEXT_01206,5003
052493_SEG_PREV_CURR_00281,5004
052493_SEG_CURR_NEXT_00280,5005
052493_SEG_TURN_00229,5006
052493_SEG_TURN_00056,5007
052493_SEG_TURN_00292,5008
052493_SEG_TURN_00219,5009
052493_SEG_TURN_00278,5010
052493_SEG_TURN_00187,5011
052493_SEG_CURR_NEXT_00238,5012
052493_SEG_PREV_CURR_00239,5013
052493_SEG_TURN_01548,5014
052493_SEG_PREV_CURR_00238,5015
052493_SEG_CURR_NEXT_00237,5016
052493_SEG_CURR_NEXT_01547,5017
052493_SEG_PREV_CURR_01548,5018
052315_SEG_PREV_CURR_01352,5019
052315_SEG_CURR_NEXT_01351,5020
052493_SEG_CURR_NEXT_00847,5021
052493_SEG_PREV_CURR_00848,5022
052493_SEG_TURN_00258,5023
052493_SEG_PREV_CURR_00259,5024
052493_SEG_CURR_NEXT_00258,5025
052493_SEG_PREV_CURR_00258,5026
052493_SEG_CURR_NEXT_00257,5027
052315_SEG_TURN_01351,5028
052315_SEG_CURR_NEXT_01350,5029
052315_SEG_PREV_CURR_01351,5030
052493_SEG_TURN_00281,5031
052493_SEG_PREV_CURR_00282,5032
052493_SEG_CURR_NEXT_00281,5033
052493_SEG_CURR_NEXT_00226,5034
052493_SEG_PREV_CURR_00227,5035
052493_SEG_PREV_CURR_00673,5036
052493_SEG_CURR_NEXT_00672,5037
052493_SEG_PREV_CURR_00228,5038
052493_SEG_CURR_NEXT_00227,5039
052493_SEG_PREV_CURR_00229,5040
052493_SEG_CURR_NEXT_00228,5041
052493_SEG_CURR_NEXT_00229,5042
052493_SEG_PREV_CURR_00230,5043
052493_SEG_CURR_NEXT_00675,5044
052493_SEG_PREV_CURR_00676,5045
052493_SEG_PREV_CURR_00677,5046
052493_SEG_CURR_NEXT_00676,5047
052493_SEG_TURN_00676,5048
052493_SEG_TURN_00226,5049
052493_SEG_CURR_NEXT_00230,5050
052493_SEG_PREV_CURR_00231,5051
052493_SEG_TURN_00672,5052
052493_SEG_TURN_00228,5053
052493_SEG_PREV_CURR_00226,5054
052493_SEG_CURR_NEXT_00225,5055
052493_SEG_PREV_CURR_00672,5056
052493_SEG_CURR_NEXT_00671,5057
052493_SEG_TURN_00230,5058
052556_SEG_TURN_00470,5059
052493_SEG_TURN_01553,5060
052493_SEG_PREV_CURR_01553,5061
052493_SEG_CURR_NEXT_01552,5062
052493_SEG_PREV_CURR_01554,5063
052493_SEG_CURR_NEXT_01553,5064
052556_SEG_CURR_NEXT_00470,5065
052556_SEG_PREV_CURR_00471,5066
052229_SEG_TURN_00666,5067
052493_SEG_TURN_00266,5068
052493_SEG_PREV_CURR_00267,5069
052493_SEG_CURR_NEXT_00266,5070
052423_SEG_TURN_01245,5071
052229_SEG_CURR_NEXT_00666,5072
052229_SEG_PREV_CURR_00667,5073
052280_SEG_TURN_00323,5074
052364_SEG_TURN_00939,5075
052423_SEG_CURR_NEXT_01244,5076
052423_SEG_PREV_CURR_01245,5077
052493_SEG_TURN_01344,5078
052556_SEG_TURN_00824,5079
052280_SEG_CURR_NEXT_00322,5080
052493_SEG_CURR_NEXT_00298,5081
052493_SEG_PREV_CURR_00299,5082
052493_SEG_CURR_NEXT_00299,5083
052493_SEG_PREV_CURR_00300,5084
052315_SEG_PREV_CURR_00612,5085
052315_SEG_CURR_NEXT_00611,5086
052315_SEG_CURR_NEXT_00614,5087
052315_SEG_PREV_CURR_00615,5088
052315_SEG_PREV_CURR_00616,5089
052315_SEG_CURR_NEXT_00615,5090
052315_SEG_TURN_00615,5091
052315_SEG_TURN_00611,5092
052280_SEG_TURN_00287,5093
052493_SEG_PREV_CURR_01540,5094
052493_SEG_CURR_NEXT_01539,5095
052315_SEG_TURN_00614,5096
052493_SEG_TURN_00673,5097
052493_SEG_TURN_00675,5098
052493_SEG_TURN_01094,5099
052493_SEG_TURN_00310,5100
052493_SEG_CURR_NEXT_00310,5101
052493_SEG_PREV_CURR_00311,5102
052493_SEG_PREV_CURR_00310,5103
052493_SEG_CURR_NEXT_00309,5104
052493_SEG_TURN_00118,5105
052493_SEG_TURN_00307,5106
052493_SEG_CURR_NEXT_00117,5107
052493_SEG_PREV_CURR_00118,5108
052493_SEG_TURN_00100,5109
052493_SEG_CURR_NEXT_00306,5110
052493_SEG_PREV_CURR_00307,5111
052493_SEG_CURR_NEXT_00118,5112
052493_SEG_PREV_CURR_00119,5113
052493_SEG_PREV_CURR_00101,5114
052493_SEG_CURR_NEXT_00100,5115
052493_SEG_TURN_00313,5116
052493_SEG_TURN_00328,5117
052493_SEG_TURN_00374,5118
052493_SEG_PREV_CURR_00375,5119
052493_SEG_CURR_NEXT_00374,5120
052315_SEG_CURR_NEXT_00930,5121
052315_SEG_PREV_CURR_00931,5122
052493_SEG_PREV_CURR_00314,5123
052493_SEG_CURR_NEXT_00313,5124
052493_SEG_CURR_NEXT_00307,5125
052493_SEG_PREV_CURR_00308,5126
052493_SEG_CURR_NEXT_00373,5127
052493_SEG_PREV_CURR_00374,5128
052315_SEG_TURN_00949,5129
052493_SEG_PREV_CURR_00100,5130
052493_SEG_CURR_NEXT_00099,5131
052493_SEG_CURR_NEXT_00328,5132
052493_SEG_PREV_CURR_00329,5133
052229_SEG_TURN_00933,5134
052364_SEG_TURN_00275,5135
052315_SEG_TURN_00908,5136
052493_SEG_PREV_CURR_00313,5137
052493_SEG_CURR_NEXT_00312,5138
052315_SEG_TURN_00931,5139
052423_SEG_TURN_00988,5140
052493_SEG_TURN_00735,5141
052315_SEG_PREV_CURR_00932,5142
052315_SEG_CURR_NEXT_00931,5143
052315_SEG_TURN_00930,5144
052493_SEG_TURN_00348,5145
052423_SEG_CURR_NEXT_00988,5146
052423_SEG_PREV_CURR_00989,5147
052315_SEG_CURR_NEXT_00948,5148
052315_SEG_PREV_CURR_00949,5149
052493_SEG_TURN_00401,5150
052423_SEG_TURN_00584,5151
052493_SEG_PREV_CURR_00402,5152
052493_SEG_CURR_NEXT_00401,5153
052229_SEG_TURN_00234,5154
052280_SEG_TURN_00928,5155
052423_SEG_PREV_CURR_00584,5156
052423_SEG_CURR_NEXT_00583,5157
052423_SEG_TURN_00468,5158
052280_SEG_CURR_NEXT_00927,5159
052280_SEG_PREV_CURR_00928,5160
052280_SEG_CURR_NEXT_00928,5161
052280_SEG_PREV_CURR_00929,5162
052229_SEG_PREV_CURR_00234,5163
052229_SEG_CURR_NEXT_00233,5164
052493_SEG_CURR_NEXT_00400,5165
052493_SEG_PREV_CURR_00401,5166
052493_SEG_TURN_00116,5167
052423_SEG_CURR_NEXT_00468,5168
052423_SEG_PREV_CURR_00469,5169
052493_SEG_CURR_NEXT_00116,5170
052493_SEG_PREV_CURR_00117,5171
052229_SEG_PREV_CURR_00235,5172
052229_SEG_CURR_NEXT_00234,5173
052493_SEG_PREV_CURR_00116,5174
052493_SEG_CURR_NEXT_00115,5175
052315_SEG_TURN_01162,5176
052493_SEG_TURN_00073,5177
052315_SEG_PREV_CURR_01162,5178
052315_SEG_CURR_NEXT_01161,5179
052315_SEG_PREV_CURR_01163,5180
052315_SEG_CURR_NEXT_01162,5181
052493_SEG_PREV_CURR_00074,5182
052493_SEG_CURR_NEXT_00073,5183
052493_SEG_CURR_NEXT_00072,5184
052493_SEG_PREV_CURR_00073,5185
052315_SEG_TURN_00927,5186
052423_SEG_PREV_CURR_00468,5187
052423_SEG_CURR_NEXT_00467,5188
052315_SEG_PREV_CURR_00927,5189
052315_SEG_CURR_NEXT_00926,5190
052315_SEG_CURR_NEXT_00927,5191
052315_SEG_PREV_CURR_00928,5192
052280_SEG_TURN_01043,5193
052280_SEG_TURN_01050,5194
052280_SEG_PREV_CURR_01044,5195
052280_SEG_CURR_NEXT_01043,5196
052229_SEG_TURN_00001,5197
052364_SEG_TURN_01194,5198
052280_SEG_CURR_NEXT_01042,5199
052556_SEG_TURN_00618,5200
052493_SEG_TURN_00690,5201
052556_SEG_CURR_NEXT_00617,5202
052556_SEG_PREV_CURR_00618,5203
052493_SEG_TURN_01395,5204
052493_SEG_CURR_NEXT_00689,5205
052493_SEG_PREV_CURR_00690,5206
052229_SEG_TURN_00550,5207
052493_SEG_TURN_01329,5208
052229_SEG_PREV_CURR_00551,5209
052229_SEG_CURR_NEXT_00550,5210
052493_SEG_PREV_CURR_00691,5211
052493_SEG_CURR_NEXT_00690,5212
052229_SEG_TURN_00437,5213
052493_SEG_TURN_00755,5214
052493_SEG_TURN_00567,5215
052493_SEG_TURN_00890,5216
052556_SEG_PREV_CURR_00619,5217
052556_SEG_CURR_NEXT_00618,5218
052493_SEG_PREV_CURR_00568,5219
052493_SEG_CURR_NEXT_00567,5220
052315_SEG_TURN_00305,5221
052493_SEG_CURR_NEXT_00890,5222
052493_SEG_PREV_CURR_00891,5223
052556_SEG_TURN_00614,5224
052493_SEG_CURR_NEXT_00566,5225
052493_SEG_PREV_CURR_00567,5226
052493_SEG_PREV_CURR_00756,5227
052493_SEG_CURR_NEXT_00755,5228
052493_SEG_CURR_NEXT_01395,5229
052493_SEG_PREV_CURR_01396,5230
052493_SEG_CURR_NEXT_00889,5231
052493_SEG_PREV_CURR_00890,5232
052556_SEG_CURR_NEXT_00614,5233
052556_SEG_PREV_CURR_00615,5234
052229_SEG_CURR_NEXT_00549,5235
052229_SEG_PREV_CURR_00550,5236
052493_SEG_TURN_00757,5237
052493_SEG_CURR_NEXT_00756,5238
052493_SEG_PREV_CURR_00757,5239
052280_SEG_CURR_NEXT_00376,5240
052280_SEG_PREV_CURR_00377,5241
052493_SEG_TURN_00897,5242
052229_SEG_PREV_CURR_00437,5243
052229_SEG_CURR_NEXT_00436,5244
052493_SEG_PREV_CURR_00758,5245
052493_SEG_CURR_NEXT_00757,5246
052493_SEG_TURN_00860,5247
052423_SEG_TURN_01030,5248
052423_SEG_CURR_NEXT_01030,5249
052423_SEG_PREV_CURR_01031,5250
052423_SEG_CURR_NEXT_01029,5251
052423_SEG_PREV_CURR_01030,5252
052556_SEG_TURN_00666,5253
052556_SEG_CURR_NEXT_00666,5254
052556_SEG_PREV_CURR_00667,5255
052556_SEG_CURR_NEXT_00665,5256
052556_SEG_PREV_CURR_00666,5257
052315_SEG_TURN_00832,5258
052315_SEG_PREV_CURR_00833,5259
052315_SEG_CURR_NEXT_00832,5260
052315_SEG_TURN_00317,5261
052493_SEG_TURN_01070,5262
052493_SEG_PREV_CURR_01070,5263
052493_SEG_CURR_NEXT_01069,5264
052315_SEG_CURR_NEXT_00831,5265
052315_SEG_PREV_CURR_00832,5266
052315_SEG_PREV_CURR_00318,5267
052315_SEG_CURR_NEXT_00317,5268
052364_SEG_TURN_00946,5269
052493_SEG_TURN_00286,5270
052493_SEG_CURR_NEXT_00384,5271
052493_SEG_PREV_CURR_00385,5272
052493_SEG_TURN_01125,5273
052493_SEG_PREV_CURR_01071,5274
052493_SEG_CURR_NEXT_01070,5275
052423_SEG_TURN_01527,5276
052493_SEG_PREV_CURR_00287,5277
052493_SEG_CURR_NEXT_00286,5278
052493_SEG_TURN_01271,5279
052493_SEG_CURR_NEXT_01270,5280
052493_SEG_PREV_CURR_01271,5281
052493_SEG_CURR_NEXT_01271,5282
052493_SEG_PREV_CURR_01272,5283
052493_SEG_TURN_00758,5284
052493_SEG_TURN_01275,5285
052493_SEG_TURN_01279,5286
052493_SEG_TURN_00034,5287
052493_SEG_PREV_CURR_01275,5288
052493_SEG_CURR_NEXT_01274,5289
052493_SEG_PREV_CURR_00759,5290
052493_SEG_CURR_NEXT_00758,5291
052493_SEG_TURN_00032,5292
052493_SEG_PREV_CURR_00035,5293
052493_SEG_CURR_NEXT_00034,5294
052493_SEG_PREV_CURR_01276,5295
052493_SEG_CURR_NEXT_01275,5296
052493_SEG_TURN_01557,5297
052493_SEG_TURN_01277,5298
052493_SEG_PREV_CURR_00033,5299
052493_SEG_CURR_NEXT_00032,5300
052493_SEG_TURN_01273,5301
052493_SEG_PREV_CURR_01558,5302
052493_SEG_CURR_NEXT_01557,5303
052493_SEG_PREV_CURR_00032,5304
052493_SEG_CURR_NEXT_00031,5305
052493_SEG_PREV_CURR_01274,5306
052493_SEG_CURR_NEXT_01273,5307
052493_SEG_CURR_NEXT_00033,5308
052493_SEG_PREV_CURR_00034,5309
052493_SEG_PREV_CURR_01280,5310
052493_SEG_CURR_NEXT_01279,5311
052493_SEG_CURR_NEXT_01272,5312
052493_SEG_PREV_CURR_01273,5313
052493_SEG_CURR_NEXT_01276,5314
052493_SEG_PREV_CURR_01277,5315
052229_SEG_TURN_01029,5316
052229_SEG_CURR_NEXT_01029,5317
052229_SEG_PREV_CURR_01030,5318
052229_SEG_PREV_CURR_01029,5319
052229_SEG_CURR_NEXT_01028,5320
052315_SEG_TURN_00253,5321
052315_SEG_PREV_CURR_00254,5322
052315_SEG_CURR_NEXT_00253,5323
052423_SEG_TURN_00218,5324
052423_SEG_PREV_CURR_00218,5325
052423_SEG_CURR_NEXT_00217,5326
052229_SEG_TURN_01071,5327
052423_SEG_CURR_NEXT_00218,5328
052423_SEG_PREV_CURR_00219,5329
052229_SEG_CURR_NEXT_01071,5330
052229_SEG_PREV_CURR_01072,5331
052280_SEG_TURN_01180,5332
052556_SEG_TURN_00034,5333
052280_SEG_PREV_CURR_01181,5334
052280_SEG_CURR_NEXT_01180,5335
052280_SEG_PREV_CURR_01180,5336
052280_SEG_CURR_NEXT_01179,5337
052315_SEG_TURN_01264,5338
052315_SEG_CURR_NEXT_01264,5339
052315_SEG_PREV_CURR_01265,5340
052493_SEG_TURN_00196,5341
052229_SEG_PREV_CURR_01071,5342
052229_SEG_CURR_NEXT_01070,5343
052315_SEG_CURR_NEXT_01263,5344
052315_SEG_PREV_CURR_01264,5345
052493_SEG_CURR_NEXT_00195,5346
052493_SEG_PREV_CURR_00196,5347
052280_SEG_TURN_00918,5348
052280_SEG_PREV_CURR_00918,5349
052280_SEG_CURR_NEXT_00917,5350
052493_SEG_PREV_CURR_00197,5351
052493_SEG_CURR_NEXT_00196,5352
052229_SEG_TURN_01023,5353
052280_SEG_PREV_CURR_00919,5354
052280_SEG_CURR_NEXT_00918,5355
052229_SEG_PREV_CURR_01024,5356
052229_SEG_CURR_NEXT_01023,5357
052229_SEG_CURR_NEXT_01022,5358
052229_SEG_PREV_CURR_01023,5359
052280_SEG_TURN_00060,5360
052556_SEG_CURR_NEXT_00034,5361
052556_SEG_PREV_CURR_00035,5362
052280_SEG_CURR_NEXT_00060,5363
052280_SEG_PREV_CURR_00061,5364
052280_SEG_PREV_CURR_00060,5365
052229_SEG_TURN_00521,5366
052229_SEG_TURN_00529,5367
052229_SEG_PREV_CURR_00521,5368
052229_SEG_CURR_NEXT_00520,5369
052229_SEG_TURN_00537,5370
052229_SEG_CURR_NEXT_00528,5371
052229_SEG_PREV_CURR_00529,5372
052229_SEG_PREV_CURR_01052,5373
052229_SEG_CURR_NEXT_01051,5374
052229_SEG_TURN_01051,5375
052229_SEG_PREV_CURR_00530,5376
052229_SEG_CURR_NEXT_00529,5377
052229_SEG_CURR_NEXT_01050,5378
052229_SEG_PREV_CURR_01051,5379
052493_SEG_PREV_CURR_00795,5380
052493_SEG_CURR_NEXT_00794,5381
052493_SEG_PREV_CURR_00052,5382
052493_SEG_CURR_NEXT_00051,5383
052493_SEG_PREV_CURR_00051,5384
052493_SEG_CURR_NEXT_00050,5385
052493_SEG_TURN_00005,5386
052493_SEG_CURR_NEXT_00795,5387
052493_SEG_PREV_CURR_00796,5388
052493_SEG_TURN_00051,5389
052493_SEG_CURR_NEXT_00005,5390
052493_SEG_PREV_CURR_00006,5391
052493_SEG_TURN_00455,5392
052493_SEG_TURN_00795,5393
052229_SEG_PREV_CURR_00537,5394
052229_SEG_CURR_NEXT_00536,5395
052229_SEG_PREV_CURR_00538,5396
052229_SEG_CURR_NEXT_00537,5397
052493_SEG_PREV_CURR_00005,5398
052493_SEG_CURR_NEXT_00004,5399
052493_SEG_PREV_CURR_00455,5400
052493_SEG_CURR_NEXT_00454,5401
052423_SEG_TURN_01064,5402
052229_SEG_CURR_NEXT_00521,5403
052229_SEG_PREV_CURR_00522,5404
052493_SEG_PREV_CURR_00456,5405
052493_SEG_CURR_NEXT_00455,5406
052229_SEG_PREV_CURR_00098,5407
052493_SEG_TURN_00507,5408
052493_SEG_CURR_NEXT_00506,5409
052493_SEG_PREV_CURR_00507,5410
052423_SEG_TURN_01079,5411
052423_SEG_PREV_CURR_01079,5412
052423_SEG_CURR_NEXT_01078,5413
052493_SEG_PREV_CURR_00508,5414
052493_SEG_CURR_NEXT_00507,5415
052315_SEG_TURN_00728,5416
052229_SEG_TURN_00690,5417
052556_SEG_TURN_00453,5418
052556_SEG_PREV_CURR_00453,5419
052556_SEG_CURR_NEXT_00452,5420
052229_SEG_TURN_00411,5421
052556_SEG_CURR_NEXT_00453,5422
052556_SEG_PREV_CURR_00454,5423
052364_SEG_TURN_00919,5424
052229_SEG_PREV_CURR_00412,5425
052229_SEG_CURR_NEXT_00411,5426
052315_SEG_TURN_00537,5427
052315_SEG_CURR_NEXT_00728,5428
052315_SEG_PREV_CURR_00729,5429
052229_SEG_CURR_NEXT_00410,5430
052229_SEG_PREV_CURR_00411,5431
052423_SEG_TURN_00891,5432
052423_SEG_TURN_01045,5433
052229_SEG_TURN_00999,5434
052423_SEG_TURN_00498,5435
052423_SEG_PREV_CURR_01045,5436
052423_SEG_CURR_NEXT_01044,5437
052364_SEG_TURN_00518,5438
052229_SEG_CURR_NEXT_00999,5439
052229_SEG_PREV_CURR_01000,5440
052364_SEG_CURR_NEXT_00918,5441
052364_SEG_PREV_CURR_00919,5442
052280_SEG_TURN_01128,5443
052315_SEG_CURR_NEXT_00536,5444
052315_SEG_PREV_CURR_00537,5445
052423_SEG_CURR_NEXT_01045,5446
052423_SEG_PREV_CURR_01046,5447
052315_SEG_CURR_NEXT_00727,5448
052315_SEG_PREV_CURR_00728,5449
052423_SEG_CURR_NEXT_00890,5450
052493_SEG_PREV_CURR_00645,5451
052493_SEG_CURR_NEXT_00644,5452
052493_SEG_PREV_CURR_00646,5453
052493_SEG_CURR_NEXT_00645,5454
052493_SEG_TURN_00645,5455
052493_SEG_CURR_NEXT_00649,5456
052493_SEG_PREV_CURR_00650,5457
052493_SEG_TURN_00472,5458
052493_SEG_CURR_NEXT_00648,5459
052493_SEG_PREV_CURR_00649,5460
052493_SEG_TURN_00649,5461
052315_SEG_PREV_CURR_00950,5462
052315_SEG_CURR_NEXT_00949,5463
052493_SEG_TURN_00460,5464
052493_SEG_TURN_00444,5465
052493_SEG_TURN_00408,5466
052493_SEG_TURN_01433,5467
052315_SEG_TURN_00950,5468
052493_SEG_TURN_01073,5469
052493_SEG_TURN_01043,5470
052493_SEG_TURN_00448,5471
052493_SEG_TURN_00420,5472
052493_SEG_TURN_00480,5473
052493_SEG_TURN_01463,5474
052493_SEG_TURN_01297,5475
052493_SEG_TURN_01059,5476
052493_SEG_TURN_00430,5477
052493_SEG_TURN_00586,5478
052493_SEG_TURN_01037,5479
052493_SEG_TURN_01453,5480
052493_SEG_TURN_00048,5481
052315_SEG_CURR_NEXT_00950,5482
052315_SEG_PREV_CURR_00951,5483
052493_SEG_TURN_01045,5484
052493_SEG_PREV_CURR_01295,5485
052493_SEG_CURR_NEXT_01294,5486
052493_SEG_TURN_00406,5487
052493_SEG_TURN_01061,5488
052493_SEG_TURN_00466,5489
052493_SEG_TURN_01403,5490
052493_SEG_TURN_00456,5491
052493_SEG_TURN_01439,5492
052493_SEG_TURN_01455,5493
052493_SEG_TURN_01055,5494
052493_SEG_TURN_00412,5495
052493_SEG_TURN_00580,5496
052493_SEG_TURN_00590,5497
052493_SEG_TURN_00682,5498
052493_SEG_CURR_NEXT_00681,5499
052493_SEG_PREV_CURR_00682,5500
052493_SEG_CURR_NEXT_00682,5501
052493_SEG_PREV_CURR_00683,5502
052229_SEG_TURN_00034,5503
052229_SEG_CURR_NEXT_00033,5504
052229_SEG_PREV_CURR_00034,5505
052229_SEG_CURR_NEXT_00034,5506
052229_SEG_PREV_CURR_00035,5507
052315_SEG_CURR_NEXT_00302,5508
052315_SEG_PREV_CURR_00303,5509
052493_SEG_TURN_00912,5510
052315_SEG_TURN_00461,5511
052493_SEG_CURR_NEXT_00911,5512
052493_SEG_PREV_CURR_00912,5513
052315_SEG_TURN_00302,5514
052493_SEG_CURR_NEXT_00912,5515
052493_SEG_PREV_CURR_00913,5516
052315_SEG_PREV_CURR_00302,5517
052315_SEG_CURR_NEXT_00301,5518
052315_SEG_TURN_00303,5519
052364_SEG_TURN_00316,5520
052423_SEG_TURN_01336,5521
052364_SEG_TURN_00311,5522
052315_SEG_TURN_00516,5523
052315_SEG_TURN_00647,5524
052556_SEG_TURN_00885,5525
052423_SEG_CURR_NEXT_01335,5526
052423_SEG_PREV_CURR_01336,5527
052364_SEG_CURR_NEXT_00310,5528
052364_SEG_PREV_CURR_00311,5529
052315_SEG_PREV_CURR_00648,5530
052315_SEG_CURR_NEXT_00647,5531
052364_SEG_PREV_CURR_00316,5532
052364_SEG_CURR_NEXT_00315,5533
052280_SEG_TURN_00910,5534
052315_SEG_PREV_CURR_00647,5535
052315_SEG_CURR_NEXT_00646,5536
052280_SEG_TURN_00737,5537
052556_SEG_TURN_00147,5538
052556_SEG_PREV_CURR_00148,5539
052556_SEG_CURR_NEXT_00147,5540
052556_SEG_PREV_CURR_00056,5541
052556_SEG_CURR_NEXT_00055,5542
052556_SEG_TURN_00056,5543
052556_SEG_TURN_00153,5544
052556_SEG_TURN_00062,5545
052556_SEG_TURN_00155,5546
052556_SEG_TURN_00980,5547
052556_SEG_TURN_00055,5548
052556_SEG_TURN_00826,5549
052556_SEG_CURR_NEXT_00062,5550
052556_SEG_PREV_CURR_00063,5551
052556_SEG_CURR_NEXT_00155,5552
052556_SEG_PREV_CURR_00156,5553
052556_SEG_TURN_00982,5554
052556_SEG_TURN_00060,5555
052556_SEG_TURN_00830,5556
052556_SEG_TURN_00149,5557
052556_SEG_PREV_CURR_00055,5558
052556_SEG_CURR_NEXT_00054,5559
052556_SEG_PREV_CURR_00062,5560
052556_SEG_CURR_NEXT_00061,5561
052556_SEG_CURR_NEXT_00148,5562
052556_SEG_PREV_CURR_00149,5563
052556_SEG_CURR_NEXT_00060,5564
052556_SEG_PREV_CURR_00061,5565
052556_SEG_CURR_NEXT_00829,5566
052556_SEG_PREV_CURR_00830,5567
052556_SEG_CURR_NEXT_00982,5568
052556_SEG_PREV_CURR_00983,5569
052556_SEG_PREV_CURR_00150,5570
052556_SEG_CURR_NEXT_00149,5571
052556_SEG_CURR_NEXT_00059,5572
052556_SEG_PREV_CURR_00060,5573
052556_SEG_PREV_CURR_00824,5574
052556_SEG_CURR_NEXT_00823,5575
052556_SEG_PREV_CURR_00981,5576
052556_SEG_CURR_NEXT_00980,5577
052556_SEG_TURN_00151,5578
052556_SEG_CURR_NEXT_00981,5579
052556_SEG_PREV_CURR_00982,5580
052556_SEG_TURN_00481,5581
052556_SEG_CURR_NEXT_00150,5582
052556_SEG_PREV_CURR_00151,5583
052556_SEG_CURR_NEXT_00056,5584
052556_SEG_PREV_CURR_00057,5585
052556_SEG_TURN_01036,5586
052315_SEG_TURN_00089,5587
052315_SEG_CURR_NEXT_00088,5588
052315_SEG_PREV_CURR_00089,5589
052315_SEG_CURR_NEXT_00089,5590
052315_SEG_PREV_CURR_00090,5591
052315_SEG_TURN_01371,5592
052315_SEG_CURR_NEXT_01370,5593
052315_SEG_PREV_CURR_01371,5594
052315_SEG_CURR_NEXT_01371,5595
052315_SEG_PREV_CURR_01372,5596
052493_SEG_TURN_01480,5597
052364_SEG_TURN_01089,5598
052364_SEG_PREV_CURR_01090,5599
052364_SEG_CURR_NEXT_01089,5600
052493_SEG_PREV_CURR_01481,5601
052493_SEG_CURR_NEXT_01480,5602
052493_SEG_CURR_NEXT_01479,5603
052493_SEG_PREV_CURR_01480,5604
052556_SEG_TURN_00250,5605
052556_SEG_PREV_CURR_00250,5606
052556_SEG_CURR_NEXT_00249,5607
052364_SEG_PREV_CURR_01089,5608
052364_SEG_CURR_NEXT_01088,5609
052556_SEG_PREV_CURR_00251,5610
052556_SEG_CURR_NEXT_00250,5611
052493_SEG_TURN_00896,5612
052493_SEG_CURR_NEXT_00895,5613
052493_SEG_PREV_CURR_00896,5614
052280_SEG_TURN_00690,5615
052493_SEG_PREV_CURR_00897,5616
052493_SEG_CURR_NEXT_00896,5617
052280_SEG_TURN_00634,5618
052423_SEG_TURN_00068,5619
052493_SEG_TURN_01382,5620
052280_SEG_CURR_NEXT_00633,5621
052280_SEG_PREV_CURR_00634,5622
052423_SEG_CURR_NEXT_00067,5623
052423_SEG_PREV_CURR_00068,5624
052493_SEG_PREV_CURR_00386,5625
052493_SEG_CURR_NEXT_00385,5626
052423_SEG_TURN_00427,5627
052280_SEG_PREV_CURR_00635,5628
052364_SEG_TURN_00141,5629
052364_SEG_CURR_NEXT_00140,5630
052364_SEG_PREV_CURR_00141,5631
052364_SEG_CURR_NEXT_00141,5632
052364_SEG_PREV_CURR_00142,5633
052364_SEG_TURN_00273,5634
052229_SEG_TURN_01105,5635
052493_SEG_TURN_00674,5636
052493_SEG_PREV_CURR_00674,5637
052493_SEG_CURR_NEXT_00673,5638
052493_SEG_CURR_NEXT_00674,5639
052493_SEG_PREV_CURR_00675,5640
052364_SEG_CURR_NEXT_00272,5641
052364_SEG_PREV_CURR_00273,5642
052280_SEG_TURN_00681,5643
052423_SEG_TURN_00941,5644
052364_SEG_PREV_CURR_00274,5645
052364_SEG_CURR_NEXT_00273,5646
052556_SEG_TURN_00921,5647
052423_SEG_PREV_CURR_00941,5648
052423_SEG_CURR_NEXT_00940,5649
052423_SEG_PREV_CURR_00942,5650
052423_SEG_CURR_NEXT_00941,5651
052280_SEG_PREV_CURR_00681,5652
052280_SEG_CURR_NEXT_00680,5653
052229_SEG_CURR_NEXT_00935,5654
052229_SEG_PREV_CURR_00936,5655
052229_SEG_TURN_00922,5656
052493_SEG_TURN_00892,5657
052229_SEG_TURN_00935,5658
052229_SEG_TURN_00936,5659
052493_SEG_CURR_NEXT_00891,5660
052493_SEG_PREV_CURR_00892,5661
052556_SEG_TURN_00987,5662
052280_SEG_CURR_NEXT_01131,5663
052280_SEG_PREV_CURR_01132,5664
052556_SEG_PREV_CURR_00710,5665
052556_SEG_CURR_NEXT_00709,5666
052556_SEG_TURN_00712,5667
052556_SEG_TURN_00709,5668
052556_SEG_TURN_00714,5669
052556_SEG_TURN_00875,5670
052556_SEG_TURN_00750,5671
052556_SEG_TURN_01022,5672
052556_SEG_TURN_00716,5673
052556_SEG_TURN_01026,5674
052556_SEG_TURN_00756,5675
052556_SEG_TURN_00720,5676
052556_SEG_TURN_01012,5677
052556_SEG_TURN_00758,5678
052556_SEG_TURN_00764,5679
052556_SEG_TURN_00710,5680
052556_SEG_CURR_NEXT_01009,5681
052556_SEG_PREV_CURR_01010,5682
052556_SEG_TURN_00867,5683
052556_SEG_TURN_01018,5684
052556_SEG_TURN_01014,5685
052556_SEG_TURN_00730,5686
052556_SEG_TURN_01010,5687
052556_SEG_PREV_CURR_00756,5688
052556_SEG_CURR_NEXT_00755,5689
052556_SEG_TURN_01020,5690
052556_SEG_CURR_NEXT_00756,5691
052556_SEG_PREV_CURR_00757,5692
052556_SEG_TURN_00762,5693
052556_SEG_CURR_NEXT_00708,5694
052556_SEG_PREV_CURR_00709,5695
052556_SEG_TURN_00865,5696
052556_SEG_TURN_01009,5697
052556_SEG_PREV_CURR_00765,5698
052556_SEG_CURR_NEXT_00764,5699
052556_SEG_PREV_CURR_00758,5700
052556_SEG_CURR_NEXT_00757,5701
052556_SEG_CURR_NEXT_00750,5702
052556_SEG_PREV_CURR_00751,5703
052556_SEG_TURN_00006,5704
052556_SEG_PREV_CURR_01023,5705
052556_SEG_CURR_NEXT_01022,5706
052556_SEG_TURN_00754,5707
052556_SEG_CURR_NEXT_00763,5708
052556_SEG_PREV_CURR_00764,5709
052556_SEG_CURR_NEXT_00720,5710
052556_SEG_PREV_CURR_00721,5711
052556_SEG_TURN_00760,5712
052556_SEG_TURN_01016,5713
052556_SEG_CURR_NEXT_00866,5714
052364_SEG_TURN_00491,5715
052364_SEG_CURR_NEXT_00491,5716
052364_SEG_PREV_CURR_00492,5717
052364_SEG_CURR_NEXT_00490,5718
052364_SEG_PREV_CURR_00491,5719
052364_SEG_CURR_NEXT_00415,5720
052364_SEG_PREV_CURR_00416,5721
052364_SEG_TURN_00438,5722
052364_SEG_PREV_CURR_00828,5723
052364_SEG_CURR_NEXT_00827,5724
052364_SEG_TURN_00827,5725
052364_SEG_TURN_00406,5726
052364_SEG_TURN_00401,5727
052364_SEG_CURR_NEXT_00826,5728
052364_SEG_PREV_CURR_00827,5729
052364_SEG_PREV_CURR_00415,5730
052364_SEG_CURR_NEXT_00414,5731
052364_SEG_TURN_00515,5732
052364_SEG_TURN_00600,5733
052364_SEG_TURN_00717,5734
052364_SEG_TURN_01054,5735
052364_SEG_TURN_00598,5736
052364_SEG_TURN_00459,5737
052364_SEG_TURN_00469,5738
052364_SEG_TURN_00041,5739
052364_SEG_TURN_00985,5740
052364_SEG_TURN_00180,5741
052364_SEG_TURN_00642,5742
052364_SEG_TURN_00227,5743
052364_SEG_TURN_00612,5744
052364_SEG_TURN_01234,5745
052364_SEG_TURN_01232,5746
052364_SEG_TURN_00619,5747
052364_SEG_TURN_00410,5748
052364_SEG_TURN_00513,5749
052364_SEG_TURN_00492,5750
052364_SEG_TURN_00979,5751
052364_SEG_TURN_00490,5752
052364_SEG_TURN_00404,5753
052364_SEG_TURN_00596,5754
052364_SEG_TURN_00917,5755
052364_SEG_TURN_00203,5756
052364_SEG_TURN_00610,5757
052364_SEG_TURN_00851,5758
052364_SEG_TURN_00461,5759
052364_SEG_TURN_00636,5760
052364_SEG_TURN_00237,5761
052364_SEG_TURN_00511,5762
052364_SEG_TURN_00418,5763
052364_SEG_TURN_00412,5764
052229_SEG_TURN_01075,5765
052280_SEG_PREV_CURR_00287,5766
052280_SEG_CURR_NEXT_00286,5767
052556_SEG_TURN_00561,5768
052556_SEG_PREV_CURR_00561,5769
052556_SEG_CURR_NEXT_00560,5770
052280_SEG_PREV_CURR_00288,5771
052280_SEG_CURR_NEXT_00287,5772
052229_SEG_TURN_01147,5773
052423_SEG_TURN_00381,5774
052280_SEG_TURN_00307,5775
052493_SEG_TURN_01102,5776
052423_SEG_PREV_CURR_00382,5777
052423_SEG_CURR_NEXT_00381,5778
052280_SEG_CURR_NEXT_00306,5779
052280_SEG_PREV_CURR_00307,5780
052556_SEG_CURR_NEXT_00561,5781
052556_SEG_PREV_CURR_00562,5782
052280_SEG_PREV_CURR_01030,5783
052280_SEG_CURR_NEXT_01029,5784
052423_SEG_CURR_NEXT_00380,5785
052423_SEG_PREV_CURR_00381,5786
052280_SEG_CURR_NEXT_01030,5787
052280_SEG_PREV_CURR_01031,5788
052556_SEG_TURN_00563,5789
052556_SEG_TURN_00596,5790
052364_SEG_TURN_00004,5791
052229_SEG_CURR_NEXT_01147,5792
052229_SEG_PREV_CURR_01148,5793
052280_SEG_CURR_NEXT_00307,5794
052280_SEG_PREV_CURR_00308,5795
052493_SEG_PREV_CURR_00058,5796
052493_SEG_CURR_NEXT_00057,5797
052493_SEG_PREV_CURR_01102,5798
052493_SEG_CURR_NEXT_01101,5799
052364_SEG_CURR_NEXT_00004,5800
052364_SEG_PREV_CURR_00005,5801
052556_SEG_PREV_CURR_00597,5802
052556_SEG_CURR_NEXT_00596,5803
052556_SEG_PREV_CURR_00596,5804
052556_SEG_CURR_NEXT_00595,5805
052556_SEG_TURN_01000,5806
052229_SEG_TURN_00170,5807
052364_SEG_PREV_CURR_00004,5808
052364_SEG_CURR_NEXT_00003,5809
052556_SEG_PREV_CURR_00564,5810
052556_SEG_CURR_NEXT_00563,5811
052493_SEG_TURN_00058,5812
052423_SEG_TURN_00104,5813
052280_SEG_TURN_00723,5814
052423_SEG_PREV_CURR_00104,5815
052423_SEG_CURR_NEXT_00103,5816
052280_SEG_PREV_CURR_00723,5817
052280_SEG_CURR_NEXT_00722,5818
052280_SEG_CURR_NEXT_00723,5819
052280_SEG_PREV_CURR_00724,5820
052423_SEG_CURR_NEXT_00104,5821
052423_SEG_PREV_CURR_00105,5822
052423_SEG_TURN_00830,5823
052364_SEG_TURN_00722,5824
052423_SEG_CURR_NEXT_00829,5825
052423_SEG_PREV_CURR_00830,5826
052315_SEG_CURR_NEXT_01175,5827
052315_SEG_PREV_CURR_01176,5828
052315_SEG_TURN_00974,5829
052364_SEG_PREV_CURR_00723,5830
052364_SEG_CURR_NEXT_00722,5831
052364_SEG_PREV_CURR_00722,5832
052364_SEG_CURR_NEXT_00721,5833
052229_SEG_TURN_00712,5834
052315_SEG_CURR_NEXT_00973,5835
052315_SEG_PREV_CURR_00974,5836
052229_SEG_PREV_CURR_00712,5837
052229_SEG_CURR_NEXT_00711,5838
052423_SEG_TURN_01354,5839
052423_SEG_PREV_CURR_01354,5840
052423_SEG_CURR_NEXT_01353,5841
052315_SEG_CURR_NEXT_00974,5842
052315_SEG_PREV_CURR_00975,5843
052229_SEG_CURR_NEXT_00712,5844
052229_SEG_PREV_CURR_00713,5845
052423_SEG_CURR_NEXT_00830,5846
052423_SEG_PREV_CURR_00831,5847
052280_SEG_TURN_00980,5848
052280_SEG_PREV_CURR_00981,5849
052280_SEG_CURR_NEXT_00980,5850
052423_SEG_PREV_CURR_01355,5851
052423_SEG_CURR_NEXT_01354,5852
052493_SEG_TURN_01526,5853
052493_SEG_TURN_00759,5854
052280_SEG_PREV_CURR_00980,5855
052280_SEG_CURR_NEXT_00979,5856
052493_SEG_PREV_CURR_01527,5857
052493_SEG_CURR_NEXT_01526,5858
052556_SEG_TURN_00989,5859
052423_SEG_TURN_00147,5860
052556_SEG_CURR_NEXT_00839,5861
052556_SEG_PREV_CURR_00840,5862
052423_SEG_PREV_CURR_00147,5863
052423_SEG_CURR_NEXT_00146,5864
052556_SEG_TURN_00675,5865
052423_SEG_CURR_NEXT_00147,5866
052423_SEG_PREV_CURR_00148,5867
052493_SEG_TURN_01400,5868
052423_SEG_TURN_00011,5869
052556_SEG_PREV_CURR_00676,5870
052556_SEG_CURR_NEXT_00675,5871
052423_SEG_CURR_NEXT_00010,5872
052423_SEG_PREV_CURR_00011,5873
052423_SEG_CURR_NEXT_00011,5874
052423_SEG_PREV_CURR_00012,5875
052315_SEG_TURN_00298,5876
052493_SEG_CURR_NEXT_01399,5877
052493_SEG_PREV_CURR_01400,5878
052493_SEG_CURR_NEXT_01400,5879
052493_SEG_PREV_CURR_01401,5880
052280_SEG_TURN_00970,5881
052229_SEG_TURN_00944,5882
052556_SEG_CURR_NEXT_00674,5883
052556_SEG_PREV_CURR_00675,5884
052556_SEG_TURN_00845,5885
052493_SEG_TURN_01336,5886
052229_SEG_TURN_00709,5887
052423_SEG_TURN_00145,5888
052423_SEG_TURN_01543,5889
052423_SEG_PREV_CURR_00145,5890
052423_SEG_CURR_NEXT_00144,5891
052423_SEG_TURN_00009,5892
052280_SEG_TURN_01133,5893
052423_SEG_CURR_NEXT_00145,5894
052423_SEG_PREV_CURR_00146,5895
052423_SEG_PREV_CURR_00010,5896
052423_SEG_CURR_NEXT_00009,5897
052423_SEG_PREV_CURR_00009,5898
052423_SEG_CURR_NEXT_00008,5899
052229_SEG_TURN_00225,5900
052423_SEG_TURN_00578,5901
052493_SEG_TURN_00686,5902
052364_SEG_TURN_00003,5903
052364_SEG_TURN_01141,5904
052364_SEG_TURN_01125,5905
052364_SEG_TURN_01129,5906
052364_SEG_TURN_01026,5907
052364_SEG_TURN_01020,5908
052364_SEG_TURN_01139,5909
052364_SEG_TURN_01018,5910
052364_SEG_TURN_01014,5911
052364_SEG_TURN_01137,5912
052364_SEG_TURN_01133,5913
052364_SEG_PREV_CURR_01137,5914
052364_SEG_CURR_NEXT_01136,5915
052364_SEG_TURN_01135,5916
052364_SEG_TURN_01024,5917
052364_SEG_CURR_NEXT_01025,5918
052364_SEG_PREV_CURR_01026,5919
052364_SEG_PREV_CURR_01141,5920
052364_SEG_CURR_NEXT_01140,5921
052364_SEG_CURR_NEXT_01139,5922
052364_SEG_PREV_CURR_01140,5923
052364_SEG_PREV_CURR_01136,5924
052364_SEG_CURR_NEXT_01135,5925
052280_SEG_TURN_00691,5926
052364_SEG_PREV_CURR_01126,5927
052364_SEG_CURR_NEXT_01125,5928
052364_SEG_CURR_NEXT_01128,5929
052364_SEG_PREV_CURR_01129,5930
052364_SEG_CURR_NEXT_01024,5931
052364_SEG_PREV_CURR_01025,5932
052364_SEG_TURN_00005,5933
052280_SEG_PREV_CURR_00692,5934
052280_SEG_CURR_NEXT_00691,5935
052280_SEG_TURN_00763,5936
052364_SEG_CURR_NEXT_01013,5937
052364_SEG_PREV_CURR_01014,5938
052364_SEG_PREV_CURR_01142,5939
052364_SEG_CURR_NEXT_01141,5940
052364_SEG_TURN_01127,5941
052364_SEG_PREV_CURR_01027,5942
052364_SEG_CURR_NEXT_01026,5943
052364_SEG_PREV_CURR_01127,5944
052364_SEG_CURR_NEXT_01126,5945
052364_SEG_PREV_CURR_01125,5946
052364_SEG_CURR_NEXT_01124,5947
052315_SEG_TURN_01285,5948
052364_SEG_CURR_NEXT_00002,5949
052364_SEG_PREV_CURR_00003,5950
052315_SEG_CURR_NEXT_01284,5951
052315_SEG_PREV_CURR_01285,5952
052315_SEG_TURN_00371,5953
052315_SEG_TURN_01090,5954
052315_SEG_TURN_00835,5955
052364_SEG_TURN_01071,5956
052315_SEG_PREV_CURR_00516,5957
052315_SEG_CURR_NEXT_00515,5958
052493_SEG_TURN_01359,5959
052493_SEG_PREV_CURR_01360,5960
052493_SEG_CURR_NEXT_01359,5961
052280_SEG_TURN_01100,5962
052315_SEG_TURN_00236,5963
052493_SEG_TURN_01363,5964
052315_SEG_CURR_NEXT_00236,5965
052315_SEG_PREV_CURR_00237,5966
052315_SEG_CURR_NEXT_01089,5967
052315_SEG_PREV_CURR_01090,5968
052423_SEG_TURN_00209,5969
052229_SEG_TURN_00047,5970
052315_SEG_TURN_01327,5971
052280_SEG_TURN_00570,5972
052493_SEG_CURR_NEXT_01363,5973
052493_SEG_PREV_CURR_01364,5974
052280_SEG_TURN_00103,5975
052315_SEG_CURR_NEXT_01326,5976
052315_SEG_PREV_CURR_01327,5977
052315_SEG_PREV_CURR_00236,5978
052315_SEG_CURR_NEXT_00235,5979
052493_SEG_PREV_CURR_01359,5980
052493_SEG_CURR_NEXT_01358,5981
052315_SEG_CURR_NEXT_00370,5982
052315_SEG_PREV_CURR_00371,5983
052280_SEG_PREV_CURR_00104,5984
052280_SEG_CURR_NEXT_00103,5985
052229_SEG_PREV_CURR_00048,5986
052229_SEG_CURR_NEXT_00047,5987
052229_SEG_TURN_00221,5988
052315_SEG_CURR_NEXT_00371,5989
052315_SEG_PREV_CURR_00372,5990
052280_SEG_TURN_00107,5991
052556_SEG_TURN_00318,5992
052556_SEG_CURR_NEXT_00311,5993
052556_SEG_PREV_CURR_00312,5994
052556_SEG_TURN_00312,5995
052556_SEG_TURN_00320,5996
052556_SEG_CURR_NEXT_00310,5997
052556_SEG_PREV_CURR_00311,5998
052556_SEG_TURN_00310,5999
052556_SEG_TURN_00314,6000
052556_SEG_TURN_00311,6001
052556_SEG_TURN_00308,6002
052556_SEG_PREV_CURR_00310,6003
052556_SEG_CURR_NEXT_00309,6004
052556_SEG_PREV_CURR_00308,6005
052556_SEG_CURR_NEXT_00307,6006
052556_SEG_CURR_NEXT_00308,6007
052556_SEG_PREV_CURR_00309,6008
052556_SEG_PREV_CURR_00315,6009
052556_SEG_CURR_NEXT_00314,6010
052556_SEG_PREV_CURR_00313,6011
052556_SEG_CURR_NEXT_00312,6012
052556_SEG_TURN_00307,6013
052556_SEG_TURN_00322,6014
052556_SEG_PREV_CURR_00318,6015
052556_SEG_CURR_NEXT_00317,6016
052556_SEG_CURR_NEXT_00313,6017
052556_SEG_PREV_CURR_00314,6018
052556_SEG_TURN_00316,6019
052556_SEG_CURR_NEXT_00320,6020
052556_SEG_PREV_CURR_00321,6021
052556_SEG_PREV_CURR_00307,6022
052556_SEG_CURR_NEXT_00306,6023
052556_SEG_TURN_00655,6024
052556_SEG_PREV_CURR_00316,6025
052556_SEG_CURR_NEXT_00315,6026
052556_SEG_TURN_00663,6027
052556_SEG_CURR_NEXT_00318,6028
052556_SEG_PREV_CURR_00319,6029
052556_SEG_TURN_00659,6030
052556_SEG_TURN_00649,6031
052556_SEG_CURR_NEXT_00319,6032
052556_SEG_PREV_CURR_00320,6033
052556_SEG_TURN_00645,6034
052556_SEG_TURN_00657,6035
052556_SEG_TURN_00639,6036
052556_SEG_CURR_NEXT_00322,6037
052556_SEG_PREV_CURR_00323,6038
052556_SEG_PREV_CURR_00322,6039
052556_SEG_CURR_NEXT_00321,6040
052423_SEG_TURN_01461,6041
052315_SEG_TURN_00734,6042
052315_SEG_PREV_CURR_00735,6043
052315_SEG_CURR_NEXT_00734,6044
052315_SEG_CURR_NEXT_00733,6045
052315_SEG_PREV_CURR_00734,6046
052556_SEG_TURN_00808,6047
052556_SEG_PREV_CURR_00809,6048
052556_SEG_CURR_NEXT_00808,6049
052556_SEG_TURN_00800,6050
052556_SEG_PREV_CURR_00808,6051
052556_SEG_CURR_NEXT_00807,6052
052556_SEG_TURN_00798,6053
052556_SEG_TURN_00788,6054
052556_SEG_TURN_00792,6055
052556_SEG_TURN_00796,6056
052556_SEG_TURN_00794,6057
052315_SEG_TURN_00824,6058
052556_SEG_TURN_00790,6059
052315_SEG_TURN_00736,6060
052315_SEG_PREV_CURR_00736,6061
052315_SEG_CURR_NEXT_00735,6062
052556_SEG_PREV_CURR_00788,6063
052556_SEG_CURR_NEXT_00787,6064
052556_SEG_CURR_NEXT_00788,6065
052556_SEG_PREV_CURR_00789,6066
052556_SEG_CURR_NEXT_00795,6067
052556_SEG_PREV_CURR_00796,6068
052556_SEG_CURR_NEXT_00800,6069
052556_SEG_PREV_CURR_00801,6070
052556_SEG_CURR_NEXT_00794,6071
052556_SEG_PREV_CURR_00795,6072
052315_SEG_PREV_CURR_00737,6073
052315_SEG_CURR_NEXT_00736,6074
052315_SEG_TURN_00822,6075
052556_SEG_PREV_CURR_00790,6076
052556_SEG_CURR_NEXT_00789,6077
052315_SEG_CURR_NEXT_00823,6078
052315_SEG_PREV_CURR_00824,6079
052315_SEG_CURR_NEXT_00824,6080
052315_SEG_PREV_CURR_00825,6081
052556_SEG_TURN_00810,6082
052556_SEG_TURN_00806,6083
052556_SEG_CURR_NEXT_00809,6084
052556_SEG_PREV_CURR_00810,6085
052315_SEG_PREV_CURR_00823,6086
052315_SEG_CURR_NEXT_00822,6087
052556_SEG_CURR_NEXT_00791,6088
052556_SEG_PREV_CURR_00792,6089
052556_SEG_TURN_00804,6090
052556_SEG_CURR_NEXT_00810,6091
052364_SEG_TURN_00695,6092
052315_SEG_TURN_00531,6093
052315_SEG_CURR_NEXT_00531,6094
052315_SEG_PREV_CURR_00532,6095
052315_SEG_CURR_NEXT_00530,6096
052315_SEG_PREV_CURR_00531,6097
052364_SEG_CURR_NEXT_00694,6098
052364_SEG_PREV_CURR_00695,6099
052280_SEG_TURN_00192,6100
052280_SEG_CURR_NEXT_00192,6101
052280_SEG_PREV_CURR_00193,6102
052364_SEG_PREV_CURR_00696,6103
052364_SEG_CURR_NEXT_00695,6104
052315_SEG_TURN_00084,6105
052280_SEG_CURR_NEXT_00191,6106
052280_SEG_PREV_CURR_00192,6107
052315_SEG_PREV_CURR_00082,6108
052315_SEG_CURR_NEXT_00081,6109
052315_SEG_TURN_00082,6110
052315_SEG_PREV_CURR_00085,6111
052315_SEG_CURR_NEXT_00084,6112
052364_SEG_TURN_00693,6113
052315_SEG_TURN_00081,6114
052315_SEG_PREV_CURR_00081,6115
052315_SEG_CURR_NEXT_00080,6116
052315_SEG_TURN_00542,6117
052229_SEG_TURN_01193,6118
052229_SEG_CURR_NEXT_01192,6119
052229_SEG_PREV_CURR_01193,6120
052229_SEG_CURR_NEXT_01193,6121
052229_SEG_PREV_CURR_01194,6122
052315_SEG_CURR_NEXT_00541,6123
052315_SEG_PREV_CURR_00542,6124
052229_SEG_TURN_00486,6125
052315_SEG_TURN_00079,6126
052315_SEG_PREV_CURR_00084,6127
052315_SEG_CURR_NEXT_00083,6128
052315_SEG_CURR_NEXT_00542,6129
052315_SEG_PREV_CURR_00543,6130
052315_SEG_TURN_00884,6131
052315_SEG_PREV_CURR_00885,6132
052315_SEG_CURR_NEXT_00884,6133
052229_SEG_CURR_NEXT_00486,6134
052229_SEG_PREV_CURR_00487,6135
052364_SEG_TURN_00691,6136
052315_SEG_TURN_00085,6137
052315_SEG_PREV_CURR_00884,6138
052315_SEG_CURR_NEXT_00883,6139
052229_SEG_CURR_NEXT_00485,6140
052229_SEG_PREV_CURR_00486,6141
052423_SEG_TURN_01526,6142
052423_SEG_TURN_00920,6143
052423_SEG_TURN_00915,6144
052364_SEG_TURN_01029,6145
052556_SEG_TURN_00132,6146
052364_SEG_TURN_01041,6147
052423_SEG_PREV_CURR_00915,6148
052423_SEG_CURR_NEXT_00914,6149
052423_SEG_PREV_CURR_00916,6150
052423_SEG_CURR_NEXT_00915,6151
052423_SEG_CURR_NEXT_01525,6152
052423_SEG_PREV_CURR_01526,6153
052423_SEG_TURN_01402,6154
052364_SEG_PREV_CURR_01042,6155
052364_SEG_CURR_NEXT_01041,6156
052423_SEG_PREV_CURR_01527,6157
052423_SEG_CURR_NEXT_01526,6158
052364_SEG_PREV_CURR_01030,6159
052364_SEG_CURR_NEXT_01029,6160
052423_SEG_PREV_CURR_01402,6161
052423_SEG_CURR_NEXT_01401,6162
052364_SEG_PREV_CURR_01029,6163
052364_SEG_CURR_NEXT_01028,6164
052229_SEG_TURN_00496,6165
052423_SEG_PREV_CURR_01403,6166
052423_SEG_CURR_NEXT_01402,6167
052556_SEG_CURR_NEXT_00132,6168
052556_SEG_PREV_CURR_00133,6169
052423_SEG_CURR_NEXT_00920,6170
052423_SEG_PREV_CURR_00921,6171
052493_SEG_TURN_01460,6172
052364_SEG_CURR_NEXT_01040,6173
052364_SEG_PREV_CURR_01041,6174
052229_SEG_PREV_CURR_00497,6175
052229_SEG_CURR_NEXT_00496,6176
052423_SEG_CURR_NEXT_00919,6177
052423_SEG_PREV_CURR_00920,6178
052493_SEG_PREV_CURR_01461,6179
052493_SEG_CURR_NEXT_01460,6180
052493_SEG_CURR_NEXT_01459,6181
052556_SEG_TURN_00853,6182
052556_SEG_CURR_NEXT_00852,6183
052556_SEG_PREV_CURR_00853,6184
052556_SEG_CURR_NEXT_00853,6185
052556_SEG_PREV_CURR_00854,6186
052315_SEG_TURN_00169,6187
052229_SEG_TURN_01039,6188
052315_SEG_CURR_NEXT_00168,6189
052315_SEG_PREV_CURR_00169,6190
052229_SEG_TURN_01037,6191
052315_SEG_CURR_NEXT_00169,6192
052315_SEG_PREV_CURR_00170,6193
052229_SEG_PREV_CURR_01038,6194
052229_SEG_CURR_NEXT_01037,6195
052229_SEG_CURR_NEXT_01036,6196
052229_SEG_PREV_CURR_01037,6197
052229_SEG_CURR_NEXT_01038,6198
052229_SEG_PREV_CURR_01039,6199
052556_SEG_PREV_CURR_00857,6200
052556_SEG_CURR_NEXT_00856,6201
052556_SEG_TURN_00279,6202
052556_SEG_PREV_CURR_00856,6203
052556_SEG_CURR_NEXT_00855,6204
052229_SEG_CURR_NEXT_01039,6205
052229_SEG_PREV_CURR_01040,6206
052423_SEG_TURN_01057,6207
052556_SEG_TURN_00861,6208
052556_SEG_TURN_00856,6209
052556_SEG_TURN_00855,6210
052556_SEG_PREV_CURR_00279,6211
052556_SEG_CURR_NEXT_00278,6212
052423_SEG_TURN_01077,6213
052423_SEG_PREV_CURR_01057,6214
052423_SEG_CURR_NEXT_01056,6215
052315_SEG_TURN_00613,6216
052556_SEG_PREV_CURR_00861,6217
052556_SEG_CURR_NEXT_00860,6218
052556_SEG_CURR_NEXT_00857,6219
052556_SEG_PREV_CURR_00858,6220
052423_SEG_PREV_CURR_01058,6221
052423_SEG_CURR_NEXT_01057,6222
052556_SEG_PREV_CURR_00855,6223
052556_SEG_CURR_NEXT_00854,6224
052423_SEG_TURN_00775,6225
052423_SEG_PREV_CURR_00776,6226
052423_SEG_CURR_NEXT_00775,6227
052423_SEG_PREV_CURR_00775,6228
052423_SEG_CURR_NEXT_00774,6229
052493_SEG_TURN_00149,6230
052556_SEG_TURN_00262,6231
052493_SEG_CURR_NEXT_00149,6232
052493_SEG_PREV_CURR_00150,6233
052493_SEG_CURR_NEXT_00148,6234
052493_SEG_PREV_CURR_00149,6235
052423_SEG_TURN_01062,6236
052556_SEG_TURN_00264,6237
052423_SEG_TURN_00416,6238
052423_SEG_CURR_NEXT_01062,6239
052423_SEG_PREV_CURR_01063,6240
052423_SEG_PREV_CURR_00416,6241
052423_SEG_CURR_NEXT_00415,6242
052423_SEG_CURR_NEXT_00416,6243
052423_SEG_PREV_CURR_00417,6244
052556_SEG_TURN_00608,6245
052364_SEG_TURN_00277,6246
052423_SEG_TURN_00808,6247
052556_SEG_TURN_00616,6248
052423_SEG_CURR_NEXT_01061,6249
052423_SEG_PREV_CURR_01062,6250
052364_SEG_PREV_CURR_00278,6251
052364_SEG_CURR_NEXT_00277,6252
052423_SEG_TURN_00414,6253
052364_SEG_PREV_CURR_00277,6254
052364_SEG_CURR_NEXT_00276,6255
052315_SEG_TURN_00888,6256
052556_SEG_PREV_CURR_00247,6257
052556_SEG_CURR_NEXT_00246,6258
052556_SEG_TURN_00246,6259
052556_SEG_CURR_NEXT_00245,6260
052556_SEG_PREV_CURR_00246,6261
052315_SEG_TURN_01292,6262
052315_SEG_CURR_NEXT_01292,6263
052315_SEG_PREV_CURR_01293,6264
052315_SEG_CURR_NEXT_01291,6265
052315_SEG_PREV_CURR_01292,6266
052556_SEG_TURN_00244,6267
052423_SEG_TURN_00641,6268
052556_SEG_CURR_NEXT_00244,6269
052556_SEG_PREV_CURR_00245,6270
052556_SEG_PREV_CURR_00255,6271
052556_SEG_CURR_NEXT_00254,6272
052493_SEG_TURN_00440,6273
052556_SEG_TURN_00255,6274
052556_SEG_PREV_CURR_00244,6275
052556_SEG_CURR_NEXT_00243,6276
052493_SEG_TURN_01530,6277
052493_SEG_TURN_00265,6278
052493_SEG_CURR_NEXT_01529,6279
052493_SEG_PREV_CURR_01530,6280
052423_SEG_CURR_NEXT_00641,6281
052423_SEG_PREV_CURR_00642,6282
052493_SEG_TURN_00907,6283
052280_SEG_TURN_00901,6284
052556_SEG_CURR_NEXT_00255,6285
052556_SEG_PREV_CURR_00256,6286
052423_SEG_PREV_CURR_00641,6287
052423_SEG_CURR_NEXT_00640,6288
052493_SEG_PREV_CURR_01531,6289
052493_SEG_CURR_NEXT_01530,6290
052493_SEG_PREV_CURR_00265,6291
052493_SEG_CURR_NEXT_00264,6292
052556_SEG_CURR_NEXT_00253,6293
052556_SEG_PREV_CURR_00254,6294
052493_SEG_TURN_01074,6295
052556_SEG_TURN_00254,6296
052493_SEG_CURR_NEXT_01073,6297
052493_SEG_PREV_CURR_01074,6298
052493_SEG_PREV_CURR_00907,6299
052493_SEG_CURR_NEXT_00906,6300
052493_SEG_CURR_NEXT_00265,6301
052556_SEG_CURR_NEXT_00258,6302
052556_SEG_PREV_CURR_00259,6303
052556_SEG_TURN_00258,6304
052556_SEG_CURR_NEXT_00257,6305
052556_SEG_PREV_CURR_00258,6306
052493_SEG_PREV_CURR_00221,6307
052493_SEG_CURR_NEXT_00220,6308
052493_SEG_TURN_00220,6309
052493_SEG_PREV_CURR_00220,6310
052493_SEG_CURR_NEXT_00219,6311
052556_SEG_TURN_00859,6312
052556_SEG_TURN_00443,6313
052556_SEG_PREV_CURR_00925,6314
052556_SEG_CURR_NEXT_00924,6315
052556_SEG_CURR_NEXT_00442,6316
052556_SEG_PREV_CURR_00443,6317
052556_SEG_PREV_CURR_00444,6318
052556_SEG_CURR_NEXT_00443,6319
052364_SEG_CURR_NEXT_00703,6320
052364_SEG_PREV_CURR_00704,6321
052364_SEG_TURN_00703,6322
052556_SEG_TURN_00924,6323
052280_SEG_TURN_00902,6324
052364_SEG_CURR_NEXT_00702,6325
052364_SEG_PREV_CURR_00703,6326
052364_SEG_TURN_00728,6327
052280_SEG_PREV_CURR_00903,6328
052280_SEG_CURR_NEXT_00902,6329
052556_SEG_TURN_00259,6330
052493_SEG_TURN_01320,6331
052280_SEG_CURR_NEXT_00901,6332
052280_SEG_PREV_CURR_00902,6333
052556_SEG_CURR_NEXT_00858,6334
052556_SEG_PREV_CURR_00859,6335
052556_SEG_PREV_CURR_00924,6336
052556_SEG_CURR_NEXT_00923,6337
052556_SEG_CURR_NEXT_00859,6338
052556_SEG_PREV_CURR_00860,6339
052556_SEG_PREV_CURR_00248,6340
052556_SEG_CURR_NEXT_00247,6341
052556_SEG_TURN_00325,6342
052556_SEG_TURN_00328,6343
052556_SEG_TURN_00330,6344
052556_SEG_TURN_00336,6345
052556_SEG_TURN_00324,6346
052556_SEG_PREV_CURR_00329,6347
052556_SEG_CURR_NEXT_00328,6348
052556_SEG_CURR_NEXT_00329,6349
052556_SEG_PREV_CURR_00330,6350
052556_SEG_CURR_NEXT_00327,6351
052556_SEG_PREV_CURR_00328,6352
052556_SEG_CURR_NEXT_00335,6353
052556_SEG_PREV_CURR_00336,6354
052556_SEG_TURN_00326,6355
052556_SEG_TURN_00929,6356
052556_SEG_PREV_CURR_00327,6357
052556_SEG_CURR_NEXT_00326,6358
052556_SEG_PREV_CURR_00930,6359
052556_SEG_CURR_NEXT_00929,6360
052556_SEG_PREV_CURR_00331,6361
052556_SEG_CURR_NEXT_00330,6362
052556_SEG_PREV_CURR_00337,6363
052556_SEG_CURR_NEXT_00336,6364
052556_SEG_CURR_NEXT_00928,6365
052556_SEG_PREV_CURR_00929,6366
052556_SEG_CURR_NEXT_00323,6367
052556_SEG_PREV_CURR_00324,6368
052556_SEG_PREV_CURR_00325,6369
052556_SEG_CURR_NEXT_00324,6370
052556_SEG_TURN_00335,6371
052556_SEG_PREV_CURR_00326,6372
052556_SEG_CURR_NEXT_00325,6373
052556_SEG_PREV_CURR_00335,6374
052556_SEG_CURR_NEXT_00334,6375
052315_SEG_TURN_01135,6376
052556_SEG_TURN_01035,6377
052556_SEG_TURN_00005,6378
052556_SEG_PREV_CURR_01036,6379
052556_SEG_CURR_NEXT_01035,6380
052556_SEG_CURR_NEXT_01034,6381
052556_SEG_PREV_CURR_01035,6382
052556_SEG_TURN_00012,6383
052556_SEG_CURR_NEXT_00004,6384
052556_SEG_PREV_CURR_00005,6385
052556_SEG_CURR_NEXT_00012,6386
052556_SEG_PREV_CURR_00013,6387
052556_SEG_CURR_NEXT_00741,6388
052556_SEG_PREV_CURR_00742,6389
052556_SEG_CURR_NEXT_00740,6390
052423_SEG_TURN_01537,6391
052423_SEG_TURN_01535,6392
052423_SEG_TURN_01013,6393
052423_SEG_CURR_NEXT_01012,6394
052423_SEG_PREV_CURR_01013,6395
052364_SEG_TURN_01174,6396
052364_SEG_CURR_NEXT_01173,6397
052364_SEG_PREV_CURR_01174,6398
052364_SEG_PREV_CURR_01175,6399
052364_SEG_CURR_NEXT_01174,6400
052493_SEG_TURN_01394,6401
052493_SEG_TURN_01392,6402
052493_SEG_PREV_CURR_01393,6403
052493_SEG_CURR_NEXT_01392,6404
052493_SEG_PREV_CURR_01392,6405
052493_SEG_CURR_NEXT_01391,6406
052423_SEG_TURN_00997,6407
052315_SEG_TURN_01283,6408
052315_SEG_PREV_CURR_01284,6409
052315_SEG_CURR_NEXT_01283,6410
052315_SEG_PREV_CURR_01283,6411
052364_SEG_TURN_00315,6412
052364_SEG_PREV_CURR_00995,6413
052364_SEG_CURR_NEXT_00994,6414
052364_SEG_CURR_NEXT_00873,6415
052364_SEG_PREV_CURR_00874,6416
052364_SEG_TURN_01006,6417
052364_SEG_TURN_00878,6418
052364_SEG_TURN_00874,6419
052364_SEG_TURN_00876,6420
052364_SEG_TURN_00899,6421
052364_SEG_TURN_00995,6422
052364_SEG_TURN_00891,6423
052364_SEG_TURN_00298,6424
052364_SEG_TURN_00914,6425
052364_SEG_TURN_00887,6426
052364_SEG_TURN_01037,6427
052364_SEG_TURN_00897,6428
052364_SEG_TURN_00994,6429
052364_SEG_TURN_00318,6430
052364_SEG_TURN_01008,6431
052364_SEG_TURN_00288,6432
052364_SEG_TURN_00997,6433
052364_SEG_TURN_00873,6434
052364_SEG_TURN_00901,6435
052364_SEG_TURN_00884,6436
052364_SEG_TURN_00889,6437
052364_SEG_TURN_00909,6438
052364_SEG_TURN_00657,6439
052364_SEG_TURN_00324,6440
052364_SEG_TURN_01033,6441
052364_SEG_TURN_00903,6442
052364_SEG_TURN_00294,6443
052364_SEG_PREV_CURR_01028,6444
052364_SEG_CURR_NEXT_01027,6445
052364_SEG_PREV_CURR_00996,6446
052364_SEG_CURR_NEXT_00995,6447
052364_SEG_TURN_01001,6448
052364_SEG_CURR_NEXT_00996,6449
052364_SEG_PREV_CURR_00997,6450
052364_SEG_TURN_00895,6451
052364_SEG_TURN_01039,6452
052364_SEG_TURN_01027,6453
052364_SEG_TURN_00296,6454
052364_SEG_TURN_00893,6455
052364_SEG_TURN_00310,6456
052364_SEG_TURN_00882,6457
052364_SEG_TURN_00880,6458
052280_SEG_TURN_00031,6459
052364_SEG_PREV_CURR_00994,6460
052364_SEG_CURR_NEXT_00993,6461
052315_SEG_TURN_00226,6462
052315_SEG_TURN_00228,6463
052315_SEG_CURR_NEXT_00226,6464
052315_SEG_PREV_CURR_00227,6465
052315_SEG_CURR_NEXT_00225,6466
052315_SEG_PREV_CURR_00226,6467
052315_SEG_PREV_CURR_00229,6468
052315_SEG_CURR_NEXT_00228,6469
052315_SEG_CURR_NEXT_00227,6470
052315_SEG_PREV_CURR_00228,6471
052364_SEG_TURN_00289,6472
052364_SEG_TURN_00301,6473
052364_SEG_TURN_00295,6474
052364_SEG_PREV_CURR_00290,6475
052364_SEG_CURR_NEXT_00289,6476
052364_SEG_CURR_NEXT_00304,6477
052364_SEG_PREV_CURR_00305,6478
052423_SEG_TURN_01341,6479
052364_SEG_PREV_CURR_00295,6480
052364_SEG_CURR_NEXT_00294,6481
052364_SEG_CURR_NEXT_00301,6482
052364_SEG_PREV_CURR_00302,6483
052364_SEG_CURR_NEXT_00295,6484
052364_SEG_PREV_CURR_00296,6485
052364_SEG_TURN_00299,6486
052556_SEG_TURN_00331,6487
052364_SEG_CURR_NEXT_00288,6488
052364_SEG_PREV_CURR_00289,6489
052315_SEG_TURN_00232,6490
052364_SEG_CURR_NEXT_00298,6491
052364_SEG_PREV_CURR_00299,6492
052315_SEG_PREV_CURR_00233,6493
052315_SEG_CURR_NEXT_00232,6494
052315_SEG_CURR_NEXT_00231,6495
052315_SEG_PREV_CURR_00232,6496
052556_SEG_CURR_NEXT_00331,6497
052556_SEG_PREV_CURR_00332,6498
052423_SEG_PREV_CURR_01341,6499
052423_SEG_CURR_NEXT_01340,6500
052364_SEG_CURR_NEXT_00299,6501
052364_SEG_PREV_CURR_00300,6502
052364_SEG_TURN_00304,6503
052423_SEG_PREV_CURR_01342,6504
052423_SEG_CURR_NEXT_01341,6505
052364_SEG_TURN_00302,6506
052556_SEG_TURN_00948,6507
052556_SEG_TURN_00181,6508
052556_SEG_PREV_CURR_00181,6509
052556_SEG_CURR_NEXT_00180,6510
052556_SEG_CURR_NEXT_00947,6511
052556_SEG_PREV_CURR_00948,6512
052556_SEG_CURR_NEXT_00948,6513
052556_SEG_PREV_CURR_00949,6514
052556_SEG_PREV_CURR_00182,6515
052556_SEG_CURR_NEXT_00181,6516
052556_SEG_TURN_00234,6517
052364_SEG_TURN_01173,6518
052364_SEG_TURN_00974,6519
052364_SEG_TURN_00954,6520
052364_SEG_TURN_00959,6521
052364_SEG_TURN_01167,6522
052364_SEG_TURN_00950,6523
052364_SEG_TURN_01169,6524
052364_SEG_TURN_01171,6525
052364_SEG_TURN_01175,6526
052364_SEG_TURN_00957,6527
052364_SEG_TURN_00246,6528
052364_SEG_TURN_00258,6529
052364_SEG_TURN_00963,6530
052556_SEG_PREV_CURR_00943,6531
052556_SEG_CURR_NEXT_00942,6532
052364_SEG_TURN_00972,6533
052364_SEG_TURN_00001,6534
052364_SEG_PREV_CURR_01160,6535
052364_SEG_CURR_NEXT_01159,6536
052364_SEG_TURN_01160,6537
052364_SEG_TURN_00278,6538
052364_SEG_TURN_00254,6539
052364_SEG_CURR_NEXT_00954,6540
052364_SEG_PREV_CURR_00955,6541
052364_SEG_TURN_00952,6542
052423_SEG_CURR_NEXT_01106,6543
052423_SEG_PREV_CURR_01107,6544
052364_SEG_TURN_00270,6545
052364_SEG_TURN_00272,6546
052364_SEG_TURN_00961,6547
052364_SEG_TURN_00280,6548
052556_SEG_TURN_00950,6549
052423_SEG_TURN_01107,6550
052364_SEG_TURN_00252,6551
052364_SEG_CURR_NEXT_00001,6552
052364_SEG_PREV_CURR_00002,6553
052364_SEG_CURR_NEXT_00949,6554
052364_SEG_CURR_NEXT_00248,6555
052364_SEG_PREV_CURR_00249,6556
052364_SEG_TURN_00249,6557
052364_SEG_PREV_CURR_00250,6558
052364_SEG_CURR_NEXT_00249,6559
052364_SEG_PREV_CURR_00271,6560
052364_SEG_CURR_NEXT_00270,6561
052364_SEG_CURR_NEXT_00271,6562
052364_SEG_PREV_CURR_00272,6563
052364_SEG_CURR_NEXT_00267,6564
052364_SEG_PREV_CURR_00268,6565
052364_SEG_TURN_00267,6566
052364_SEG_CURR_NEXT_00266,6567
052364_SEG_PREV_CURR_00267,6568
052364_SEG_CURR_NEXT_00254,6569
052364_SEG_PREV_CURR_00255,6570
052364_SEG_PREV_CURR_00950,6571
052364_SEG_TURN_00283,6572
052364_SEG_TURN_00268,6573
052364_SEG_TURN_00274,6574
052280_SEG_TURN_00843,6575
052280_SEG_PREV_CURR_00843,6576
052280_SEG_CURR_NEXT_00842,6577
052364_SEG_CURR_NEXT_01166,6578
052364_SEG_PREV_CURR_01167,6579
052280_SEG_CURR_NEXT_00843,6580
052280_SEG_PREV_CURR_00844,6581
052364_SEG_TURN_00966,6582
052364_SEG_PREV_CURR_00957,6583
052364_SEG_CURR_NEXT_00956,6584
052364_SEG_TURN_00248,6585
052364_SEG_TURN_00285,6586
052364_SEG_TURN_00276,6587
052364_SEG_PREV_CURR_00246,6588
052364_SEG_CURR_NEXT_00245,6589
052364_SEG_TURN_00250,6590
052364_SEG_CURR_NEXT_00953,6591
052364_SEG_PREV_CURR_00954,6592
052364_SEG_PREV_CURR_00953,6593
052364_SEG_CURR_NEXT_00959,6594
052364_SEG_PREV_CURR_00960,6595
052364_SEG_CURR_NEXT_00960,6596
052364_SEG_PREV_CURR_00961,6597
052364_SEG_CURR_NEXT_00974,6598
052364_SEG_PREV_CURR_00975,6599
052364_SEG_CURR_NEXT_00975,6600
052364_SEG_PREV_CURR_00976,6601
052364_SEG_TURN_00960,6602
052364_SEG_PREV_CURR_00967,6603
052364_SEG_CURR_NEXT_00966,6604
052364_SEG_TURN_00975,6605
052364_SEG_CURR_NEXT_00965,6606
052364_SEG_PREV_CURR_00966,6607
052364_SEG_PREV_CURR_00963,6608
052364_SEG_CURR_NEXT_00962,6609
052364_SEG_CURR_NEXT_00961,6610
052364_SEG_PREV_CURR_00962,6611
052364_SEG_PREV_CURR_00956,6612
052364_SEG_CURR_NEXT_00955,6613
052364_SEG_TURN_00955,6614
052364_SEG_TURN_00967,6615
052364_SEG_CURR_NEXT_00967,6616
052364_SEG_PREV_CURR_00968,6617
052364_SEG_TURN_00956,6618
052315_SEG_TURN_00083,6619
052315_SEG_CURR_NEXT_00082,6620
052315_SEG_PREV_CURR_00083,6621
052315_SEG_PREV_CURR_00086,6622
052315_SEG_CURR_NEXT_00085,6623
052315_SEG_CURR_NEXT_00078,6624
052315_SEG_PREV_CURR_00079,6625
052315_SEG_PREV_CURR_00080,6626
052315_SEG_CURR_NEXT_00079,6627
052423_SEG_TURN_00325,6628
052556_SEG_TURN_00827,6629
052423_SEG_PREV_CURR_00326,6630
052423_SEG_CURR_NEXT_00325,6631
052556_SEG_PREV_CURR_00827,6632
052556_SEG_CURR_NEXT_00826,6633
052423_SEG_CURR_NEXT_00324,6634
052423_SEG_PREV_CURR_00325,6635
052556_SEG_TURN_00823,6636
052364_SEG_TURN_01252,6637
052364_SEG_CURR_NEXT_01252,6638
052364_SEG_PREV_CURR_01253,6639
052364_SEG_TURN_00684,6640
052364_SEG_PREV_CURR_00685,6641
052364_SEG_CURR_NEXT_00684,6642
052364_SEG_PREV_CURR_00684,6643
052364_SEG_CURR_NEXT_00683,6644
052229_SEG_TURN_00912,6645
052229_SEG_CURR_NEXT_00912,6646
052229_SEG_PREV_CURR_00913,6647
052364_SEG_TURN_01253,6648
052229_SEG_PREV_CURR_00912,6649
052229_SEG_CURR_NEXT_00911,6650
052364_SEG_PREV_CURR_01252,6651
052364_SEG_CURR_NEXT_01251,6652
052364_SEG_CURR_NEXT_01253,6653
052364_SEG_PREV_CURR_01254,6654
052493_SEG_TURN_00289,6655
052493_SEG_PREV_CURR_00290,6656
052493_SEG_CURR_NEXT_00289,6657
052315_SEG_TURN_00681,6658
052493_SEG_CURR_NEXT_00288,6659
052493_SEG_PREV_CURR_00289,6660
052364_SEG_TURN_01250,6661
052315_SEG_CURR_NEXT_00681,6662
052315_SEG_PREV_CURR_00682,6663
052315_SEG_PREV_CURR_00681,6664
052315_SEG_CURR_NEXT_00680,6665
052364_SEG_TURN_01279,6666
052364_SEG_PREV_CURR_01250,6667
052364_SEG_CURR_NEXT_01249,6668
052229_SEG_TURN_00620,6669
052229_SEG_PREV_CURR_00620,6670
052229_SEG_CURR_NEXT_00619,6671
052364_SEG_PREV_CURR_01280,6672
052364_SEG_CURR_NEXT_01279,6673
052229_SEG_TURN_00021,6674
052364_SEG_PREV_CURR_01279,6675
052364_SEG_CURR_NEXT_01278,6676
052229_SEG_PREV_CURR_00621,6677
052229_SEG_CURR_NEXT_00620,6678
052229_SEG_CURR_NEXT_00021,6679
052229_SEG_PREV_CURR_00022,6680
052229_SEG_CURR_NEXT_00020,6681
052229_SEG_PREV_CURR_00021,6682
052229_SEG_TURN_01133,6683
052364_SEG_TURN_01179,6684
052364_SEG_TURN_00875,6685
052423_SEG_TURN_00346,6686
052229_SEG_TURN_00776,6687
052423_SEG_CURR_NEXT_00345,6688
052423_SEG_PREV_CURR_00346,6689
052364_SEG_TURN_00159,6690
052364_SEG_PREV_CURR_00160,6691
052364_SEG_CURR_NEXT_00159,6692
052364_SEG_PREV_CURR_00159,6693
052364_SEG_CURR_NEXT_00158,6694
052229_SEG_CURR_NEXT_00922,6695
052229_SEG_PREV_CURR_00923,6696
052229_SEG_PREV_CURR_00922,6697
052229_SEG_CURR_NEXT_00921,6698
052315_SEG_TURN_01358,6699
052229_SEG_PREV_CURR_00777,6700
052229_SEG_CURR_NEXT_00776,6701
052423_SEG_TURN_01003,6702
052364_SEG_TURN_00019,6703
052364_SEG_CURR_NEXT_00875,6704
052364_SEG_PREV_CURR_00876,6705
052423_SEG_TURN_00342,6706
052364_SEG_PREV_CURR_00875,6707
052364_SEG_CURR_NEXT_00874,6708
052423_SEG_PREV_CURR_00347,6709
052423_SEG_CURR_NEXT_00346,6710
052315_SEG_PREV_CURR_01358,6711
052315_SEG_CURR_NEXT_01357,6712
052423_SEG_CURR_NEXT_01002,6713
052423_SEG_PREV_CURR_01003,6714
052364_SEG_TURN_00052,6715
052280_SEG_TURN_01057,6716
052364_SEG_CURR_NEXT_00019,6717
052364_SEG_PREV_CURR_00020,6718
052364_SEG_TURN_00877,6719
052423_SEG_TURN_00262,6720
052556_SEG_PREV_CURR_01001,6721
052556_SEG_CURR_NEXT_01000,6722
052364_SEG_TURN_00155,6723
052423_SEG_CURR_NEXT_00426,6724
052423_SEG_PREV_CURR_00427,6725
052364_SEG_TURN_00818,6726
052364_SEG_TURN_00935,6727
052364_SEG_PREV_CURR_00818,6728
052364_SEG_CURR_NEXT_00817,6729
052364_SEG_TURN_00941,6730
052364_SEG_TURN_00826,6731
052364_SEG_TURN_00820,6732
052364_SEG_TURN_00817,6733
052364_SEG_TURN_00822,6734
052364_SEG_TURN_00947,6735
052364_SEG_TURN_00937,6736
052364_SEG_TURN_00824,6737
052364_SEG_CURR_NEXT_00825,6738
052364_SEG_PREV_CURR_00826,6739
052364_SEG_PREV_CURR_00825,6740
052364_SEG_CURR_NEXT_00824,6741
052364_SEG_TURN_00933,6742
052364_SEG_CURR_NEXT_00941,6743
052364_SEG_PREV_CURR_00942,6744
052364_SEG_PREV_CURR_00933,6745
052364_SEG_CURR_NEXT_00932,6746
052364_SEG_TURN_00930,6747
052364_SEG_CURR_NEXT_00929,6748
052364_SEG_PREV_CURR_00930,6749
052364_SEG_CURR_NEXT_00934,6750
052364_SEG_PREV_CURR_00935,6751
052364_SEG_CURR_NEXT_00933,6752
052364_SEG_PREV_CURR_00934,6753
052364_SEG_PREV_CURR_00948,6754
052364_SEG_CURR_NEXT_00947,6755
052364_SEG_CURR_NEXT_00930,6756
052364_SEG_PREV_CURR_00931,6757
052364_SEG_CURR_NEXT_00946,6758
052364_SEG_PREV_CURR_00947,6759
052364_SEG_PREV_CURR_00821,6760
052364_SEG_CURR_NEXT_00820,6761
052364_SEG_PREV_CURR_00819,6762
052364_SEG_CURR_NEXT_00818,6763
052364_SEG_TURN_01267,6764
052364_SEG_CURR_NEXT_00819,6765
052364_SEG_PREV_CURR_00820,6766
052364_SEG_CURR_NEXT_01267,6767
052364_SEG_PREV_CURR_01268,6768
052364_SEG_PREV_CURR_00822,6769
052364_SEG_CURR_NEXT_00821,6770
052364_SEG_TURN_00929,6771
052364_SEG_CURR_NEXT_00943,6772
052364_SEG_PREV_CURR_00944,6773
052364_SEG_TURN_00943,6774
052364_SEG_PREV_CURR_00943,6775
052364_SEG_CURR_NEXT_00942,6776
052493_SEG_TURN_00395,6777
052493_SEG_CURR_NEXT_00395,6778
052493_SEG_PREV_CURR_00396,6779
052364_SEG_TURN_00944,6780
052364_SEG_TURN_00938,6781
052364_SEG_PREV_CURR_00938,6782
052364_SEG_CURR_NEXT_00937,6783
052364_SEG_CURR_NEXT_00938,6784
052364_SEG_PREV_CURR_00939,6785
052364_SEG_CURR_NEXT_00944,6786
052364_SEG_PREV_CURR_00945,6787
052493_SEG_PREV_CURR_00395,6788
052493_SEG_CURR_NEXT_00394,6789
052364_SEG_PREV_CURR_00941,6790
052364_SEG_CURR_NEXT_00940,6791
052364_SEG_TURN_00940,6792
052364_SEG_CURR_NEXT_00939,6793
052364_SEG_PREV_CURR_00940,6794
052556_SEG_TURN_00724,6795
052364_SEG_TURN_00945,6796
052493_SEG_TURN_00082,6797
052364_SEG_TURN_01117,6798
052364_SEG_PREV_CURR_00946,6799
052364_SEG_CURR_NEXT_00945,6800
052364_SEG_CURR_NEXT_01116,6801
052364_SEG_PREV_CURR_01117,6802
052493_SEG_PREV_CURR_00083,6803
052493_SEG_CURR_NEXT_00082,6804
052493_SEG_PREV_CURR_00082,6805
052493_SEG_CURR_NEXT_00081,6806
052364_SEG_PREV_CURR_01269,6807
052364_SEG_CURR_NEXT_01268,6808
052364_SEG_TURN_01269,6809
052364_SEG_TURN_01268,6810
052364_SEG_TURN_01120,6811
052364_SEG_PREV_CURR_01270,6812
052364_SEG_CURR_NEXT_01269,6813
052364_SEG_TURN_01118,6814
052364_SEG_CURR_NEXT_01117,6815
052364_SEG_PREV_CURR_01118,6816
052364_SEG_PREV_CURR_01120,6817
052364_SEG_CURR_NEXT_01119,6818
052364_SEG_PREV_CURR_01119,6819
052364_SEG_CURR_NEXT_01118,6820
052364_SEG_TURN_01119,6821
052364_SEG_TURN_01115,6822
052364_SEG_CURR_NEXT_01115,6823
052364_SEG_PREV_CURR_01116,6824
052364_SEG_PREV_CURR_01121,6825
052364_SEG_CURR_NEXT_01120,6826
052364_SEG_CURR_NEXT_01114,6827
052364_SEG_PREV_CURR_01115,6828
052280_SEG_TURN_00713,6829
052493_SEG_TURN_01194,6830
052280_SEG_PREV_CURR_00713,6831
052280_SEG_CURR_NEXT_00712,6832
052280_SEG_PREV_CURR_00714,6833
052280_SEG_CURR_NEXT_00713,6834
052280_SEG_TURN_00692,6835
052229_SEG_TURN_00874,6836
052229_SEG_PREV_CURR_00875,6837
052229_SEG_CURR_NEXT_00874,6838
052229_SEG_TURN_01127,6839
052423_SEG_TURN_01085,6840
052229_SEG_PREV_CURR_01128,6841
052229_SEG_CURR_NEXT_01127,6842
052229_SEG_CURR_NEXT_00873,6843
052229_SEG_PREV_CURR_00874,6844
052423_SEG_PREV_CURR_01086,6845
052423_SEG_CURR_NEXT_01085,6846
052423_SEG_TURN_01477,6847
052556_SEG_TURN_00610,6848
052229_SEG_CURR_NEXT_01126,6849
052229_SEG_PREV_CURR_01127,6850
052423_SEG_PREV_CURR_01478,6851
052423_SEG_CURR_NEXT_01477,6852
052423_SEG_CURR_NEXT_01476,6853
052423_SEG_PREV_CURR_01477,6854
052556_SEG_PREV_CURR_00611,6855
052556_SEG_CURR_NEXT_00610,6856
052556_SEG_CURR_NEXT_00609,6857
052556_SEG_PREV_CURR_00610,6858
052493_SEG_TURN_01342,6859
052493_SEG_PREV_CURR_01343,6860
052493_SEG_CURR_NEXT_01342,6861
052423_SEG_TURN_00048,6862
052423_SEG_CURR_NEXT_00048,6863
052423_SEG_PREV_CURR_00049,6864
052423_SEG_CURR_NEXT_00047,6865
052423_SEG_PREV_CURR_00048,6866
052493_SEG_CURR_NEXT_01341,6867
052315_SEG_PREV_CURR_00111,6868
052315_SEG_CURR_NEXT_00110,6869
052315_SEG_CURR_NEXT_00111,6870
052315_SEG_PREV_CURR_00112,6871
052493_SEG_TURN_00868,6872
052493_SEG_PREV_CURR_00868,6873
052493_SEG_CURR_NEXT_00867,6874
052493_SEG_PREV_CURR_00869,6875
052493_SEG_CURR_NEXT_00868,6876
052229_SEG_TURN_00642,6877
052229_SEG_PREV_CURR_00642,6878
052229_SEG_CURR_NEXT_00641,6879
052229_SEG_TURN_00820,6880
052229_SEG_CURR_NEXT_00819,6881
052229_SEG_PREV_CURR_00820,6882
052229_SEG_PREV_CURR_00821,6883
052364_SEG_TURN_00346,6884
052315_SEG_TURN_00632,6885
052315_SEG_PREV_CURR_00632,6886
052315_SEG_CURR_NEXT_00631,6887
052315_SEG_CURR_NEXT_00632,6888
052315_SEG_PREV_CURR_00633,6889
052493_SEG_TURN_00155,6890
052556_SEG_TURN_00125,6891
052493_SEG_CURR_NEXT_00155,6892
052493_SEG_PREV_CURR_00156,6893
052364_SEG_CURR_NEXT_00345,6894
052364_SEG_PREV_CURR_00346,6895
052556_SEG_PREV_CURR_00126,6896
052556_SEG_CURR_NEXT_00125,6897
052364_SEG_CURR_NEXT_00346,6898
052364_SEG_PREV_CURR_00347,6899
052556_SEG_PREV_CURR_00125,6900
052556_SEG_CURR_NEXT_00124,6901
052315_SEG_TURN_00269,6902
052493_SEG_TURN_01468,6903
052493_SEG_PREV_CURR_01468,6904
052493_SEG_CURR_NEXT_01467,6905
052493_SEG_CURR_NEXT_00154,6906
052493_SEG_PREV_CURR_00155,6907
052315_SEG_CURR_NEXT_00268,6908
052315_SEG_PREV_CURR_00269,6909
052493_SEG_CURR_NEXT_01468,6910
052493_SEG_PREV_CURR_01469,6911
052493_SEG_TURN_00990,6912
052315_SEG_PREV_CURR_00270,6913
052315_SEG_CURR_NEXT_00269,6914
052493_SEG_TURN_00993,6915
052423_SEG_TURN_01246,6916
052556_SEG_TURN_00150,6917
052364_SEG_TURN_01264,6918
052364_SEG_TURN_01262,6919
052364_SEG_PREV_CURR_01265,6920
052364_SEG_CURR_NEXT_01264,6921
052364_SEG_CURR_NEXT_01263,6922
052364_SEG_PREV_CURR_01264,6923
052364_SEG_PREV_CURR_01263,6924
052364_SEG_CURR_NEXT_01262,6925
052364_SEG_TURN_01263,6926
052364_SEG_PREV_CURR_01262,6927
052364_SEG_CURR_NEXT_01261,6928
052315_SEG_TURN_01091,6929
052315_SEG_CURR_NEXT_01090,6930
052315_SEG_PREV_CURR_01091,6931
052280_SEG_TURN_00011,6932
052315_SEG_PREV_CURR_01092,6933
052315_SEG_CURR_NEXT_01091,6934
052280_SEG_TURN_00976,6935
052280_SEG_PREV_CURR_00012,6936
052280_SEG_CURR_NEXT_00011,6937
052280_SEG_TURN_00645,6938
052280_SEG_CURR_NEXT_00644,6939
052280_SEG_PREV_CURR_00645,6940
052280_SEG_CURR_NEXT_00645,6941
052280_SEG_PREV_CURR_00646,6942
052280_SEG_PREV_CURR_00977,6943
052280_SEG_CURR_NEXT_00976,6944
052229_SEG_TURN_00027,6945
052364_SEG_PREV_CURR_00097,6946
052364_SEG_CURR_NEXT_00096,6947
052280_SEG_PREV_CURR_00976,6948
052280_SEG_CURR_NEXT_00975,6949
052364_SEG_TURN_00097,6950
052364_SEG_PREV_CURR_00098,6951
052364_SEG_CURR_NEXT_00097,6952
052229_SEG_CURR_NEXT_00026,6953
052229_SEG_PREV_CURR_00027,6954
052556_SEG_TURN_00210,6955
052364_SEG_TURN_01199,6956
052556_SEG_CURR_NEXT_00209,6957
052556_SEG_PREV_CURR_00210,6958
052556_SEG_PREV_CURR_00211,6959
052556_SEG_CURR_NEXT_00210,6960
052423_SEG_TURN_00064,6961
052423_SEG_CURR_NEXT_00064,6962
052423_SEG_PREV_CURR_00065,6963
052364_SEG_PREV_CURR_01199,6964
052364_SEG_CURR_NEXT_01198,6965
052423_SEG_CURR_NEXT_00063,6966
052423_SEG_PREV_CURR_00064,6967
052315_SEG_CURR_NEXT_00849,6968
052315_SEG_PREV_CURR_00850,6969
052364_SEG_PREV_CURR_01200,6970
052364_SEG_CURR_NEXT_01199,6971
052423_SEG_TURN_01070,6972
052423_SEG_PREV_CURR_00220,6973
052423_SEG_CURR_NEXT_00219,6974
052423_SEG_TURN_00220,6975
052364_SEG_TURN_00173,6976
052423_SEG_CURR_NEXT_00220,6977
052423_SEG_PREV_CURR_00221,6978
052364_SEG_CURR_NEXT_00173,6979
052364_SEG_PREV_CURR_00174,6980
052315_SEG_TURN_00095,6981
052315_SEG_CURR_NEXT_00095,6982
052315_SEG_PREV_CURR_00096,6983
052364_SEG_PREV_CURR_00173,6984
052364_SEG_CURR_NEXT_00172,6985
052315_SEG_PREV_CURR_00095,6986
052315_SEG_CURR_NEXT_00094,6987
052364_SEG_TURN_00177,6988
052364_SEG_PREV_CURR_00178,6989
052364_SEG_CURR_NEXT_00177,6990
052229_SEG_TURN_00232,6991
052364_SEG_CURR_NEXT_00176,6992
052364_SEG_PREV_CURR_00177,6993
052423_SEG_PREV_CURR_00263,6994
052423_SEG_CURR_NEXT_00262,6995
052423_SEG_TURN_00263,6996
052423_SEG_CURR_NEXT_00263,6997
052423_SEG_PREV_CURR_00264,6998
052423_SEG_CURR_NEXT_00261,6999
052423_SEG_PREV_CURR_00262,7000
052423_SEG_TURN_00261,7001
052229_SEG_CURR_NEXT_00933,7002
052229_SEG_PREV_CURR_00934,7003
052423_SEG_CURR_NEXT_00260,7004
052423_SEG_PREV_CURR_00261,7005
052315_SEG_TURN_00640,7006
052229_SEG_PREV_CURR_00933,7007
052229_SEG_CURR_NEXT_00932,7008
052229_SEG_TURN_00932,7009
052229_SEG_CURR_NEXT_00931,7010
052229_SEG_PREV_CURR_00932,7011
052315_SEG_CURR_NEXT_00640,7012
052315_SEG_PREV_CURR_00641,7013
052315_SEG_TURN_00653,7014
052315_SEG_CURR_NEXT_00653,7015
052315_SEG_PREV_CURR_00654,7016
052315_SEG_CURR_NEXT_00652,7017
052315_SEG_PREV_CURR_00653,7018
052423_SEG_TURN_01539,7019
052423_SEG_PREV_CURR_01539,7020
052423_SEG_CURR_NEXT_01538,7021
052423_SEG_PREV_CURR_01540,7022
052423_SEG_CURR_NEXT_01539,7023
052315_SEG_CURR_NEXT_00639,7024
052315_SEG_PREV_CURR_00640,7025
052493_SEG_TURN_01149,7026
052315_SEG_TURN_00655,7027
052280_SEG_TURN_01012,7028
052315_SEG_CURR_NEXT_00654,7029
052315_SEG_PREV_CURR_00655,7030
052493_SEG_CURR_NEXT_01149,7031
052493_SEG_PREV_CURR_01150,7032
052315_SEG_TURN_00234,7033
052280_SEG_CURR_NEXT_01012,7034
052280_SEG_PREV_CURR_01013,7035
052315_SEG_PREV_CURR_00656,7036
052315_SEG_CURR_NEXT_00655,7037
052280_SEG_PREV_CURR_01012,7038
052280_SEG_CURR_NEXT_01011,7039
052315_SEG_CURR_NEXT_00233,7040
052315_SEG_PREV_CURR_01066,7041
052315_SEG_CURR_NEXT_01065,7042
052423_SEG_TURN_00491,7043
052423_SEG_TURN_00599,7044
052315_SEG_TURN_00515,7045
052423_SEG_CURR_NEXT_00491,7046
052423_SEG_PREV_CURR_00492,7047
052423_SEG_PREV_CURR_00491,7048
052423_SEG_CURR_NEXT_00490,7049
052423_SEG_CURR_NEXT_00599,7050
052423_SEG_PREV_CURR_00600,7051
052315_SEG_PREV_CURR_00515,7052
052315_SEG_CURR_NEXT_00514,7053
052423_SEG_TURN_00425,7054
052493_SEG_TURN_00886,7055
052423_SEG_PREV_CURR_00426,7056
052423_SEG_CURR_NEXT_00425,7057
052423_SEG_TURN_01193,7058
052423_SEG_PREV_CURR_00425,7059
052423_SEG_CURR_NEXT_00424,7060
052423_SEG_TURN_01431,7061
052423_SEG_TURN_00499,7062
052315_SEG_TURN_00511,7063
052423_SEG_TURN_00423,7064
052493_SEG_PREV_CURR_00886,7065
052493_SEG_CURR_NEXT_00885,7066
052423_SEG_CURR_NEXT_01431,7067
052423_SEG_PREV_CURR_01432,7068
052423_SEG_CURR_NEXT_01430,7069
052423_SEG_PREV_CURR_01431,7070
052493_SEG_CURR_NEXT_00886,7071
052493_SEG_PREV_CURR_00887,7072
052423_SEG_PREV_CURR_00424,7073
052423_SEG_CURR_NEXT_00423,7074
052423_SEG_TURN_01415,7075
052423_SEG_CURR_NEXT_00422,7076
052423_SEG_PREV_CURR_00423,7077
052423_SEG_PREV_CURR_00499,7078
052423_SEG_TURN_00045,7079
052423_SEG_TURN_00217,7080
052423_SEG_TURN_00608,7081
052423_SEG_TURN_00075,7082
052423_SEG_TURN_01355,7083
052423_SEG_PREV_CURR_01356,7084
052423_SEG_CURR_NEXT_01355,7085
052423_SEG_TURN_01368,7086
052423_SEG_PREV_CURR_01369,7087
052423_SEG_CURR_NEXT_01368,7088
052423_SEG_TURN_01319,7089
052423_SEG_TURN_01366,7090
052423_SEG_TURN_01377,7091
052423_SEG_PREV_CURR_01366,7092
052423_SEG_CURR_NEXT_01365,7093
052423_SEG_CURR_NEXT_01367,7094
052423_SEG_PREV_CURR_01368,7095
052423_SEG_TURN_01364,7096
052423_SEG_CURR_NEXT_01318,7097
052423_SEG_PREV_CURR_01319,7098
052423_SEG_TURN_01456,7099
052423_SEG_PREV_CURR_01320,7100
052423_SEG_CURR_NEXT_01319,7101
052423_SEG_PREV_CURR_01365,7102
052423_SEG_CURR_NEXT_01364,7103
052423_SEG_TURN_01350,7104
052423_SEG_TURN_01317,7105
052423_SEG_TURN_01365,7106
052423_SEG_CURR_NEXT_01456,7107
052423_SEG_PREV_CURR_01457,7108
052315_SEG_TURN_00424,7109
052315_SEG_CURR_NEXT_00424,7110
052315_SEG_PREV_CURR_00425,7111
052423_SEG_PREV_CURR_01456,7112
052423_SEG_CURR_NEXT_01455,7113
052423_SEG_PREV_CURR_01351,7114
052423_SEG_CURR_NEXT_01350,7115
052423_SEG_TURN_01500,7116
052423_SEG_PREV_CURR_01378,7117
052423_SEG_CURR_NEXT_01377,7118
052423_SEG_CURR_NEXT_01317,7119
052423_SEG_PREV_CURR_01318,7120
052423_SEG_PREV_CURR_01377,7121
052423_SEG_CURR_NEXT_01376,7122
052423_SEG_TURN_01331,7123
052315_SEG_PREV_CURR_00424,7124
052315_SEG_CURR_NEXT_00423,7125
052423_SEG_TURN_01510,7126
052423_SEG_CURR_NEXT_01366,7127
052423_SEG_PREV_CURR_01367,7128
052423_SEG_CURR_NEXT_01500,7129
052423_SEG_PREV_CURR_01501,7130
052229_SEG_TURN_01115,7131
052556_SEG_TURN_00445,7132
052280_SEG_PREV_CURR_01133,7133
052280_SEG_CURR_NEXT_01132,7134
052423_SEG_TURN_01254,7135
052280_SEG_PREV_CURR_01134,7136
052280_SEG_CURR_NEXT_01133,7137
052423_SEG_PREV_CURR_01254,7138
052423_SEG_CURR_NEXT_01253,7139
052229_SEG_PREV_CURR_01116,7140
052229_SEG_CURR_NEXT_01115,7141
052556_SEG_CURR_NEXT_00445,7142
052556_SEG_PREV_CURR_00446,7143
052556_SEG_CURR_NEXT_00444,7144
052556_SEG_PREV_CURR_00445,7145
052423_SEG_PREV_CURR_01255,7146
052423_SEG_CURR_NEXT_01254,7147
052423_SEG_CURR_NEXT_01193,7148
052423_SEG_PREV_CURR_01194,7149
052423_SEG_TURN_00121,7150
052423_SEG_PREV_CURR_00122,7151
052423_SEG_CURR_NEXT_00121,7152
052423_SEG_CURR_NEXT_00120,7153
052423_SEG_PREV_CURR_00121,7154
052423_SEG_TURN_00180,7155
052423_SEG_PREV_CURR_00180,7156
052423_SEG_CURR_NEXT_00179,7157
052423_SEG_PREV_CURR_00181,7158
052423_SEG_CURR_NEXT_00180,7159
052423_SEG_TURN_00123,7160
052423_SEG_TURN_01142,7161
052423_SEG_CURR_NEXT_00122,7162
052423_SEG_PREV_CURR_00123,7163
052423_SEG_PREV_CURR_00124,7164
052423_SEG_CURR_NEXT_00123,7165
052423_SEG_CURR_NEXT_01141,7166
052423_SEG_PREV_CURR_01142,7167
052423_SEG_PREV_CURR_01143,7168
052423_SEG_CURR_NEXT_01142,7169
052423_SEG_TURN_00152,7170
052423_SEG_TURN_00143,7171
052423_SEG_PREV_CURR_00144,7172
052423_SEG_CURR_NEXT_00143,7173
052423_SEG_PREV_CURR_00143,7174
052423_SEG_CURR_NEXT_00142,7175
052556_SEG_TURN_00922,7176
052315_SEG_TURN_00191,7177
052556_SEG_PREV_CURR_00923,7178
052556_SEG_CURR_NEXT_00922,7179
052315_SEG_CURR_NEXT_00191,7180
052315_SEG_PREV_CURR_00192,7181
052315_SEG_CURR_NEXT_00190,7182
052315_SEG_PREV_CURR_00191,7183
052556_SEG_PREV_CURR_00922,7184
052556_SEG_CURR_NEXT_00921,7185
052423_SEG_CURR_NEXT_00152,7186
052423_SEG_PREV_CURR_00153,7187
052423_SEG_CURR_NEXT_00151,7188
052423_SEG_PREV_CURR_00152,7189
052423_SEG_TURN_01473,7190
052280_SEG_TURN_00360,7191
052423_SEG_CURR_NEXT_01473,7192
052423_SEG_PREV_CURR_01474,7193
052280_SEG_PREV_CURR_00360,7194
052423_SEG_TURN_00308,7195
052423_SEG_CURR_NEXT_00307,7196
052423_SEG_PREV_CURR_00308,7197
052423_SEG_CURR_NEXT_00308,7198
052423_SEG_PREV_CURR_00309,7199
052280_SEG_TURN_00154,7200
052280_SEG_TURN_00150,7201
052280_SEG_CURR_NEXT_00154,7202
052280_SEG_PREV_CURR_00155,7203
052423_SEG_CURR_NEXT_00290,7204
052423_SEG_PREV_CURR_00291,7205
052423_SEG_PREV_CURR_00290,7206
052493_SEG_TURN_01105,7207
052493_SEG_PREV_CURR_01106,7208
052493_SEG_CURR_NEXT_01105,7209
052493_SEG_CURR_NEXT_01104,7210
052493_SEG_PREV_CURR_01105,7211
052315_SEG_CURR_NEXT_00511,7212
052315_SEG_PREV_CURR_00512,7213
052423_SEG_TURN_00005,7214
052423_SEG_PREV_CURR_00006,7215
052423_SEG_CURR_NEXT_00005,7216
052423_SEG_TURN_00285,7217
052423_SEG_PREV_CURR_00005,7218
052423_SEG_CURR_NEXT_00004,7219
052423_SEG_TURN_01134,7220
052423_SEG_PREV_CURR_01134,7221
052423_SEG_CURR_NEXT_01133,7222
052423_SEG_CURR_NEXT_01134,7223
052423_SEG_PREV_CURR_01135,7224
052423_SEG_TURN_01132,7225
052315_SEG_CURR_NEXT_00510,7226
052315_SEG_PREV_CURR_00511,7227
052423_SEG_TURN_01200,7228
052556_SEG_TURN_00011,7229
052423_SEG_PREV_CURR_01133,7230
052423_SEG_CURR_NEXT_01132,7231
052364_SEG_TURN_00633,7232
052364_SEG_PREV_CURR_00633,7233
052364_SEG_CURR_NEXT_00632,7234
052556_SEG_PREV_CURR_00011,7235
052556_SEG_CURR_NEXT_00010,7236
052423_SEG_TURN_00318,7237
052423_SEG_TURN_00495,7238
052423_SEG_CURR_NEXT_01131,7239
052423_SEG_PREV_CURR_01132,7240
052423_SEG_TURN_00750,7241
052423_SEG_CURR_NEXT_00750,7242
052423_SEG_PREV_CURR_00751,7243
052423_SEG_CURR_NEXT_00749,7244
052423_SEG_PREV_CURR_00750,7245
052423_SEG_TURN_00405,7246
052423_SEG_PREV_CURR_00406,7247
052423_SEG_CURR_NEXT_00405,7248
052423_SEG_PREV_CURR_00405,7249
052423_SEG_CURR_NEXT_00404,7250
052423_SEG_PREV_CURR_00749,7251
052423_SEG_CURR_NEXT_00748,7252
052493_SEG_TURN_01457,7253
052423_SEG_CURR_NEXT_00747,7254
052423_SEG_PREV_CURR_00748,7255
052493_SEG_CURR_NEXT_01456,7256
052493_SEG_PREV_CURR_01457,7257
052493_SEG_CURR_NEXT_01457,7258
052493_SEG_PREV_CURR_01458,7259
052280_SEG_TURN_00844,7260
052493_SEG_TURN_00581,7261
052493_SEG_PREV_CURR_00581,7262
052493_SEG_CURR_NEXT_00580,7263
052493_SEG_PREV_CURR_00582,7264
052493_SEG_CURR_NEXT_00581,7265
052423_SEG_TURN_01408,7266
052423_SEG_CURR_NEXT_01407,7267
052423_SEG_PREV_CURR_01408,7268
052423_SEG_CURR_NEXT_01408,7269
052423_SEG_PREV_CURR_01409,7270
052423_SEG_TURN_00162,7271
052423_SEG_CURR_NEXT_01410,7272
052423_SEG_PREV_CURR_01411,7273
052423_SEG_TURN_01411,7274
052315_SEG_TURN_00352,7275
052423_SEG_PREV_CURR_00163,7276
052423_SEG_CURR_NEXT_00162,7277
052315_SEG_CURR_NEXT_00352,7278
052315_SEG_PREV_CURR_00353,7279
052315_SEG_CURR_NEXT_00351,7280
052315_SEG_PREV_CURR_00352,7281
052423_SEG_CURR_NEXT_01087,7282
052423_SEG_PREV_CURR_01088,7283
052423_SEG_TURN_00361,7284
052315_SEG_TURN_00409,7285
052423_SEG_PREV_CURR_00162,7286
052423_SEG_CURR_NEXT_00161,7287
052423_SEG_TURN_00115,7288
052423_SEG_PREV_CURR_00361,7289
052423_SEG_CURR_NEXT_00360,7290
052423_SEG_CURR_NEXT_00115,7291
052423_SEG_PREV_CURR_00116,7292
052423_SEG_PREV_CURR_00362,7293
052423_SEG_CURR_NEXT_00361,7294
052423_SEG_CURR_NEXT_00114,7295
052423_SEG_PREV_CURR_00115,7296
052423_SEG_PREV_CURR_01412,7297
052423_SEG_CURR_NEXT_01411,7298
052556_SEG_TURN_00557,7299
052556_SEG_CURR_NEXT_00556,7300
052556_SEG_PREV_CURR_00557,7301
052229_SEG_CURR_NEXT_00866,7302
052229_SEG_PREV_CURR_00867,7303
052423_SEG_TURN_00369,7304
052229_SEG_TURN_01131,7305
052229_SEG_CURR_NEXT_01130,7306
052229_SEG_PREV_CURR_01131,7307
052556_SEG_CURR_NEXT_00557,7308
052556_SEG_PREV_CURR_00558,7309
052423_SEG_CURR_NEXT_00369,7310
052423_SEG_TURN_00470,7311
052423_SEG_CURR_NEXT_00469,7312
052423_SEG_PREV_CURR_00470,7313
052423_SEG_CURR_NEXT_00470,7314
052423_SEG_PREV_CURR_00471,7315
052423_SEG_TURN_00768,7316
052423_SEG_TURN_00800,7317
052423_SEG_TURN_00812,7318
052423_SEG_CURR_NEXT_00479,7319
052423_SEG_PREV_CURR_00480,7320
052423_SEG_CURR_NEXT_01299,7321
052423_SEG_PREV_CURR_01300,7322
052423_SEG_PREV_CURR_00800,7323
052423_SEG_CURR_NEXT_00799,7324
052423_SEG_PREV_CURR_00769,7325
052423_SEG_CURR_NEXT_00768,7326
052423_SEG_PREV_CURR_00768,7327
052423_SEG_CURR_NEXT_00767,7328
052423_SEG_PREV_CURR_00801,7329
052423_SEG_CURR_NEXT_00800,7330
052423_SEG_TURN_01412,7331
052423_SEG_TURN_00097,7332
052423_SEG_PREV_CURR_01301,7333
052423_SEG_CURR_NEXT_01300,7334
052423_SEG_CURR_NEXT_00815,7335
052423_SEG_PREV_CURR_00816,7336
052423_SEG_CURR_NEXT_00812,7337
052423_SEG_PREV_CURR_00813,7338
052423_SEG_TURN_00818,7339
052423_SEG_CURR_NEXT_00811,7340
052423_SEG_PREV_CURR_00812,7341
052493_SEG_TURN_00407,7342
052423_SEG_CURR_NEXT_01412,7343
052423_SEG_PREV_CURR_01413,7344
052423_SEG_TURN_00102,7345
052423_SEG_PREV_CURR_00103,7346
052423_SEG_CURR_NEXT_00102,7347
052423_SEG_PREV_CURR_00102,7348
052423_SEG_CURR_NEXT_00101,7349
052423_SEG_PREV_CURR_00815,7350
052423_SEG_CURR_NEXT_00814,7351
052423_SEG_TURN_00127,7352
052423_SEG_CURR_NEXT_00097,7353
052423_SEG_PREV_CURR_00098,7354
052423_SEG_CURR_NEXT_00126,7355
052423_SEG_PREV_CURR_00127,7356
052423_SEG_PREV_CURR_01317,7357
052423_SEG_CURR_NEXT_01316,7358
052423_SEG_PREV_CURR_01500,7359
052423_SEG_CURR_NEXT_01499,7360
052423_SEG_TURN_01378,7361
052423_SEG_PREV_CURR_01364,7362
052423_SEG_CURR_NEXT_01363,7363
052423_SEG_PREV_CURR_01350,7364
052315_SEG_TURN_00041,7365
052556_SEG_TURN_01011,7366
052423_SEG_TURN_01467,7367
052556_SEG_PREV_CURR_01012,7368
052556_SEG_CURR_NEXT_01011,7369
052280_SEG_TURN_00461,7370
052423_SEG_TURN_00710,7371
052423_SEG_TURN_00678,7372
052423_SEG_CURR_NEXT_00710,7373
052423_SEG_PREV_CURR_00711,7374
052423_SEG_PREV_CURR_00679,7375
052423_SEG_CURR_NEXT_00678,7376
052556_SEG_CURR_NEXT_01010,7377
052556_SEG_PREV_CURR_01011,7378
052423_SEG_PREV_CURR_01468,7379
052423_SEG_CURR_NEXT_01467,7380
052423_SEG_PREV_CURR_00710,7381
052423_SEG_CURR_NEXT_00709,7382
052423_SEG_PREV_CURR_00678,7383
052423_SEG_CURR_NEXT_00677,7384
052556_SEG_TURN_00539,7385
052423_SEG_TURN_00417,7386
052423_SEG_CURR_NEXT_01466,7387
052423_SEG_PREV_CURR_01467,7388
052493_SEG_TURN_00024,7389
052229_SEG_TURN_00463,7390
052280_SEG_CURR_NEXT_00460,7391
052280_SEG_PREV_CURR_00461,7392
052229_SEG_TURN_00364,7393
052229_SEG_PREV_CURR_00463,7394
052229_SEG_CURR_NEXT_00462,7395
052493_SEG_CURR_NEXT_00023,7396
052493_SEG_PREV_CURR_00024,7397
052493_SEG_PREV_CURR_00025,7398
052493_SEG_CURR_NEXT_00024,7399
052315_SEG_PREV_CURR_00042,7400
052315_SEG_CURR_NEXT_00041,7401
052280_SEG_TURN_00476,7402
052556_SEG_CURR_NEXT_00539,7403
052556_SEG_PREV_CURR_00540,7404
052423_SEG_TURN_00221,7405
052280_SEG_CURR_NEXT_00475,7406
052280_SEG_PREV_CURR_00476,7407
052556_SEG_PREV_CURR_00539,7408
052556_SEG_CURR_NEXT_00538,7409
052229_SEG_PREV_CURR_00464,7410
052229_SEG_CURR_NEXT_00463,7411
052229_SEG_PREV_CURR_00365,7412
052229_SEG_CURR_NEXT_00364,7413
052423_SEG_TURN_00982,7414
052423_SEG_TURN_00880,7415
052423_SEG_TURN_00367,7416
052423_SEG_PREV_CURR_00367,7417
052423_SEG_CURR_NEXT_00366,7418
052423_SEG_PREV_CURR_00368,7419
052423_SEG_CURR_NEXT_00367,7420
052423_SEG_CURR_NEXT_00880,7421
052423_SEG_PREV_CURR_00881,7422
052423_SEG_PREV_CURR_00366,7423
052423_SEG_CURR_NEXT_00365,7424
052423_SEG_TURN_00366,7425
052423_SEG_TURN_00365,7426
052556_SEG_TURN_00910,7427
052423_SEG_CURR_NEXT_00364,7428
052423_SEG_PREV_CURR_00365,7429
052556_SEG_PREV_CURR_00910,7430
052556_SEG_CURR_NEXT_00909,7431
052556_SEG_CURR_NEXT_00910,7432
052556_SEG_PREV_CURR_00911,7433
052556_SEG_TURN_00457,7434
052556_SEG_CURR_NEXT_00457,7435
052556_SEG_PREV_CURR_00458,7436
052556_SEG_PREV_CURR_00457,7437
052556_SEG_CURR_NEXT_00456,7438
052423_SEG_PREV_CURR_00370,7439
052423_SEG_CURR_NEXT_00368,7440
052423_SEG_PREV_CURR_00369,7441
052423_SEG_PREV_CURR_00880,7442
052423_SEG_CURR_NEXT_00879,7443
052423_SEG_TURN_00431,7444
052423_SEG_PREV_CURR_00431,7445
052423_SEG_CURR_NEXT_00430,7446
052423_SEG_CURR_NEXT_00431,7447
052423_SEG_TURN_00820,7448
052423_SEG_CURR_NEXT_00820,7449
052423_SEG_PREV_CURR_00821,7450
052423_SEG_CURR_NEXT_00819,7451
052423_SEG_PREV_CURR_00820,7452
052280_SEG_TURN_00923,7453
052493_SEG_TURN_00102,7454
052493_SEG_CURR_NEXT_00101,7455
052493_SEG_PREV_CURR_00102,7456
052280_SEG_CURR_NEXT_00923,7457
052280_SEG_PREV_CURR_00924,7458
052493_SEG_PREV_CURR_00103,7459
052493_SEG_CURR_NEXT_00102,7460
052315_SEG_TURN_00661,7461
052280_SEG_TURN_01071,7462
052280_SEG_CURR_NEXT_00922,7463
052280_SEG_PREV_CURR_00923,7464
052315_SEG_PREV_CURR_00661,7465
052315_SEG_CURR_NEXT_00660,7466
052280_SEG_CURR_NEXT_01070,7467
052280_SEG_PREV_CURR_01071,7468
052493_SEG_TURN_00381,7469
052315_SEG_CURR_NEXT_00661,7470
052315_SEG_PREV_CURR_00662,7471
052280_SEG_PREV_CURR_01040,7472
052280_SEG_CURR_NEXT_01039,7473
052423_SEG_TURN_00881,7474
052280_SEG_CURR_NEXT_01071,7475
052280_SEG_PREV_CURR_01072,7476
052280_SEG_TURN_01027,7477
052280_SEG_TURN_00581,7478
052423_SEG_TURN_00879,7479
052423_SEG_TURN_00117,7480
052280_SEG_PREV_CURR_00581,7481
052280_SEG_CURR_NEXT_00580,7482
052493_SEG_CURR_NEXT_00380,7483
052493_SEG_PREV_CURR_00381,7484
052423_SEG_CURR_NEXT_00878,7485
052423_SEG_PREV_CURR_00879,7486
052423_SEG_CURR_NEXT_00560,7487
052423_SEG_PREV_CURR_00561,7488
052423_SEG_TURN_00561,7489
052423_SEG_TURN_00574,7490
052423_SEG_CURR_NEXT_00561,7491
052423_SEG_PREV_CURR_00562,7492
052423_SEG_CURR_NEXT_00573,7493
052423_SEG_PREV_CURR_00574,7494
052423_SEG_TURN_00554,7495
052423_SEG_CURR_NEXT_00553,7496
052423_SEG_PREV_CURR_00554,7497
052423_SEG_CURR_NEXT_00574,7498
052423_SEG_PREV_CURR_00575,7499
052423_SEG_TURN_00560,7500
052423_SEG_CURR_NEXT_00559,7501
052423_SEG_PREV_CURR_00560,7502
052423_SEG_PREV_CURR_00555,7503
052423_SEG_CURR_NEXT_00554,7504
052556_SEG_PREV_CURR_00846,7505
052556_SEG_CURR_NEXT_00845,7506
052423_SEG_TURN_00567,7507
052493_SEG_TURN_01189,7508
052423_SEG_PREV_CURR_00567,7509
052423_SEG_CURR_NEXT_00566,7510
052423_SEG_TURN_00565,7511
052315_SEG_TURN_01201,7512
052423_SEG_TURN_00555,7513
052423_SEG_CURR_NEXT_00565,7514
052423_SEG_PREV_CURR_00566,7515
052423_SEG_CURR_NEXT_00555,7516
052423_SEG_PREV_CURR_00556,7517
052556_SEG_PREV_CURR_00845,7518
052556_SEG_CURR_NEXT_00844,7519
052423_SEG_TURN_00921,7520
052423_SEG_PREV_CURR_00922,7521
052423_SEG_CURR_NEXT_00921,7522
052364_SEG_TURN_00986,7523
052364_SEG_PREV_CURR_00986,7524
052364_SEG_CURR_NEXT_00985,7525
052364_SEG_PREV_CURR_00373,7526
052364_SEG_CURR_NEXT_00372,7527
052364_SEG_CURR_NEXT_00986,7528
052364_SEG_PREV_CURR_00987,7529
052364_SEG_PREV_CURR_00372,7530
052364_SEG_CURR_NEXT_00371,7531
052493_SEG_PREV_CURR_01460,7532
052423_SEG_TURN_00919,7533
052423_SEG_CURR_NEXT_00918,7534
052423_SEG_PREV_CURR_00919,7535
052315_SEG_TURN_00659,7536
052493_SEG_TURN_00213,7537
052315_SEG_CURR_NEXT_00658,7538
052315_SEG_PREV_CURR_00659,7539
052315_SEG_CURR_NEXT_00659,7540
052315_SEG_PREV_CURR_00660,7541
052423_SEG_TURN_01203,7542
052229_SEG_TURN_00103,7543
052229_SEG_CURR_NEXT_00102,7544
052229_SEG_PREV_CURR_00103,7545
052423_SEG_TURN_01492,7546
052556_SEG_TURN_00518,7547
052423_SEG_CURR_NEXT_01203,7548
052423_SEG_PREV_CURR_01204,7549
052423_SEG_CURR_NEXT_01202,7550
052423_SEG_PREV_CURR_01203,7551
052229_SEG_CURR_NEXT_00103,7552
052229_SEG_PREV_CURR_00104,7553
052556_SEG_CURR_NEXT_00518,7554
052556_SEG_PREV_CURR_00519,7555
052423_SEG_CURR_NEXT_00116,7556
052423_SEG_PREV_CURR_00117,7557
052364_SEG_TURN_01271,7558
052493_SEG_CURR_NEXT_00213,7559
052493_SEG_PREV_CURR_00214,7560
052556_SEG_TURN_00833,7561
052423_SEG_TURN_00911,7562
052423_SEG_TURN_00772,7563
052364_SEG_CURR_NEXT_01270,7564
052364_SEG_PREV_CURR_01271,7565
052423_SEG_PREV_CURR_00772,7566
052423_SEG_CURR_NEXT_00771,7567
052364_SEG_TURN_00676,7568
052493_SEG_TURN_00153,7569
052493_SEG_CURR_NEXT_00152,7570
052493_SEG_PREV_CURR_00153,7571
052493_SEG_PREV_CURR_00154,7572
052493_SEG_CURR_NEXT_00153,7573
052315_SEG_TURN_00875,7574
052493_SEG_TURN_00151,7575
052493_SEG_PREV_CURR_00151,7576
052493_SEG_CURR_NEXT_00150,7577
052493_SEG_PREV_CURR_00152,7578
052493_SEG_CURR_NEXT_00151,7579
052493_SEG_TURN_00405,7580
052493_SEG_TURN_01482,7581
052315_SEG_CURR_NEXT_00874,7582
052315_SEG_PREV_CURR_00875,7583
052423_SEG_TURN_01323,7584
052493_SEG_CURR_NEXT_00405,7585
052493_SEG_PREV_CURR_00406,7586
052493_SEG_TURN_01051,7587
052493_SEG_PREV_CURR_00405,7588
052493_SEG_CURR_NEXT_00404,7589
052423_SEG_TURN_00840,7590
052493_SEG_TURN_00147,7591
052315_SEG_PREV_CURR_00876,7592
052315_SEG_CURR_NEXT_00875,7593
052493_SEG_TURN_00878,7594
052493_SEG_CURR_NEXT_01548,7595
052493_SEG_PREV_CURR_01549,7596
052493_SEG_PREV_CURR_00878,7597
052493_SEG_CURR_NEXT_00877,7598
052493_SEG_PREV_CURR_00879,7599
052493_SEG_CURR_NEXT_00878,7600
052493_SEG_TURN_00659,7601
052493_SEG_PREV_CURR_00660,7602
052493_SEG_CURR_NEXT_00659,7603
052493_SEG_CURR_NEXT_00658,7604
052493_SEG_PREV_CURR_00659,7605
052493_SEG_CURR_NEXT_01525,7606
052493_SEG_PREV_CURR_01526,7607
052556_SEG_TURN_00733,7608
052556_SEG_CURR_NEXT_00733,7609
052556_SEG_PREV_CURR_00734,7610
052556_SEG_CURR_NEXT_00732,7611
052556_SEG_PREV_CURR_00733,7612
052556_SEG_TURN_00735,7613
052556_SEG_CURR_NEXT_00734,7614
052556_SEG_PREV_CURR_00735,7615
052493_SEG_TURN_00522,7616
052556_SEG_PREV_CURR_00736,7617
052556_SEG_CURR_NEXT_00735,7618
052315_SEG_TURN_00866,7619
052315_SEG_CURR_NEXT_00866,7620
052315_SEG_PREV_CURR_00867,7621
052315_SEG_PREV_CURR_00866,7622
052315_SEG_CURR_NEXT_00865,7623
052556_SEG_TURN_00944,7624
052556_SEG_TURN_00737,7625
052556_SEG_CURR_NEXT_00737,7626
052556_SEG_PREV_CURR_00738,7627
052556_SEG_CURR_NEXT_00736,7628
052556_SEG_PREV_CURR_00737,7629
052493_SEG_TURN_01300,7630
052493_SEG_CURR_NEXT_00521,7631
052493_SEG_PREV_CURR_00522,7632
052493_SEG_PREV_CURR_01300,7633
052493_SEG_CURR_NEXT_01299,7634
052493_SEG_CURR_NEXT_01300,7635
052493_SEG_PREV_CURR_01301,7636
052280_SEG_TURN_00356,7637
052280_SEG_CURR_NEXT_00356,7638
052280_SEG_PREV_CURR_00357,7639
052280_SEG_CURR_NEXT_00355,7640
052280_SEG_PREV_CURR_00356,7641
052556_SEG_TURN_00743,7642
052364_SEG_PREV_CURR_01133,7643
052364_SEG_CURR_NEXT_01132,7644
052556_SEG_PREV_CURR_00012,7645
052556_SEG_CURR_NEXT_00011,7646
052556_SEG_CURR_NEXT_00743,7647
052556_SEG_PREV_CURR_00744,7648
052423_SEG_TURN_00324,7649
052423_SEG_CURR_NEXT_00323,7650
052423_SEG_PREV_CURR_00324,7651
052423_SEG_TURN_01433,7652
052423_SEG_PREV_CURR_01433,7653
052423_SEG_CURR_NEXT_01432,7654
052423_SEG_TURN_00326,7655
052423_SEG_PREV_CURR_01434,7656
052423_SEG_CURR_NEXT_01433,7657
052493_SEG_TURN_01532,7658
052423_SEG_TURN_00322,7659
052423_SEG_CURR_NEXT_00326,7660
052423_SEG_PREV_CURR_00327,7661
052423_SEG_CURR_NEXT_00322,7662
052423_SEG_PREV_CURR_00323,7663
052229_SEG_TURN_00389,7664
052423_SEG_CURR_NEXT_00321,7665
052423_SEG_PREV_CURR_00322,7666
052493_SEG_CURR_NEXT_01532,7667
052493_SEG_PREV_CURR_01533,7668
052280_SEG_TURN_00683,7669
052493_SEG_PREV_CURR_01532,7670
052493_SEG_CURR_NEXT_01531,7671
052556_SEG_TURN_00375,7672
052493_SEG_TURN_00013,7673
052493_SEG_PREV_CURR_00013,7674
052493_SEG_CURR_NEXT_00012,7675
052493_SEG_PREV_CURR_00014,7676
052493_SEG_CURR_NEXT_00013,7677
052556_SEG_TURN_00378,7678
052556_SEG_CURR_NEXT_00374,7679
052556_SEG_PREV_CURR_00375,7680
052556_SEG_PREV_CURR_00376,7681
052556_SEG_CURR_NEXT_00375,7682
052556_SEG_CURR_NEXT_00377,7683
052556_SEG_PREV_CURR_00378,7684
052229_SEG_TURN_01033,7685
052229_SEG_CURR_NEXT_01033,7686
052229_SEG_PREV_CURR_01034,7687
052493_SEG_TURN_00573,7688
052493_SEG_TURN_00708,7689
052229_SEG_CURR_NEXT_01032,7690
052229_SEG_PREV_CURR_01033,7691
052493_SEG_CURR_NEXT_00700,7692
052493_SEG_PREV_CURR_00701,7693
052493_SEG_TURN_00701,7694
052493_SEG_PREV_CURR_00702,7695
052493_SEG_CURR_NEXT_00701,7696
052493_SEG_CURR_NEXT_00573,7697
052493_SEG_PREV_CURR_00574,7698
052493_SEG_TURN_00700,7699
052493_SEG_PREV_CURR_00595,7700
052493_SEG_CURR_NEXT_00594,7701
052493_SEG_CURR_NEXT_00595,7702
052493_SEG_PREV_CURR_00596,7703
052493_SEG_TURN_00595,7704
052493_SEG_CURR_NEXT_00572,7705
052493_SEG_PREV_CURR_00573,7706
052493_SEG_CURR_NEXT_00707,7707
052493_SEG_PREV_CURR_00708,7708
052493_SEG_CURR_NEXT_00590,7709
052493_SEG_PREV_CURR_00591,7710
052493_SEG_CURR_NEXT_00722,7711
052493_SEG_PREV_CURR_00723,7712
052493_SEG_TURN_00563,7713
052493_SEG_TURN_00722,7714
052493_SEG_TURN_00584,7715
052493_SEG_PREV_CURR_00722,7716
052493_SEG_CURR_NEXT_00721,7717
052493_SEG_TURN_00591,7718
052493_SEG_CURR_NEXT_00563,7719
052493_SEG_PREV_CURR_00564,7720
052493_SEG_PREV_CURR_00563,7721
052493_SEG_CURR_NEXT_00562,7722
052493_SEG_CURR_NEXT_00699,7723
052493_SEG_PREV_CURR_00700,7724
052493_SEG_PREV_CURR_00592,7725
052493_SEG_CURR_NEXT_00591,7726
052493_SEG_TURN_00704,7727
052493_SEG_PREV_CURR_00585,7728
052493_SEG_TURN_01324,7729
052493_SEG_CURR_NEXT_01324,7730
052493_SEG_PREV_CURR_01325,7731
052493_SEG_CURR_NEXT_01323,7732
052493_SEG_PREV_CURR_01324,7733
052493_SEG_TURN_01332,7734
052493_SEG_PREV_CURR_01333,7735
052493_SEG_CURR_NEXT_01332,7736
052493_SEG_PREV_CURR_01328,7737
052493_SEG_CURR_NEXT_01327,7738
052493_SEG_CURR_NEXT_01331,7739
052493_SEG_PREV_CURR_01332,7740
052493_SEG_TURN_01334,7741
052493_SEG_PREV_CURR_01329,7742
052493_SEG_CURR_NEXT_01328,7743
052423_SEG_TURN_00483,7744
052493_SEG_CURR_NEXT_01333,7745
052493_SEG_PREV_CURR_01334,7746
052493_SEG_TURN_01327,7747
052493_SEG_TURN_01328,7748
052493_SEG_PREV_CURR_01327,7749
052493_SEG_CURR_NEXT_01326,7750
052493_SEG_PREV_CURR_01335,7751
052493_SEG_CURR_NEXT_01334,7752
052493_SEG_PREV_CURR_01026,7753
052493_SEG_CURR_NEXT_01025,7754
052493_SEG_TURN_01026,7755
052493_SEG_TURN_01326,7756
052493_SEG_CURR_NEXT_01325,7757
052493_SEG_PREV_CURR_01326,7758
052493_SEG_PREV_CURR_01027,7759
052493_SEG_CURR_NEXT_01026,7760
052423_SEG_PREV_CURR_00484,7761
052423_SEG_CURR_NEXT_00483,7762
052493_SEG_CURR_NEXT_01027,7763
052493_SEG_PREV_CURR_01028,7764
052493_SEG_TURN_01028,7765
052315_SEG_TURN_00988,7766
052315_SEG_CURR_NEXT_00987,7767
052315_SEG_PREV_CURR_00988,7768
052315_SEG_CURR_NEXT_00988,7769
052315_SEG_PREV_CURR_00989,7770
052556_SEG_TURN_00432,7771
052364_SEG_TURN_00253,7772
052556_SEG_TURN_00489,7773
052556_SEG_TURN_00015,7774
052556_SEG_CURR_NEXT_00014,7775
052556_SEG_PREV_CURR_00015,7776
052556_SEG_CURR_NEXT_00488,7777
052556_SEG_PREV_CURR_00489,7778
052556_SEG_PREV_CURR_00490,7779
052556_SEG_CURR_NEXT_00489,7780
052423_SEG_TURN_01315,7781
052556_SEG_CURR_NEXT_00015,7782
052556_SEG_PREV_CURR_00016,7783
052556_SEG_PREV_CURR_00433,7784
052556_SEG_CURR_NEXT_00432,7785
052556_SEG_TURN_00533,7786
052556_SEG_PREV_CURR_00533,7787
052556_SEG_CURR_NEXT_00532,7788
052315_SEG_TURN_01180,7789
052315_SEG_TURN_00519,7790
052423_SEG_CURR_NEXT_01314,7791
052423_SEG_PREV_CURR_01315,7792
052423_SEG_CURR_NEXT_01315,7793
052423_SEG_PREV_CURR_01316,7794
052315_SEG_CURR_NEXT_01179,7795
052315_SEG_PREV_CURR_01180,7796
052315_SEG_PREV_CURR_01181,7797
052315_SEG_CURR_NEXT_01180,7798
052315_SEG_CURR_NEXT_00519,7799
052315_SEG_PREV_CURR_00520,7800
052280_SEG_TURN_00088,7801
052493_SEG_TURN_00159,7802
052493_SEG_CURR_NEXT_00159,7803
052493_SEG_PREV_CURR_00160,7804
052493_SEG_CURR_NEXT_00158,7805
052493_SEG_PREV_CURR_00159,7806
052493_SEG_TURN_01306,7807
052493_SEG_CURR_NEXT_01305,7808
052493_SEG_PREV_CURR_01306,7809
052493_SEG_CURR_NEXT_01306,7810
052493_SEG_PREV_CURR_01307,7811
052493_SEG_TURN_00161,7812
052493_SEG_TURN_01298,7813
052493_SEG_CURR_NEXT_00160,7814
052493_SEG_PREV_CURR_00161,7815
052493_SEG_CURR_NEXT_01297,7816
052493_SEG_PREV_CURR_01298,7817
052493_SEG_CURR_NEXT_01298,7818
052493_SEG_PREV_CURR_01299,7819
052493_SEG_PREV_CURR_00162,7820
052493_SEG_CURR_NEXT_00161,7821
052493_SEG_TURN_00157,7822
052493_SEG_PREV_CURR_00157,7823
052493_SEG_CURR_NEXT_00156,7824
052493_SEG_PREV_CURR_00158,7825
052493_SEG_CURR_NEXT_00157,7826
052493_SEG_TURN_00164,7827
052493_SEG_CURR_NEXT_00164,7828
052493_SEG_PREV_CURR_00165,7829
052493_SEG_TURN_00977,7830
052493_SEG_CURR_NEXT_00163,7831
052493_SEG_PREV_CURR_00164,7832
052556_SEG_TURN_00809,7833
052493_SEG_TURN_00186,7834
052493_SEG_PREV_CURR_00187,7835
052493_SEG_CURR_NEXT_00186,7836
052493_SEG_PREV_CURR_00186,7837
052493_SEG_CURR_NEXT_00185,7838
052493_SEG_CURR_NEXT_00977,7839
052493_SEG_PREV_CURR_00978,7840
052364_SEG_TURN_00239,7841
052493_SEG_PREV_CURR_00977,7842
052493_SEG_CURR_NEXT_00976,7843
052493_SEG_TURN_00973,7844
052493_SEG_TURN_00678,7845
052493_SEG_PREV_CURR_00678,7846
052493_SEG_TURN_01050,7847
052493_SEG_PREV_CURR_01050,7848
052493_SEG_CURR_NEXT_01049,7849
052493_SEG_CURR_NEXT_01050,7850
052493_SEG_PREV_CURR_01051,7851
052493_SEG_TURN_01048,7852
052493_SEG_PREV_CURR_01049,7853
052493_SEG_CURR_NEXT_01048,7854
052493_SEG_PREV_CURR_01048,7855
052493_SEG_CURR_NEXT_01047,7856
052493_SEG_TURN_01066,7857
052493_SEG_CURR_NEXT_01066,7858
052493_SEG_PREV_CURR_01067,7859
052493_SEG_PREV_CURR_01066,7860
052493_SEG_CURR_NEXT_01065,7861
052556_SEG_TURN_00440,7862
052556_SEG_CURR_NEXT_00440,7863
052556_SEG_PREV_CURR_00441,7864
052493_SEG_TURN_01044,7865
052556_SEG_TURN_00448,7866
052493_SEG_CURR_NEXT_01043,7867
052493_SEG_PREV_CURR_01044,7868
052493_SEG_TURN_00423,7869
052493_SEG_PREV_CURR_01045,7870
052493_SEG_CURR_NEXT_01044,7871
052556_SEG_TURN_00321,7872
052556_SEG_CURR_NEXT_00448,7873
052556_SEG_PREV_CURR_00449,7874
052493_SEG_TURN_01042,7875
052493_SEG_PREV_CURR_00423,7876
052493_SEG_CURR_NEXT_00422,7877
052556_SEG_CURR_NEXT_00439,7878
052556_SEG_PREV_CURR_00440,7879
052493_SEG_TURN_01032,7880
052493_SEG_PREV_CURR_00424,7881
052493_SEG_CURR_NEXT_00423,7882
052556_SEG_TURN_00398,7883
052493_SEG_PREV_CURR_01043,7884
052493_SEG_CURR_NEXT_01042,7885
052493_SEG_PREV_CURR_01032,7886
052315_SEG_TURN_00948,7887
052315_SEG_CURR_NEXT_00947,7888
052315_SEG_PREV_CURR_00948,7889
052493_SEG_CURR_NEXT_00411,7890
052493_SEG_PREV_CURR_00412,7891
052493_SEG_CURR_NEXT_00646,7892
052493_SEG_PREV_CURR_00647,7893
052493_SEG_TURN_00647,7894
052493_SEG_PREV_CURR_00411,7895
052493_SEG_CURR_NEXT_00410,7896
052493_SEG_CURR_NEXT_00647,7897
052493_SEG_PREV_CURR_00648,7898
052493_SEG_PREV_CURR_00457,7899
052493_SEG_CURR_NEXT_00456,7900
052493_SEG_PREV_CURR_00587,7901
052493_SEG_CURR_NEXT_00586,7902
052493_SEG_CURR_NEXT_00587,7903
052493_SEG_PREV_CURR_00588,7904
052493_SEG_PREV_CURR_00413,7905
052493_SEG_CURR_NEXT_00412,7906
052493_SEG_TURN_00474,7907
052493_SEG_PREV_CURR_00414,7908
052493_SEG_CURR_NEXT_00413,7909
052493_SEG_TURN_00411,7910
052364_SEG_PREV_CURR_00878,7911
052364_SEG_CURR_NEXT_00877,7912
052364_SEG_CURR_NEXT_00876,7913
052364_SEG_PREV_CURR_00877,7914
052556_SEG_TURN_00799,7915
052280_SEG_TURN_01113,7916
052364_SEG_TURN_00163,7917
052364_SEG_TURN_00936,7918
052364_SEG_PREV_CURR_00163,7919
052364_SEG_CURR_NEXT_00162,7920
052556_SEG_CURR_NEXT_00798,7921
052556_SEG_PREV_CURR_00799,7922
052556_SEG_CURR_NEXT_00799,7923
052556_SEG_PREV_CURR_00800,7924
052364_SEG_PREV_CURR_00164,7925
052364_SEG_CURR_NEXT_00163,7926
052364_SEG_CURR_NEXT_00935,7927
052364_SEG_PREV_CURR_00936,7928
052229_SEG_TURN_00056,7929
052280_SEG_CURR_NEXT_01112,7930
052280_SEG_PREV_CURR_01113,7931
052229_SEG_PREV_CURR_00056,7932
052229_SEG_CURR_NEXT_00055,7933
052423_SEG_PREV_CURR_00342,7934
052423_SEG_CURR_NEXT_00341,7935
052423_SEG_CURR_NEXT_00342,7936
052423_SEG_PREV_CURR_00343,7937
052229_SEG_CURR_NEXT_00056,7938
052493_SEG_PREV_CURR_01395,7939
052493_SEG_CURR_NEXT_01394,7940
052493_SEG_CURR_NEXT_01393,7941
052493_SEG_PREV_CURR_01394,7942
052315_SEG_TURN_00683,7943
052315_SEG_CURR_NEXT_00683,7944
052315_SEG_PREV_CURR_00684,7945
052493_SEG_TURN_01384,7946
052493_SEG_PREV_CURR_01384,7947
052493_SEG_CURR_NEXT_01383,7948
052493_SEG_TURN_01390,7949
052493_SEG_CURR_NEXT_01384,7950
052493_SEG_PREV_CURR_01385,7951
052493_SEG_CURR_NEXT_01390,7952
052493_SEG_PREV_CURR_01391,7953
052493_SEG_CURR_NEXT_01389,7954
052493_SEG_PREV_CURR_01390,7955
052493_SEG_PREV_CURR_01382,7956
052493_SEG_CURR_NEXT_01381,7957
052493_SEG_PREV_CURR_01383,7958
052493_SEG_CURR_NEXT_01382,7959
052315_SEG_PREV_CURR_00683,7960
052315_SEG_CURR_NEXT_00682,7961
052493_SEG_TURN_01386,7962
052493_SEG_PREV_CURR_01387,7963
052493_SEG_CURR_NEXT_01386,7964
052493_SEG_PREV_CURR_01386,7965
052493_SEG_CURR_NEXT_01385,7966
052493_SEG_TURN_01388,7967
052493_SEG_PREV_CURR_01388,7968
052493_SEG_CURR_NEXT_01387,7969
052493_SEG_CURR_NEXT_01388,7970
052493_SEG_PREV_CURR_01389,7971
052493_SEG_TURN_01378,7972
052493_SEG_PREV_CURR_01379,7973
052229_SEG_TURN_00754,7974
052556_SEG_CURR_NEXT_00574,7975
052556_SEG_PREV_CURR_00575,7976
052556_SEG_TURN_00575,7977
052423_SEG_TURN_00731,7978
052280_SEG_TURN_00243,7979
052556_SEG_PREV_CURR_00576,7980
052556_SEG_CURR_NEXT_00575,7981
052280_SEG_CURR_NEXT_00242,7982
052280_SEG_PREV_CURR_00243,7983
052280_SEG_CURR_NEXT_00243,7984
052280_SEG_PREV_CURR_00244,7985
052423_SEG_CURR_NEXT_00731,7986
052423_SEG_PREV_CURR_00732,7987
052556_SEG_PREV_CURR_00581,7988
052556_SEG_CURR_NEXT_00580,7989
052229_SEG_PREV_CURR_00754,7990
052229_SEG_CURR_NEXT_00753,7991
052423_SEG_CURR_NEXT_00730,7992
052423_SEG_PREV_CURR_00731,7993
052556_SEG_TURN_00581,7994
052556_SEG_PREV_CURR_00582,7995
052556_SEG_CURR_NEXT_00581,7996
052280_SEG_TURN_00194,7997
052280_SEG_CURR_NEXT_00193,7998
052280_SEG_PREV_CURR_00194,7999
052229_SEG_TURN_00740,8000
052229_SEG_CURR_NEXT_00754,8001
052229_SEG_PREV_CURR_00755,8002
052229_SEG_PREV_CURR_00741,8003
052229_SEG_CURR_NEXT_00740,8004
052229_SEG_CURR_NEXT_00739,8005
052229_SEG_PREV_CURR_00740,8006
052556_SEG_TURN_00141,8007
052556_SEG_TURN_00137,8008
052556_SEG_PREV_CURR_00138,8009
052556_SEG_CURR_NEXT_00137,8010
052556_SEG_CURR_NEXT_00140,8011
052556_SEG_PREV_CURR_00141,8012
052556_SEG_PREV_CURR_00137,8013
052556_SEG_CURR_NEXT_00136,8014
052556_SEG_PREV_CURR_00142,8015
052556_SEG_CURR_NEXT_00141,8016
052556_SEG_TURN_00135,8017
052556_SEG_PREV_CURR_00136,8018
052556_SEG_CURR_NEXT_00135,8019
052556_SEG_CURR_NEXT_00134,8020
052556_SEG_PREV_CURR_00135,8021
052556_SEG_TURN_00031,8022
052556_SEG_PREV_CURR_00031,8023
052556_SEG_CURR_NEXT_00030,8024
052556_SEG_PREV_CURR_00032,8025
052556_SEG_CURR_NEXT_00031,8026
052556_SEG_CURR_NEXT_00138,8027
052556_SEG_PREV_CURR_00139,8028
052556_SEG_TURN_00138,8029
052556_SEG_TURN_00139,8030
052556_SEG_TURN_00033,8031
052556_SEG_CURR_NEXT_00139,8032
052556_SEG_PREV_CURR_00140,8033
052229_SEG_TURN_00704,8034
052229_SEG_PREV_CURR_00705,8035
052229_SEG_CURR_NEXT_00704,8036
052556_SEG_PREV_CURR_00033,8037
052556_SEG_CURR_NEXT_00032,8038
052556_SEG_CURR_NEXT_00033,8039
052556_SEG_PREV_CURR_00034,8040
052229_SEG_CURR_NEXT_00703,8041
052229_SEG_PREV_CURR_00704,8042
052280_SEG_TURN_00311,8043
052229_SEG_TURN_01002,8044
052229_SEG_PREV_CURR_01003,8045
052229_SEG_CURR_NEXT_01002,8046
052229_SEG_PREV_CURR_01002,8047
052229_SEG_CURR_NEXT_01001,8048
052280_SEG_PREV_CURR_00311,8049
052280_SEG_CURR_NEXT_00310,8050
052280_SEG_CURR_NEXT_00311,8051
052280_SEG_PREV_CURR_00312,8052
052229_SEG_TURN_00797,8053
052229_SEG_CURR_NEXT_00796,8054
052229_SEG_PREV_CURR_00797,8055
052229_SEG_CURR_NEXT_00797,8056
052280_SEG_TURN_00858,8057
052280_SEG_PREV_CURR_00971,8058
052280_SEG_CURR_NEXT_00970,8059
052280_SEG_PREV_CURR_00970,8060
052280_SEG_CURR_NEXT_00969,8061
052280_SEG_PREV_CURR_00859,8062
052280_SEG_CURR_NEXT_00858,8063
052423_SEG_TURN_00764,8064
052493_SEG_CURR_NEXT_01336,8065
052493_SEG_PREV_CURR_01337,8066
052493_SEG_PREV_CURR_00687,8067
052493_SEG_CURR_NEXT_00686,8068
052423_SEG_TURN_01146,8069
052493_SEG_CURR_NEXT_00685,8070
052493_SEG_PREV_CURR_00686,8071
052493_SEG_TURN_00831,8072
052423_SEG_CURR_NEXT_00763,8073
052423_SEG_PREV_CURR_00764,8074
052493_SEG_CURR_NEXT_01335,8075
052493_SEG_PREV_CURR_01336,8076
052280_SEG_CURR_NEXT_00857,8077
052280_SEG_PREV_CURR_00858,8078
052493_SEG_CURR_NEXT_00831,8079
052493_SEG_PREV_CURR_00832,8080
052280_SEG_TURN_00019,8081
052423_SEG_CURR_NEXT_01146,8082
052423_SEG_PREV_CURR_01147,8083
052493_SEG_PREV_CURR_00831,8084
052493_SEG_CURR_NEXT_00830,8085
052423_SEG_CURR_NEXT_01145,8086
052423_SEG_PREV_CURR_01146,8087
052423_SEG_CURR_NEXT_00764,8088
052556_SEG_PREV_CURR_00743,8089
052556_SEG_CURR_NEXT_00742,8090
052556_SEG_TURN_00745,8091
052556_SEG_TURN_00747,8092
052315_SEG_TURN_00861,8093
052556_SEG_CURR_NEXT_00744,8094
052556_SEG_PREV_CURR_00745,8095
052556_SEG_PREV_CURR_00746,8096
052556_SEG_CURR_NEXT_00745,8097
052556_SEG_PREV_CURR_00748,8098
052556_SEG_CURR_NEXT_00747,8099
052556_SEG_PREV_CURR_00741,8100
052556_SEG_PREV_CURR_00747,8101
052556_SEG_CURR_NEXT_00746,8102
052315_SEG_PREV_CURR_00861,8103
052315_SEG_CURR_NEXT_00860,8104
052493_SEG_TURN_00436,8105
052493_SEG_PREV_CURR_00437,8106
052493_SEG_CURR_NEXT_00436,8107
052315_SEG_CURR_NEXT_00861,8108
052315_SEG_PREV_CURR_00862,8109
052493_SEG_CURR_NEXT_00435,8110
052493_SEG_PREV_CURR_00436,8111
052423_SEG_TURN_00624,8112
052423_SEG_CURR_NEXT_00624,8113
052423_SEG_PREV_CURR_00625,8114
052423_SEG_PREV_CURR_00624,8115
052423_SEG_CURR_NEXT_00623,8116
052493_SEG_PREV_CURR_00709,8117
052493_SEG_CURR_NEXT_00708,8118
052493_SEG_CURR_NEXT_00805,8119
052493_SEG_PREV_CURR_00806,8120
052423_SEG_TURN_00079,8121
052423_SEG_TURN_00107,8122
052423_SEG_CURR_NEXT_00078,8123
052423_SEG_PREV_CURR_00079,8124
052315_SEG_TURN_00872,8125
052229_SEG_TURN_00344,8126
052229_SEG_CURR_NEXT_00343,8127
052229_SEG_PREV_CURR_00344,8128
052229_SEG_PREV_CURR_00345,8129
052229_SEG_CURR_NEXT_00344,8130
052315_SEG_PREV_CURR_00873,8131
052315_SEG_CURR_NEXT_00872,8132
052493_SEG_TURN_00657,8133
052493_SEG_PREV_CURR_00658,8134
052493_SEG_CURR_NEXT_00657,8135
052493_SEG_CURR_NEXT_00656,8136
052493_SEG_PREV_CURR_00657,8137
052315_SEG_CURR_NEXT_00871,8138
052315_SEG_PREV_CURR_00872,8139
052556_SEG_TURN_00604,8140
052229_SEG_TURN_00473,8141
052556_SEG_TURN_00634,8142
052556_SEG_TURN_00698,8143
052229_SEG_CURR_NEXT_00472,8144
052229_SEG_PREV_CURR_00473,8145
052556_SEG_CURR_NEXT_00698,8146
052556_SEG_PREV_CURR_00699,8147
052315_SEG_PREV_CURR_01202,8148
052315_SEG_CURR_NEXT_01201,8149
052280_SEG_TURN_01091,8150
052280_SEG_CURR_NEXT_01090,8151
052280_SEG_PREV_CURR_01091,8152
052556_SEG_PREV_CURR_00635,8153
052556_SEG_CURR_NEXT_00634,8154
052229_SEG_PREV_CURR_00474,8155
052229_SEG_CURR_NEXT_00473,8156
052280_SEG_PREV_CURR_01092,8157
052280_SEG_CURR_NEXT_01091,8158
052280_SEG_TURN_01089,8159
052280_SEG_PREV_CURR_01090,8160
052280_SEG_CURR_NEXT_01089,8161
052556_SEG_PREV_CURR_00604,8162
052556_SEG_CURR_NEXT_00603,8163
052315_SEG_PREV_CURR_01201,8164
052315_SEG_CURR_NEXT_01200,8165
052556_SEG_PREV_CURR_00605,8166
052556_SEG_CURR_NEXT_00604,8167
052556_SEG_TURN_00602,8168
052556_SEG_TURN_00964,8169
052229_SEG_TURN_00854,8170
052556_SEG_CURR_NEXT_00601,8171
052556_SEG_PREV_CURR_00602,8172
052556_SEG_TURN_00936,8173
052556_SEG_PREV_CURR_00603,8174
052556_SEG_CURR_NEXT_00602,8175
052229_SEG_PREV_CURR_00855,8176
052229_SEG_CURR_NEXT_00854,8177
052556_SEG_CURR_NEXT_00963,8178
052556_SEG_PREV_CURR_00964,8179
052556_SEG_CURR_NEXT_00964,8180
052556_SEG_PREV_CURR_00965,8181
052556_SEG_PREV_CURR_00936,8182
052556_SEG_CURR_NEXT_00935,8183
052229_SEG_PREV_CURR_00854,8184
052229_SEG_CURR_NEXT_00853,8185
052556_SEG_CURR_NEXT_00936,8186
052556_SEG_PREV_CURR_00937,8187
052556_SEG_TURN_00962,8188
052556_SEG_TURN_00600,8189
052556_SEG_PREV_CURR_00601,8190
052556_SEG_CURR_NEXT_00600,8191
052556_SEG_PREV_CURR_00962,8192
052556_SEG_CURR_NEXT_00961,8193
052556_SEG_PREV_CURR_00963,8194
052556_SEG_CURR_NEXT_00962,8195
052556_SEG_PREV_CURR_00600,8196
052556_SEG_CURR_NEXT_00599,8197
052556_SEG_TURN_00817,8198
052556_SEG_PREV_CURR_00817,8199
052556_SEG_CURR_NEXT_00816,8200
052556_SEG_CURR_NEXT_00817,8201
052556_SEG_PREV_CURR_00818,8202
052556_SEG_TURN_00701,8203
052556_SEG_PREV_CURR_00701,8204
052556_SEG_CURR_NEXT_00700,8205
052556_SEG_CURR_NEXT_00701,8206
052556_SEG_PREV_CURR_00702,8207
052556_SEG_CURR_NEXT_00822,8208
052556_SEG_PREV_CURR_00823,8209
052493_SEG_TURN_01352,8210
052556_SEG_TURN_00942,8211
052493_SEG_CURR_NEXT_01352,8212
052493_SEG_PREV_CURR_01353,8213
052556_SEG_TURN_00451,8214
052556_SEG_CURR_NEXT_00450,8215
052556_SEG_PREV_CURR_00451,8216
052556_SEG_CURR_NEXT_00451,8217
052556_SEG_PREV_CURR_00452,8218
052556_SEG_TURN_00437,8219
052556_SEG_TURN_00908,8220
052556_SEG_CURR_NEXT_00437,8221
052556_SEG_PREV_CURR_00438,8222
052556_SEG_CURR_NEXT_00436,8223
052556_SEG_PREV_CURR_00437,8224
052556_SEG_PREV_CURR_00908,8225
052556_SEG_CURR_NEXT_00907,8226
052556_SEG_PREV_CURR_00909,8227
052556_SEG_CURR_NEXT_00908,8228
052556_SEG_TURN_00906,8229
052556_SEG_PREV_CURR_00907,8230
052556_SEG_CURR_NEXT_00906,8231
052556_SEG_CURR_NEXT_00905,8232
052556_SEG_PREV_CURR_00906,8233
052556_SEG_PREV_CURR_00006,8234
052556_SEG_CURR_NEXT_00005,8235
052556_SEG_TURN_00211,8236
052315_SEG_TURN_00023,8237
052423_SEG_TURN_00485,8238
052315_SEG_CURR_NEXT_00023,8239
052315_SEG_PREV_CURR_00024,8240
052315_SEG_PREV_CURR_00023,8241
052315_SEG_CURR_NEXT_00022,8242
052364_SEG_CURR_NEXT_00018,8243
052364_SEG_PREV_CURR_00019,8244
052315_SEG_TURN_01109,8245
052364_SEG_TURN_00165,8246
054519_SEG_TURN_00149,8247
054519_SEG_PREV_CURR_00149,8248
054519_SEG_CURR_NEXT_00148,8249
054576_SEG_TURN_02095,8250
054576_SEG_TURN_02189,8251
054576_SEG_PREV_CURR_02095,8252
054576_SEG_CURR_NEXT_02094,8253
054576_SEG_CURR_NEXT_02189,8254
054576_SEG_PREV_CURR_02190,8255
054519_SEG_TURN_01314,8256
054519_SEG_CURR_NEXT_01311,8257
054519_SEG_PREV_CURR_01312,8258
054519_SEG_PREV_CURR_01313,8259
054519_SEG_CURR_NEXT_01312,8260
054519_SEG_PREV_CURR_00150,8261
054519_SEG_CURR_NEXT_00149,8262
054519_SEG_PREV_CURR_01314,8263
054519_SEG_CURR_NEXT_01313,8264
054519_SEG_TURN_01312,8265
054576_SEG_PREV_CURR_02189,8266
054576_SEG_CURR_NEXT_02188,8267
054345_SEG_TURN_00475,8268
054235_SEG_TURN_01593,8269
054576_SEG_TURN_02098,8270
054345_SEG_PREV_CURR_00476,8271
054345_SEG_CURR_NEXT_00475,8272
054345_SEG_CURR_NEXT_00474,8273
054345_SEG_PREV_CURR_00475,8274
054235_SEG_CURR_NEXT_01593,8275
054235_SEG_PREV_CURR_01594,8276
054576_SEG_CURR_NEXT_02095,8277
054576_SEG_PREV_CURR_02096,8278
054519_SEG_TURN_01311,8279
054345_SEG_TURN_00501,8280
054345_SEG_TURN_01172,8281
054622_SEG_TURN_00829,8282
054519_SEG_PREV_CURR_01315,8283
054269_SEG_TURN_00476,8284
054519_SEG_CURR_NEXT_01314,8285
054345_SEG_PREV_CURR_01172,8286
054345_SEG_CURR_NEXT_01171,8287
054235_SEG_CURR_NEXT_01592,8288
054235_SEG_PREV_CURR_01593,8289
054235_SEG_TURN_01599,8290
054519_SEG_TURN_01313,8291
054345_SEG_PREV_CURR_00502,8292
054345_SEG_CURR_NEXT_00501,8293
054345_SEG_PREV_CURR_00501,8294
054345_SEG_CURR_NEXT_00500,8295
054235_SEG_PREV_CURR_01599,8296
054622_SEG_TURN_00337,8297
054622_SEG_TURN_00331,8298
054622_SEG_PREV_CURR_00331,8299
054622_SEG_CURR_NEXT_00330,8300
054622_SEG_TURN_00345,8301
054622_SEG_CURR_NEXT_00336,8302
054622_SEG_PREV_CURR_00337,8303
054622_SEG_TURN_00334,8304
054622_SEG_CURR_NEXT_00345,8305
054622_SEG_PREV_CURR_00346,8306
054622_SEG_CURR_NEXT_00337,8307
054622_SEG_PREV_CURR_00338,8308
054622_SEG_PREV_CURR_00335,8309
054622_SEG_CURR_NEXT_00334,8310
054622_SEG_CURR_NEXT_00344,8311
054622_SEG_PREV_CURR_00345,8312
054622_SEG_CURR_NEXT_00331,8313
054622_SEG_PREV_CURR_00332,8314
054622_SEG_PREV_CURR_00334,8315
054622_SEG_CURR_NEXT_00333,8316
054622_SEG_CURR_NEXT_00341,8317
054622_SEG_PREV_CURR_00342,8318
054622_SEG_TURN_00335,8319
054622_SEG_TURN_00342,8320
054622_SEG_TURN_00333,8321
054622_SEG_PREV_CURR_00336,8322
054622_SEG_CURR_NEXT_00335,8323
054622_SEG_CURR_NEXT_00342,8324
054622_SEG_PREV_CURR_00343,8325
054622_SEG_CURR_NEXT_00332,8326
054622_SEG_PREV_CURR_00333,8327
054622_SEG_TURN_00341,8328
054622_SEG_CURR_NEXT_00340,8329
054622_SEG_PREV_CURR_00341,8330
054235_SEG_TURN_00050,8331
054235_SEG_PREV_CURR_00050,8332
054235_SEG_CURR_NEXT_00049,8333
054235_SEG_CURR_NEXT_00050,8334
054235_SEG_PREV_CURR_00051,8335
054269_SEG_TURN_01670,8336
054269_SEG_PREV_CURR_01671,8337
054269_SEG_CURR_NEXT_01670,8338
054269_SEG_CURR_NEXT_01669,8339
054269_SEG_PREV_CURR_01670,8340
054235_SEG_TURN_00744,8341
054235_SEG_PREV_CURR_00744,8342
054235_SEG_CURR_NEXT_00743,8343
054622_SEG_TURN_00327,8344
054622_SEG_CURR_NEXT_00327,8345
054622_SEG_PREV_CURR_00328,8346
054235_SEG_TURN_00774,8347
054235_SEG_PREV_CURR_00774,8348
054235_SEG_CURR_NEXT_00773,8349
054235_SEG_TURN_01578,8350
054235_SEG_PREV_CURR_01578,8351
054235_SEG_CURR_NEXT_01577,8352
054235_SEG_CURR_NEXT_01578,8353
054235_SEG_PREV_CURR_01579,8354
054235_SEG_TURN_00764,8355
054235_SEG_CURR_NEXT_00774,8356
054235_SEG_PREV_CURR_00775,8357
054235_SEG_TURN_00736,8358
054622_SEG_TURN_02447,8359
054235_SEG_PREV_CURR_00764,8360
054235_SEG_CURR_NEXT_00763,8361
054622_SEG_PREV_CURR_02447,8362
054622_SEG_CURR_NEXT_02446,8363
054235_SEG_PREV_CURR_00737,8364
054235_SEG_CURR_NEXT_00736,8365
054235_SEG_CURR_NEXT_00735,8366
054235_SEG_PREV_CURR_00736,8367
054235_SEG_TURN_00762,8368
054622_SEG_PREV_CURR_02448,8369
054622_SEG_CURR_NEXT_02447,8370
054235_SEG_TURN_00758,8371
054235_SEG_TURN_00768,8372
054235_SEG_TURN_00770,8373
054235_SEG_PREV_CURR_00765,8374
054235_SEG_CURR_NEXT_00764,8375
054235_SEG_CURR_NEXT_00757,8376
054235_SEG_PREV_CURR_00758,8377
054235_SEG_PREV_CURR_00771,8378
054235_SEG_CURR_NEXT_00770,8379
054235_SEG_CURR_NEXT_00758,8380
054235_SEG_PREV_CURR_00759,8381
054622_SEG_TURN_02461,8382
054235_SEG_PREV_CURR_00762,8383
054235_SEG_CURR_NEXT_00761,8384
054235_SEG_TURN_00745,8385
054235_SEG_CURR_NEXT_00767,8386
054235_SEG_PREV_CURR_00768,8387
054622_SEG_TURN_02449,8388
054622_SEG_PREV_CURR_02461,8389
054622_SEG_CURR_NEXT_02460,8390
054235_SEG_PREV_CURR_00776,8391
054235_SEG_CURR_NEXT_00775,8392
054235_SEG_TURN_00755,8393
054235_SEG_PREV_CURR_00746,8394
054235_SEG_CURR_NEXT_00745,8395
054235_SEG_PREV_CURR_00772,8396
054622_SEG_CURR_NEXT_02448,8397
054622_SEG_PREV_CURR_02449,8398
054235_SEG_TURN_00781,8399
054235_SEG_TURN_00771,8400
054622_SEG_CURR_NEXT_02461,8401
054622_SEG_PREV_CURR_02462,8402
054622_SEG_CURR_NEXT_02449,8403
054622_SEG_PREV_CURR_02450,8404
054235_SEG_PREV_CURR_00782,8405
054235_SEG_CURR_NEXT_00781,8406
054235_SEG_TURN_00788,8407
054235_SEG_PREV_CURR_00769,8408
054235_SEG_CURR_NEXT_00768,8409
054235_SEG_PREV_CURR_00770,8410
054235_SEG_CURR_NEXT_00769,8411
054235_SEG_PREV_CURR_00781,8412
054235_SEG_CURR_NEXT_00780,8413
054235_SEG_PREV_CURR_00763,8414
054435_SEG_TURN_00552,8415
054435_SEG_CURR_NEXT_00551,8416
054435_SEG_PREV_CURR_00552,8417
054435_SEG_CURR_NEXT_01442,8418
054435_SEG_PREV_CURR_01443,8419
054435_SEG_CURR_NEXT_00552,8420
054435_SEG_PREV_CURR_00553,8421
054435_SEG_CURR_NEXT_01455,8422
054435_SEG_PREV_CURR_01456,8423
054435_SEG_TURN_01456,8424
054435_SEG_PREV_CURR_01457,8425
054435_SEG_CURR_NEXT_01456,8426
054435_SEG_TURN_01442,8427
054435_SEG_CURR_NEXT_01441,8428
054435_SEG_PREV_CURR_01442,8429
054435_SEG_CURR_NEXT_01447,8430
054435_SEG_PREV_CURR_01448,8431
054435_SEG_TURN_01443,8432
054435_SEG_TURN_00544,8433
054435_SEG_TURN_01447,8434
054435_SEG_CURR_NEXT_01443,8435
054435_SEG_PREV_CURR_01444,8436
054435_SEG_CURR_NEXT_00543,8437
054435_SEG_PREV_CURR_00544,8438
054435_SEG_TURN_00559,8439
054435_SEG_PREV_CURR_00545,8440
054435_SEG_CURR_NEXT_00544,8441
054576_SEG_TURN_02611,8442
054435_SEG_PREV_CURR_01447,8443
054435_SEG_CURR_NEXT_01446,8444
054435_SEG_CURR_NEXT_00558,8445
054435_SEG_PREV_CURR_00559,8446
054435_SEG_CURR_NEXT_00559,8447
054435_SEG_PREV_CURR_00560,8448
054576_SEG_CURR_NEXT_02611,8449
054576_SEG_PREV_CURR_02612,8450
054576_SEG_CURR_NEXT_02610,8451
054576_SEG_PREV_CURR_02611,8452
054435_SEG_CURR_NEXT_00538,8453
054435_SEG_PREV_CURR_00539,8454
054435_SEG_TURN_00541,8455
054435_SEG_TURN_01448,8456
054435_SEG_TURN_00543,8457
054435_SEG_TURN_01459,8458
054435_SEG_TURN_00574,8459
054435_SEG_TURN_00566,8460
054435_SEG_TURN_00547,8461
054435_SEG_TURN_00545,8462
054435_SEG_PREV_CURR_00558,8463
054435_SEG_CURR_NEXT_00557,8464
054235_SEG_TURN_01579,8465
054235_SEG_PREV_CURR_01497,8466
054235_SEG_CURR_NEXT_01496,8467
054235_SEG_PREV_CURR_01580,8468
054235_SEG_CURR_NEXT_01579,8469
054622_SEG_TURN_02776,8470
054235_SEG_TURN_01496,8471
054235_SEG_CURR_NEXT_01495,8472
054235_SEG_PREV_CURR_01496,8473
054235_SEG_TURN_01497,8474
054235_SEG_TURN_00188,8475
054269_SEG_TURN_00315,8476
054235_SEG_TURN_01490,8477
054235_SEG_TURN_01817,8478
054235_SEG_TURN_01231,8479
054235_SEG_TURN_01486,8480
054235_SEG_CURR_NEXT_01490,8481
054235_SEG_PREV_CURR_01491,8482
054235_SEG_CURR_NEXT_01486,8483
054235_SEG_PREV_CURR_01487,8484
054269_SEG_TURN_00447,8485
054235_SEG_PREV_CURR_01486,8486
054235_SEG_CURR_NEXT_01485,8487
054235_SEG_TURN_00167,8488
054235_SEG_CURR_NEXT_01817,8489
054235_SEG_PREV_CURR_01818,8490
054269_SEG_TURN_00247,8491
054269_SEG_TURN_01241,8492
054235_SEG_CURR_NEXT_01230,8493
054235_SEG_PREV_CURR_01231,8494
054235_SEG_TURN_01310,8495
054269_SEG_TURN_00029,8496
054235_SEG_CURR_NEXT_00166,8497
054235_SEG_PREV_CURR_00167,8498
054269_SEG_CURR_NEXT_00028,8499
054269_SEG_PREV_CURR_00029,8500
054622_SEG_CURR_NEXT_02775,8501
054622_SEG_PREV_CURR_02776,8502
054235_SEG_CURR_NEXT_01497,8503
054235_SEG_PREV_CURR_01498,8504
054269_SEG_PREV_CURR_01242,8505
054269_SEG_CURR_NEXT_01241,8506
054269_SEG_PREV_CURR_01241,8507
054269_SEG_CURR_NEXT_01240,8508
054269_SEG_TURN_01308,8509
054269_SEG_TURN_01799,8510
054269_SEG_PREV_CURR_00448,8511
054269_SEG_CURR_NEXT_00447,8512
054235_SEG_PREV_CURR_00168,8513
054235_SEG_CURR_NEXT_00167,8514
054519_SEG_TURN_01078,8515
054519_SEG_TURN_00985,8516
054519_SEG_TURN_01082,8517
054519_SEG_TURN_01098,8518
054519_SEG_TURN_01094,8519
054519_SEG_TURN_01332,8520
054519_SEG_TURN_01084,8521
054519_SEG_TURN_01092,8522
054519_SEG_TURN_01217,8523
054519_SEG_TURN_01213,8524
054519_SEG_TURN_01096,8525
054519_SEG_TURN_01334,8526
054519_SEG_TURN_01100,8527
054519_SEG_TURN_00989,8528
054519_SEG_PREV_CURR_01078,8529
054519_SEG_CURR_NEXT_01077,8530
054519_SEG_TURN_00999,8531
054519_SEG_TURN_01219,8532
054519_SEG_TURN_00993,8533
054519_SEG_TURN_01215,8534
054519_SEG_PREV_CURR_00985,8535
054519_SEG_CURR_NEXT_00984,8536
054519_SEG_TURN_01080,8537
054519_SEG_TURN_01211,8538
054519_SEG_TURN_01088,8539
054519_SEG_CURR_NEXT_01078,8540
054519_SEG_PREV_CURR_01079,8541
054519_SEG_TURN_01346,8542
054519_SEG_PREV_CURR_01213,8543
054519_SEG_CURR_NEXT_01212,8544
054519_SEG_CURR_NEXT_01094,8545
054519_SEG_PREV_CURR_01095,8546
054519_SEG_PREV_CURR_01096,8547
054519_SEG_CURR_NEXT_01095,8548
054519_SEG_CURR_NEXT_01213,8549
054519_SEG_PREV_CURR_01214,8550
054519_SEG_TURN_01076,8551
054519_SEG_CURR_NEXT_01214,8552
054519_SEG_PREV_CURR_01215,8553
054519_SEG_TURN_01090,8554
054519_SEG_PREV_CURR_01212,8555
054519_SEG_CURR_NEXT_01211,8556
054622_SEG_TURN_03020,8557
054622_SEG_PREV_CURR_03020,8558
054622_SEG_CURR_NEXT_03019,8559
054622_SEG_CURR_NEXT_03020,8560
054622_SEG_PREV_CURR_03021,8561
054519_SEG_CURR_NEXT_01079,8562
054519_SEG_PREV_CURR_01080,8563
054519_SEG_PREV_CURR_01093,8564
054235_SEG_TURN_01281,8565
054235_SEG_TURN_01269,8566
054235_SEG_PREV_CURR_01270,8567
054235_SEG_CURR_NEXT_01269,8568
054235_SEG_PREV_CURR_01281,8569
054235_SEG_CURR_NEXT_01280,8570
054235_SEG_CURR_NEXT_01268,8571
054235_SEG_PREV_CURR_01269,8572
054235_SEG_TURN_00306,8573
054235_SEG_CURR_NEXT_00306,8574
054235_SEG_PREV_CURR_00307,8575
054235_SEG_PREV_CURR_00306,8576
054235_SEG_CURR_NEXT_00305,8577
054269_SEG_TURN_00171,8578
054235_SEG_PREV_CURR_01282,8579
054235_SEG_CURR_NEXT_01281,8580
054269_SEG_CURR_NEXT_00170,8581
054269_SEG_PREV_CURR_00171,8582
054235_SEG_TURN_00376,8583
054235_SEG_PREV_CURR_00376,8584
054235_SEG_CURR_NEXT_00375,8585
054269_SEG_PREV_CURR_00172,8586
054269_SEG_CURR_NEXT_00171,8587
054235_SEG_CURR_NEXT_00376,8588
054235_SEG_PREV_CURR_00377,8589
054435_SEG_TURN_01612,8590
054269_SEG_TURN_01523,8591
054235_SEG_TURN_01271,8592
054235_SEG_CURR_NEXT_01270,8593
054235_SEG_PREV_CURR_01271,8594
054235_SEG_PREV_CURR_01272,8595
054235_SEG_CURR_NEXT_01271,8596
054269_SEG_PREV_CURR_01523,8597
054269_SEG_CURR_NEXT_01522,8598
054435_SEG_TURN_01625,8599
054269_SEG_PREV_CURR_01524,8600
054269_SEG_CURR_NEXT_01523,8601
054435_SEG_TURN_01437,8602
054435_SEG_CURR_NEXT_01611,8603
054435_SEG_PREV_CURR_01612,8604
054435_SEG_PREV_CURR_01613,8605
054435_SEG_CURR_NEXT_01612,8606
054435_SEG_PREV_CURR_01437,8607
054435_SEG_CURR_NEXT_01436,8608
054435_SEG_CURR_NEXT_01625,8609
054435_SEG_PREV_CURR_01626,8610
054269_SEG_PREV_CURR_01218,8611
054269_SEG_CURR_NEXT_01217,8612
054269_SEG_TURN_00163,8613
054269_SEG_TURN_01217,8614
054576_SEG_TURN_01781,8615
054269_SEG_CURR_NEXT_00634,8616
054269_SEG_PREV_CURR_00635,8617
054622_SEG_TURN_00637,8618
054622_SEG_PREV_CURR_00638,8619
054622_SEG_CURR_NEXT_00637,8620
054576_SEG_PREV_CURR_01782,8621
054576_SEG_CURR_NEXT_01781,8622
054622_SEG_CURR_NEXT_00636,8623
054622_SEG_PREV_CURR_00637,8624
054269_SEG_TURN_00634,8625
054235_SEG_TURN_00290,8626
054269_SEG_PREV_CURR_00634,8627
054269_SEG_CURR_NEXT_00633,8628
054235_SEG_CURR_NEXT_00290,8629
054235_SEG_PREV_CURR_00291,8630
054269_SEG_TURN_00635,8631
054345_SEG_TURN_00685,8632
054345_SEG_TURN_02560,8633
054519_SEG_TURN_01365,8634
054345_SEG_TURN_00489,8635
054576_SEG_TURN_02854,8636
054519_SEG_TURN_00045,8637
054235_SEG_PREV_CURR_00290,8638
054235_SEG_CURR_NEXT_00289,8639
054576_SEG_TURN_00791,8640
054435_SEG_TURN_01230,8641
054622_SEG_PREV_CURR_01153,8642
054622_SEG_CURR_NEXT_01152,8643
054622_SEG_TURN_01152,8644
054269_SEG_PREV_CURR_00636,8645
054269_SEG_CURR_NEXT_00635,8646
054622_SEG_PREV_CURR_01152,8647
054622_SEG_CURR_NEXT_01151,8648
054235_SEG_TURN_01242,8649
054345_SEG_CURR_NEXT_02560,8650
054345_SEG_PREV_CURR_02561,8651
054576_SEG_TURN_01980,8652
054519_SEG_CURR_NEXT_00045,8653
054519_SEG_PREV_CURR_00046,8654
054622_SEG_TURN_01172,8655
054622_SEG_TURN_02071,8656
054235_SEG_CURR_NEXT_01241,8657
054235_SEG_PREV_CURR_01242,8658
054519_SEG_PREV_CURR_00045,8659
054519_SEG_CURR_NEXT_00044,8660
054576_SEG_CURR_NEXT_01980,8661
054576_SEG_PREV_CURR_01981,8662
054235_SEG_PREV_CURR_01243,8663
054235_SEG_CURR_NEXT_01242,8664
054435_SEG_PREV_CURR_00906,8665
054435_SEG_CURR_NEXT_00905,8666
054435_SEG_TURN_00905,8667
054435_SEG_TURN_00903,8668
054435_SEG_CURR_NEXT_00904,8669
054435_SEG_PREV_CURR_00905,8670
054435_SEG_PREV_CURR_00904,8671
054435_SEG_CURR_NEXT_00903,8672
054435_SEG_TURN_00910,8673
054435_SEG_PREV_CURR_00907,8674
054435_SEG_CURR_NEXT_00906,8675
054435_SEG_TURN_00906,8676
054435_SEG_TURN_00904,8677
054435_SEG_PREV_CURR_00910,8678
054435_SEG_CURR_NEXT_00909,8679
054435_SEG_TURN_00907,8680
054435_SEG_PREV_CURR_00903,8681
054435_SEG_CURR_NEXT_00902,8682
054435_SEG_PREV_CURR_00908,8683
054435_SEG_CURR_NEXT_00907,8684
054435_SEG_TURN_00943,8685
054435_SEG_PREV_CURR_00911,8686
054435_SEG_CURR_NEXT_00910,8687
054435_SEG_PREV_CURR_00944,8688
054435_SEG_CURR_NEXT_00943,8689
054435_SEG_PREV_CURR_00943,8690
054435_SEG_CURR_NEXT_00942,8691
054435_SEG_TURN_00883,8692
054345_SEG_TURN_00360,8693
054269_SEG_TURN_01049,8694
054269_SEG_TURN_01051,8695
054435_SEG_TURN_00885,8696
054435_SEG_PREV_CURR_00884,8697
054435_SEG_CURR_NEXT_00883,8698
054435_SEG_PREV_CURR_00886,8699
054435_SEG_CURR_NEXT_00885,8700
054435_SEG_PREV_CURR_00883,8701
054435_SEG_CURR_NEXT_00882,8702
054435_SEG_PREV_CURR_00885,8703
054435_SEG_CURR_NEXT_00884,8704
054269_SEG_CURR_NEXT_01050,8705
054269_SEG_PREV_CURR_01051,8706
054269_SEG_PREV_CURR_01050,8707
054269_SEG_CURR_NEXT_01049,8708
054435_SEG_TURN_00946,8709
054622_SEG_TURN_03062,8710
054622_SEG_PREV_CURR_03063,8711
054622_SEG_CURR_NEXT_03062,8712
054435_SEG_TURN_00665,8713
054435_SEG_TURN_01146,8714
054622_SEG_CURR_NEXT_03061,8715
054622_SEG_PREV_CURR_03062,8716
054435_SEG_CURR_NEXT_00665,8717
054435_SEG_PREV_CURR_00666,8718
054622_SEG_TURN_03064,8719
054435_SEG_PREV_CURR_00665,8720
054435_SEG_CURR_NEXT_00664,8721
054622_SEG_TURN_00914,8722
054435_SEG_CURR_NEXT_01145,8723
054435_SEG_PREV_CURR_01146,8724
054435_SEG_CURR_NEXT_01146,8725
054435_SEG_PREV_CURR_01147,8726
054622_SEG_CURR_NEXT_03063,8727
054622_SEG_PREV_CURR_03064,8728
054435_SEG_TURN_00175,8729
054622_SEG_CURR_NEXT_03064,8730
054622_SEG_PREV_CURR_03065,8731
054435_SEG_TURN_00085,8732
054435_SEG_CURR_NEXT_00174,8733
054435_SEG_PREV_CURR_00175,8734
054435_SEG_CURR_NEXT_00175,8735
054435_SEG_PREV_CURR_00176,8736
054622_SEG_PREV_CURR_00914,8737
054622_SEG_CURR_NEXT_00913,8738
054435_SEG_PREV_CURR_00085,8739
054435_SEG_CURR_NEXT_00084,8740
054435_SEG_PREV_CURR_00086,8741
054435_SEG_CURR_NEXT_00085,8742
054435_SEG_TURN_00890,8743
054435_SEG_TURN_00894,8744
054435_SEG_TURN_01583,8745
054435_SEG_TURN_00925,8746
054435_SEG_PREV_CURR_00894,8747
054435_SEG_CURR_NEXT_00893,8748
054435_SEG_CURR_NEXT_00924,8749
054435_SEG_PREV_CURR_00925,8750
054435_SEG_CURR_NEXT_00925,8751
054435_SEG_PREV_CURR_00926,8752
054435_SEG_CURR_NEXT_00894,8753
054435_SEG_PREV_CURR_00895,8754
054435_SEG_TURN_00673,8755
054622_SEG_TURN_02525,8756
054576_SEG_TURN_02961,8757
054622_SEG_TURN_03072,8758
054622_SEG_CURR_NEXT_03071,8759
054622_SEG_PREV_CURR_03072,8760
054622_SEG_CURR_NEXT_03072,8761
054622_SEG_PREV_CURR_03073,8762
054576_SEG_PREV_CURR_02961,8763
054576_SEG_CURR_NEXT_02960,8764
054576_SEG_PREV_CURR_02962,8765
054576_SEG_CURR_NEXT_02961,8766
054435_SEG_TURN_00970,8767
054622_SEG_TURN_03070,8768
054435_SEG_TURN_00952,8769
054622_SEG_PREV_CURR_03070,8770
054622_SEG_CURR_NEXT_03069,8771
054622_SEG_PREV_CURR_03071,8772
054622_SEG_CURR_NEXT_03070,8773
054435_SEG_TURN_00972,8774
054435_SEG_CURR_NEXT_00972,8775
054435_SEG_PREV_CURR_00973,8776
054622_SEG_TURN_03068,8777
054622_SEG_PREV_CURR_03069,8778
054622_SEG_CURR_NEXT_03068,8779
054235_SEG_TURN_01885,8780
054622_SEG_PREV_CURR_03068,8781
054622_SEG_CURR_NEXT_03067,8782
054235_SEG_PREV_CURR_01886,8783
054235_SEG_CURR_NEXT_01885,8784
054435_SEG_PREV_CURR_00890,8785
054435_SEG_CURR_NEXT_00889,8786
054235_SEG_PREV_CURR_01885,8787
054235_SEG_CURR_NEXT_01884,8788
054435_SEG_CURR_NEXT_00952,8789
054435_SEG_PREV_CURR_00953,8790
054435_SEG_TURN_01745,8791
054435_SEG_CURR_NEXT_00951,8792
054435_SEG_PREV_CURR_00952,8793
054435_SEG_PREV_CURR_00891,8794
054435_SEG_CURR_NEXT_00890,8795
054235_SEG_TURN_00434,8796
054435_SEG_TURN_00679,8797
054235_SEG_PREV_CURR_00434,8798
054235_SEG_CURR_NEXT_00433,8799
054235_SEG_TURN_00426,8800
054435_SEG_PREV_CURR_00972,8801
054435_SEG_CURR_NEXT_00971,8802
054435_SEG_TURN_00618,8803
054435_SEG_CURR_NEXT_01744,8804
054435_SEG_PREV_CURR_01745,8805
054435_SEG_TURN_00508,8806
054435_SEG_CURR_NEXT_00507,8807
054435_SEG_PREV_CURR_00508,8808
054435_SEG_CURR_NEXT_00508,8809
054435_SEG_PREV_CURR_00509,8810
054269_SEG_TURN_00972,8811
054622_SEG_TURN_03058,8812
054269_SEG_PREV_CURR_00973,8813
054269_SEG_CURR_NEXT_00972,8814
054345_SEG_TURN_01914,8815
054345_SEG_PREV_CURR_01915,8816
054345_SEG_CURR_NEXT_01914,8817
054622_SEG_TURN_03078,8818
054622_SEG_CURR_NEXT_03058,8819
054622_SEG_PREV_CURR_03059,8820
054622_SEG_PREV_CURR_03078,8821
054622_SEG_CURR_NEXT_03077,8822
054519_SEG_TURN_01515,8823
054269_SEG_CURR_NEXT_00971,8824
054269_SEG_PREV_CURR_00972,8825
054622_SEG_CURR_NEXT_03078,8826
054622_SEG_PREV_CURR_03079,8827
054622_SEG_CURR_NEXT_03057,8828
054622_SEG_PREV_CURR_03058,8829
054435_SEG_TURN_01332,8830
054345_SEG_TURN_01282,8831
054622_SEG_TURN_03056,8832
054622_SEG_CURR_NEXT_03055,8833
054622_SEG_PREV_CURR_03056,8834
054435_SEG_CURR_NEXT_01332,8835
054435_SEG_PREV_CURR_01333,8836
054622_SEG_PREV_CURR_03057,8837
054622_SEG_CURR_NEXT_03056,8838
054345_SEG_PREV_CURR_01914,8839
054345_SEG_CURR_NEXT_01913,8840
054345_SEG_TURN_00334,8841
054345_SEG_TURN_00349,8842
054345_SEG_TURN_01911,8843
054345_SEG_TURN_01335,8844
054345_SEG_TURN_02534,8845
054345_SEG_PREV_CURR_00350,8846
054345_SEG_CURR_NEXT_00349,8847
054345_SEG_CURR_NEXT_01911,8848
054345_SEG_PREV_CURR_01912,8849
054235_SEG_TURN_00279,8850
054435_SEG_TURN_01670,8851
054345_SEG_PREV_CURR_00349,8852
054345_SEG_CURR_NEXT_00348,8853
054519_SEG_TURN_00324,8854
054435_SEG_CURR_NEXT_01670,8855
054269_SEG_TURN_01855,8856
054235_SEG_TURN_01714,8857
054235_SEG_TURN_01429,8858
054435_SEG_TURN_01502,8859
054435_SEG_TURN_00457,8860
054622_SEG_TURN_00848,8861
054269_SEG_CURR_NEXT_01854,8862
054269_SEG_PREV_CURR_01855,8863
054269_SEG_PREV_CURR_01856,8864
054269_SEG_CURR_NEXT_01855,8865
054622_SEG_PREV_CURR_00849,8866
054235_SEG_TURN_01776,8867
054435_SEG_PREV_CURR_01018,8868
054435_SEG_CURR_NEXT_01017,8869
054435_SEG_TURN_01018,8870
054435_SEG_TURN_01281,8871
054435_SEG_TURN_01283,8872
054235_SEG_TURN_01759,8873
054622_SEG_TURN_00572,8874
054235_SEG_CURR_NEXT_01776,8875
054235_SEG_PREV_CURR_01777,8876
054435_SEG_TURN_01017,8877
054235_SEG_PREV_CURR_01776,8878
054235_SEG_CURR_NEXT_01775,8879
054235_SEG_CURR_NEXT_01758,8880
054235_SEG_PREV_CURR_01759,8881
054435_SEG_CURR_NEXT_01016,8882
054435_SEG_PREV_CURR_01017,8883
054235_SEG_PREV_CURR_01760,8884
054235_SEG_CURR_NEXT_01759,8885
054435_SEG_CURR_NEXT_01018,8886
054435_SEG_PREV_CURR_01019,8887
054435_SEG_PREV_CURR_01284,8888
054435_SEG_CURR_NEXT_01283,8889
054622_SEG_TURN_00525,8890
054622_SEG_PREV_CURR_00572,8891
054622_SEG_CURR_NEXT_00571,8892
054622_SEG_PREV_CURR_00526,8893
054622_SEG_CURR_NEXT_00525,8894
054622_SEG_CURR_NEXT_00524,8895
054622_SEG_PREV_CURR_00525,8896
054235_SEG_TURN_01762,8897
054435_SEG_PREV_CURR_01282,8898
054435_SEG_CURR_NEXT_01281,8899
054435_SEG_TURN_00130,8900
054435_SEG_CURR_NEXT_01280,8901
054435_SEG_PREV_CURR_01281,8902
054435_SEG_TURN_00599,8903
054435_SEG_PREV_CURR_01283,8904
054435_SEG_CURR_NEXT_01282,8905
054345_SEG_TURN_01207,8906
054435_SEG_PREV_CURR_00130,8907
054435_SEG_CURR_NEXT_00129,8908
054435_SEG_PREV_CURR_00599,8909
054435_SEG_CURR_NEXT_00598,8910
054622_SEG_PREV_CURR_00554,8911
054622_SEG_CURR_NEXT_00553,8912
054622_SEG_TURN_00554,8913
054345_SEG_PREV_CURR_01207,8914
054345_SEG_CURR_NEXT_01206,8915
054435_SEG_TURN_00097,8916
054435_SEG_CURR_NEXT_00097,8917
054435_SEG_PREV_CURR_00098,8918
054622_SEG_TURN_03031,8919
054435_SEG_PREV_CURR_00097,8920
054435_SEG_CURR_NEXT_00096,8921
054622_SEG_TURN_03028,8922
054435_SEG_TURN_00115,8923
054622_SEG_PREV_CURR_03028,8924
054622_SEG_CURR_NEXT_03027,8925
054622_SEG_CURR_NEXT_03028,8926
054622_SEG_PREV_CURR_03029,8927
054435_SEG_TURN_01273,8928
054435_SEG_PREV_CURR_01274,8929
054435_SEG_CURR_NEXT_01273,8930
054622_SEG_PREV_CURR_03031,8931
054622_SEG_CURR_NEXT_03030,8932
054435_SEG_CURR_NEXT_01272,8933
054435_SEG_PREV_CURR_01273,8934
054435_SEG_CURR_NEXT_00114,8935
054435_SEG_PREV_CURR_00115,8936
054435_SEG_PREV_CURR_00101,8937
054435_SEG_CURR_NEXT_00100,8938
054435_SEG_CURR_NEXT_00101,8939
054435_SEG_PREV_CURR_00102,8940
054435_SEG_TURN_00101,8941
054435_SEG_PREV_CURR_00116,8942
054435_SEG_CURR_NEXT_00115,8943
054235_SEG_TURN_00148,8944
054345_SEG_TURN_00382,8945
054345_SEG_TURN_01815,8946
054235_SEG_TURN_01756,8947
054519_SEG_PREV_CURR_01307,8948
054519_SEG_PREV_CURR_01308,8949
054519_SEG_CURR_NEXT_01306,8950
054519_SEG_CURR_NEXT_01307,8951
054519_SEG_TURN_01307,8952
054519_SEG_CURR_NEXT_01305,8953
054519_SEG_PREV_CURR_01306,8954
054519_SEG_TURN_01305,8955
054235_SEG_TURN_00304,8956
054235_SEG_CURR_NEXT_00303,8957
054235_SEG_PREV_CURR_00304,8958
054235_SEG_CURR_NEXT_00304,8959
054235_SEG_PREV_CURR_00305,8960
054435_SEG_TURN_01286,8961
054269_SEG_PREV_CURR_00477,8962
054269_SEG_CURR_NEXT_00476,8963
054345_SEG_TURN_01817,8964
054345_SEG_PREV_CURR_00383,8965
054345_SEG_CURR_NEXT_00382,8966
054345_SEG_PREV_CURR_01815,8967
054345_SEG_CURR_NEXT_01814,8968
054269_SEG_TURN_01419,8969
054519_SEG_CURR_NEXT_01304,8970
054519_SEG_PREV_CURR_01305,8971
054269_SEG_PREV_CURR_00476,8972
054269_SEG_CURR_NEXT_00475,8973
054622_SEG_TURN_00182,8974
054345_SEG_CURR_NEXT_00381,8975
054345_SEG_PREV_CURR_00382,8976
054235_SEG_CURR_NEXT_01756,8977
054235_SEG_PREV_CURR_01757,8978
054519_SEG_TURN_01047,8979
054622_SEG_PREV_CURR_00182,8980
054622_SEG_CURR_NEXT_00181,8981
054435_SEG_PREV_CURR_01287,8982
054435_SEG_CURR_NEXT_01286,8983
054269_SEG_TURN_00048,8984
054269_SEG_PREV_CURR_01420,8985
054269_SEG_CURR_NEXT_01419,8986
054519_SEG_CURR_NEXT_01047,8987
054519_SEG_PREV_CURR_01048,8988
054576_SEG_TURN_00369,8989
054576_SEG_CURR_NEXT_00369,8990
054576_SEG_PREV_CURR_00370,8991
054576_SEG_PREV_CURR_00369,8992
054576_SEG_CURR_NEXT_00368,8993
054269_SEG_TURN_00440,8994
054576_SEG_TURN_03132,8995
054576_SEG_CURR_NEXT_03131,8996
054576_SEG_PREV_CURR_03132,8997
054576_SEG_CURR_NEXT_03132,8998
054576_SEG_PREV_CURR_03133,8999
054519_SEG_TURN_00844,9000
054435_SEG_TURN_00922,9001
054576_SEG_TURN_03127,9002
054519_SEG_TURN_01487,9003
054345_SEG_TURN_01118,9004
054576_SEG_PREV_CURR_03128,9005
054576_SEG_CURR_NEXT_03127,9006
054435_SEG_PREV_CURR_00922,9007
054435_SEG_CURR_NEXT_00921,9008
054345_SEG_CURR_NEXT_01117,9009
054345_SEG_PREV_CURR_01118,9010
054345_SEG_TURN_01122,9011
054345_SEG_TURN_01190,9012
054519_SEG_TURN_00138,9013
054345_SEG_CURR_NEXT_01121,9014
054345_SEG_PREV_CURR_01122,9015
054519_SEG_CURR_NEXT_00844,9016
054519_SEG_PREV_CURR_00845,9017
054519_SEG_CURR_NEXT_00137,9018
054519_SEG_PREV_CURR_00138,9019
054435_SEG_TURN_01458,9020
054576_SEG_CURR_NEXT_03126,9021
054576_SEG_PREV_CURR_03127,9022
054519_SEG_CURR_NEXT_00843,9023
054519_SEG_PREV_CURR_00844,9024
054269_SEG_TURN_00702,9025
054519_SEG_PREV_CURR_00139,9026
054519_SEG_CURR_NEXT_00138,9027
054345_SEG_PREV_CURR_01190,9028
054345_SEG_CURR_NEXT_01189,9029
054576_SEG_TURN_01305,9030
054622_SEG_TURN_02928,9031
054269_SEG_CURR_NEXT_00440,9032
054269_SEG_PREV_CURR_00441,9033
054269_SEG_CURR_NEXT_00702,9034
054269_SEG_PREV_CURR_00703,9035
054345_SEG_TURN_01182,9036
054435_SEG_CURR_NEXT_01458,9037
054435_SEG_PREV_CURR_01459,9038
054576_SEG_TURN_03136,9039
054576_SEG_CURR_NEXT_03136,9040
054576_SEG_PREV_CURR_03137,9041
054576_SEG_CURR_NEXT_03135,9042
054576_SEG_PREV_CURR_03136,9043
054622_SEG_TURN_01114,9044
054622_SEG_CURR_NEXT_01113,9045
054622_SEG_PREV_CURR_01114,9046
054345_SEG_TURN_01916,9047
054345_SEG_CURR_NEXT_01915,9048
054345_SEG_PREV_CURR_01916,9049
054435_SEG_TURN_01299,9050
054435_SEG_PREV_CURR_01458,9051
054435_SEG_CURR_NEXT_01457,9052
054622_SEG_TURN_01785,9053
054345_SEG_PREV_CURR_01182,9054
054345_SEG_CURR_NEXT_01181,9055
054345_SEG_TURN_01769,9056
054622_SEG_PREV_CURR_01785,9057
054622_SEG_CURR_NEXT_01784,9058
054345_SEG_PREV_CURR_01917,9059
054345_SEG_CURR_NEXT_01916,9060
054345_SEG_PREV_CURR_01183,9061
054345_SEG_CURR_NEXT_01182,9062
054345_SEG_CURR_NEXT_01769,9063
054345_SEG_PREV_CURR_01770,9064
054435_SEG_CURR_NEXT_01298,9065
054435_SEG_PREV_CURR_01299,9066
054519_SEG_PREV_CURR_01073,9067
054519_SEG_CURR_NEXT_01072,9068
054519_SEG_TURN_01073,9069
054519_SEG_CURR_NEXT_01073,9070
054519_SEG_PREV_CURR_01074,9071
054622_SEG_TURN_00853,9072
054622_SEG_CURR_NEXT_00852,9073
054622_SEG_PREV_CURR_00853,9074
054235_SEG_TURN_01869,9075
054235_SEG_TURN_01470,9076
054235_SEG_PREV_CURR_01470,9077
054235_SEG_CURR_NEXT_01469,9078
054622_SEG_CURR_NEXT_00853,9079
054622_SEG_PREV_CURR_00854,9080
054235_SEG_CURR_NEXT_01470,9081
054235_SEG_PREV_CURR_01471,9082
054235_SEG_CURR_NEXT_01869,9083
054235_SEG_PREV_CURR_01870,9084
054435_SEG_TURN_00782,9085
054235_SEG_TURN_00871,9086
054435_SEG_TURN_00005,9087
054435_SEG_PREV_CURR_00783,9088
054435_SEG_CURR_NEXT_00782,9089
054435_SEG_CURR_NEXT_00005,9090
054435_SEG_PREV_CURR_00006,9091
054576_SEG_TURN_00517,9092
054235_SEG_PREV_CURR_00871,9093
054235_SEG_CURR_NEXT_00870,9094
054435_SEG_PREV_CURR_00005,9095
054435_SEG_CURR_NEXT_00004,9096
054435_SEG_CURR_NEXT_01507,9097
054435_SEG_PREV_CURR_01508,9098
054435_SEG_CURR_NEXT_00781,9099
054435_SEG_PREV_CURR_00782,9100
054435_SEG_TURN_01507,9101
054269_SEG_TURN_01673,9102
054235_SEG_CURR_NEXT_00871,9103
054235_SEG_PREV_CURR_00872,9104
054235_SEG_PREV_CURR_01869,9105
054235_SEG_CURR_NEXT_01868,9106
054435_SEG_PREV_CURR_01507,9107
054435_SEG_CURR_NEXT_01506,9108
054269_SEG_PREV_CURR_01673,9109
054269_SEG_CURR_NEXT_01672,9110
054576_SEG_TURN_02783,9111
054519_SEG_TURN_00169,9112
054269_SEG_TURN_01515,9113
054269_SEG_CURR_NEXT_01673,9114
054269_SEG_PREV_CURR_01674,9115
054235_SEG_TURN_01573,9116
054235_SEG_TURN_01555,9117
054435_SEG_TURN_01291,9118
054576_SEG_TURN_00196,9119
054235_SEG_PREV_CURR_01556,9120
054235_SEG_CURR_NEXT_01555,9121
054622_SEG_TURN_02996,9122
054622_SEG_CURR_NEXT_02996,9123
054622_SEG_PREV_CURR_02997,9124
054622_SEG_PREV_CURR_02996,9125
054622_SEG_CURR_NEXT_02995,9126
054622_SEG_TURN_03009,9127
054622_SEG_CURR_NEXT_03009,9128
054622_SEG_PREV_CURR_03010,9129
054622_SEG_CURR_NEXT_03008,9130
054622_SEG_PREV_CURR_03009,9131
054622_SEG_TURN_02995,9132
054622_SEG_TURN_03005,9133
054345_SEG_TURN_02027,9134
054622_SEG_TURN_03001,9135
054622_SEG_CURR_NEXT_03000,9136
054622_SEG_PREV_CURR_03001,9137
054622_SEG_CURR_NEXT_03001,9138
054622_SEG_PREV_CURR_03002,9139
054622_SEG_PREV_CURR_03005,9140
054622_SEG_CURR_NEXT_03004,9141
054622_SEG_CURR_NEXT_03005,9142
054622_SEG_PREV_CURR_03006,9143
054235_SEG_TURN_00804,9144
054622_SEG_CURR_NEXT_02994,9145
054622_SEG_PREV_CURR_02995,9146
054622_SEG_TURN_03011,9147
054622_SEG_CURR_NEXT_03010,9148
054622_SEG_PREV_CURR_03011,9149
054622_SEG_CURR_NEXT_03011,9150
054622_SEG_PREV_CURR_03012,9151
054622_SEG_TURN_02999,9152
054622_SEG_PREV_CURR_03000,9153
054622_SEG_CURR_NEXT_02999,9154
054345_SEG_CURR_NEXT_02026,9155
054345_SEG_PREV_CURR_02027,9156
054622_SEG_CURR_NEXT_02998,9157
054622_SEG_PREV_CURR_02999,9158
054576_SEG_TURN_00772,9159
054345_SEG_TURN_01917,9160
054235_SEG_TURN_01169,9161
054235_SEG_CURR_NEXT_01169,9162
054235_SEG_PREV_CURR_01170,9163
054235_SEG_CURR_NEXT_01168,9164
054235_SEG_PREV_CURR_01169,9165
054576_SEG_CURR_NEXT_00433,9166
054576_SEG_PREV_CURR_00434,9167
054622_SEG_TURN_00304,9168
054576_SEG_TURN_00433,9169
054622_SEG_CURR_NEXT_00304,9170
054622_SEG_PREV_CURR_00305,9171
054622_SEG_CURR_NEXT_00303,9172
054622_SEG_PREV_CURR_00304,9173
054269_SEG_TURN_01323,9174
054576_SEG_TURN_02134,9175
054576_SEG_CURR_NEXT_00432,9176
054576_SEG_PREV_CURR_00433,9177
054576_SEG_TURN_02902,9178
054576_SEG_TURN_02976,9179
054576_SEG_TURN_00804,9180
054576_SEG_TURN_02065,9181
054576_SEG_TURN_01899,9182
054576_SEG_TURN_03004,9183
054576_SEG_CURR_NEXT_00803,9184
054576_SEG_PREV_CURR_00804,9185
054576_SEG_CURR_NEXT_02134,9186
054576_SEG_PREV_CURR_02135,9187
054576_SEG_TURN_02842,9188
054576_SEG_TURN_00171,9189
054576_SEG_TURN_01191,9190
054576_SEG_PREV_CURR_02532,9191
054576_SEG_CURR_NEXT_02531,9192
054576_SEG_TURN_00396,9193
054576_SEG_TURN_01930,9194
054576_SEG_TURN_03247,9195
054576_SEG_TURN_02251,9196
054235_SEG_TURN_01861,9197
054576_SEG_TURN_01220,9198
054622_SEG_TURN_00311,9199
054576_SEG_TURN_00238,9200
054576_SEG_TURN_01173,9201
054576_SEG_TURN_00080,9202
054576_SEG_TURN_00078,9203
054576_SEG_TURN_00102,9204
054576_SEG_TURN_02368,9205
054576_SEG_TURN_00691,9206
054576_SEG_TURN_01169,9207
054576_SEG_TURN_00082,9208
054576_SEG_TURN_00125,9209
054576_SEG_TURN_00127,9210
054235_SEG_TURN_00230,9211
054269_SEG_TURN_00287,9212
054269_SEG_PREV_CURR_00288,9213
054269_SEG_CURR_NEXT_00287,9214
054269_SEG_CURR_NEXT_00286,9215
054269_SEG_PREV_CURR_00287,9216
054576_SEG_TURN_02837,9217
054576_SEG_CURR_NEXT_02837,9218
054576_SEG_PREV_CURR_02838,9219
054235_SEG_PREV_CURR_00231,9220
054235_SEG_CURR_NEXT_00230,9221
054576_SEG_CURR_NEXT_02836,9222
054576_SEG_PREV_CURR_02837,9223
054235_SEG_PREV_CURR_00230,9224
054235_SEG_CURR_NEXT_00229,9225
054235_SEG_TURN_00214,9226
054235_SEG_CURR_NEXT_00213,9227
054235_SEG_PREV_CURR_00214,9228
054235_SEG_CURR_NEXT_00214,9229
054235_SEG_PREV_CURR_00215,9230
054576_SEG_TURN_02827,9231
054269_SEG_TURN_00277,9232
054269_SEG_CURR_NEXT_00277,9233
054269_SEG_PREV_CURR_00278,9234
054269_SEG_PREV_CURR_00277,9235
054269_SEG_CURR_NEXT_00276,9236
054435_SEG_CURR_NEXT_00456,9237
054435_SEG_PREV_CURR_00457,9238
054435_SEG_CURR_NEXT_00457,9239
054435_SEG_PREV_CURR_00458,9240
054576_SEG_PREV_CURR_02827,9241
054576_SEG_CURR_NEXT_02826,9242
054435_SEG_TURN_00455,9243
054435_SEG_CURR_NEXT_00454,9244
054435_SEG_PREV_CURR_00455,9245
054435_SEG_CURR_NEXT_00455,9246
054435_SEG_PREV_CURR_00456,9247
054576_SEG_TURN_03117,9248
054435_SEG_TURN_00479,9249
054435_SEG_TURN_00267,9250
054576_SEG_CURR_NEXT_02827,9251
054576_SEG_PREV_CURR_02828,9252
054435_SEG_CURR_NEXT_00479,9253
054435_SEG_PREV_CURR_00480,9254
054435_SEG_CURR_NEXT_00478,9255
054435_SEG_PREV_CURR_00479,9256
054435_SEG_PREV_CURR_00267,9257
054435_SEG_CURR_NEXT_00266,9258
054576_SEG_PREV_CURR_03118,9259
054235_SEG_TURN_00320,9260
054235_SEG_CURR_NEXT_00320,9261
054235_SEG_PREV_CURR_00321,9262
054345_SEG_TURN_01155,9263
054622_SEG_TURN_00163,9264
054435_SEG_TURN_01200,9265
054235_SEG_CURR_NEXT_00319,9266
054235_SEG_PREV_CURR_00320,9267
054435_SEG_TURN_01862,9268
054435_SEG_PREV_CURR_01200,9269
054435_SEG_CURR_NEXT_01199,9270
054435_SEG_PREV_CURR_01201,9271
054435_SEG_CURR_NEXT_01200,9272
054622_SEG_PREV_CURR_00163,9273
054622_SEG_CURR_NEXT_00162,9274
054435_SEG_CURR_NEXT_01861,9275
054435_SEG_PREV_CURR_01862,9276
054435_SEG_CURR_NEXT_01862,9277
054435_SEG_PREV_CURR_01863,9278
054345_SEG_PREV_CURR_01155,9279
054345_SEG_CURR_NEXT_01154,9280
054622_SEG_CURR_NEXT_00163,9281
054622_SEG_PREV_CURR_00164,9282
054345_SEG_PREV_CURR_01156,9283
054345_SEG_CURR_NEXT_01155,9284
054345_SEG_TURN_00328,9285
054345_SEG_TURN_01157,9286
054345_SEG_TURN_01234,9287
054345_SEG_TURN_02024,9288
054345_SEG_TURN_02060,9289
054345_SEG_TURN_00324,9290
054345_SEG_TURN_02034,9291
054345_SEG_TURN_02038,9292
054345_SEG_TURN_02040,9293
054345_SEG_TURN_00628,9294
054345_SEG_TURN_02030,9295
054345_SEG_TURN_02042,9296
054345_SEG_TURN_02052,9297
054345_SEG_TURN_00670,9298
054345_SEG_TURN_02050,9299
054345_SEG_TURN_02064,9300
054345_SEG_TURN_00634,9301
054345_SEG_TURN_02044,9302
054345_SEG_TURN_00630,9303
054345_SEG_PREV_CURR_01157,9304
054345_SEG_CURR_NEXT_01156,9305
054345_SEG_TURN_00316,9306
054345_SEG_TURN_02026,9307
054345_SEG_TURN_00644,9308
054345_SEG_TURN_02032,9309
054519_SEG_TURN_01281,9310
054519_SEG_TURN_01285,9311
054519_SEG_PREV_CURR_01285,9312
054519_SEG_CURR_NEXT_01284,9313
054519_SEG_CURR_NEXT_01280,9314
054519_SEG_PREV_CURR_01281,9315
054519_SEG_PREV_CURR_01286,9316
054519_SEG_CURR_NEXT_01285,9317
054519_SEG_CURR_NEXT_01281,9318
054519_SEG_PREV_CURR_01282,9319
054519_SEG_TURN_01288,9320
054519_SEG_PREV_CURR_01288,9321
054519_SEG_CURR_NEXT_01287,9322
054519_SEG_TURN_01295,9323
054519_SEG_PREV_CURR_01295,9324
054519_SEG_CURR_NEXT_01294,9325
054519_SEG_PREV_CURR_01289,9326
054519_SEG_CURR_NEXT_01288,9327
054519_SEG_CURR_NEXT_01295,9328
054519_SEG_PREV_CURR_01296,9329
054235_SEG_TURN_01239,9330
054519_SEG_TURN_01273,9331
054519_SEG_CURR_NEXT_01272,9332
054519_SEG_PREV_CURR_01273,9333
054235_SEG_PREV_CURR_01239,9334
054235_SEG_CURR_NEXT_01238,9335
054519_SEG_PREV_CURR_01274,9336
054519_SEG_CURR_NEXT_01273,9337
054235_SEG_PREV_CURR_01240,9338
054235_SEG_CURR_NEXT_01239,9339
054519_SEG_TURN_01294,9340
054519_SEG_TURN_01279,9341
054519_SEG_PREV_CURR_01294,9342
054519_SEG_CURR_NEXT_01293,9343
054519_SEG_CURR_NEXT_01279,9344
054519_SEG_PREV_CURR_01280,9345
054519_SEG_CURR_NEXT_01278,9346
054519_SEG_PREV_CURR_01279,9347
054519_SEG_TURN_00005,9348
054435_SEG_TURN_00526,9349
054519_SEG_PREV_CURR_00005,9350
054519_SEG_CURR_NEXT_00004,9351
054435_SEG_CURR_NEXT_00526,9352
054435_SEG_PREV_CURR_00527,9353
054519_SEG_PREV_CURR_00006,9354
054519_SEG_CURR_NEXT_00005,9355
054435_SEG_CURR_NEXT_00525,9356
054435_SEG_PREV_CURR_00526,9357
054519_SEG_TURN_00929,9358
054235_SEG_TURN_01313,9359
054269_SEG_TURN_01529,9360
054519_SEG_TURN_01112,9361
054519_SEG_CURR_NEXT_01112,9362
054519_SEG_PREV_CURR_01113,9363
054519_SEG_PREV_CURR_01112,9364
054519_SEG_CURR_NEXT_01111,9365
054269_SEG_CURR_NEXT_01529,9366
054269_SEG_PREV_CURR_01530,9367
054269_SEG_PREV_CURR_01529,9368
054269_SEG_CURR_NEXT_01528,9369
054622_SEG_TURN_02213,9370
054622_SEG_TURN_00190,9371
054519_SEG_CURR_NEXT_01110,9372
054519_SEG_PREV_CURR_01111,9373
054622_SEG_CURR_NEXT_02212,9374
054622_SEG_PREV_CURR_02213,9375
054345_SEG_TURN_01576,9376
054576_SEG_TURN_00701,9377
054519_SEG_TURN_00438,9378
054519_SEG_TURN_01110,9379
054519_SEG_PREV_CURR_01110,9380
054519_SEG_CURR_NEXT_01109,9381
054269_SEG_TURN_01633,9382
054622_SEG_CURR_NEXT_02213,9383
054622_SEG_PREV_CURR_02214,9384
054345_SEG_CURR_NEXT_01917,9385
054345_SEG_PREV_CURR_01918,9386
054519_SEG_CURR_NEXT_00437,9387
054519_SEG_PREV_CURR_00438,9388
054622_SEG_TURN_02225,9389
054269_SEG_TURN_00005,9390
054269_SEG_CURR_NEXT_00005,9391
054269_SEG_PREV_CURR_00006,9392
054345_SEG_CURR_NEXT_01575,9393
054345_SEG_PREV_CURR_01576,9394
054269_SEG_TURN_00657,9395
054622_SEG_TURN_00411,9396
054576_SEG_CURR_NEXT_00701,9397
054576_SEG_PREV_CURR_00702,9398
054269_SEG_PREV_CURR_00005,9399
054269_SEG_CURR_NEXT_00004,9400
054519_SEG_CURR_NEXT_00514,9401
054519_SEG_PREV_CURR_00515,9402
054519_SEG_TURN_00501,9403
054519_SEG_TURN_00514,9404
054519_SEG_CURR_NEXT_00500,9405
054519_SEG_PREV_CURR_00501,9406
054519_SEG_PREV_CURR_00514,9407
054519_SEG_CURR_NEXT_00513,9408
054519_SEG_CURR_NEXT_00501,9409
054519_SEG_PREV_CURR_00502,9410
054519_SEG_TURN_00515,9411
054519_SEG_PREV_CURR_00516,9412
054519_SEG_CURR_NEXT_00515,9413
054519_SEG_TURN_00505,9414
054269_SEG_TURN_01430,9415
054519_SEG_PREV_CURR_00506,9416
054519_SEG_CURR_NEXT_00505,9417
054269_SEG_CURR_NEXT_01430,9418
054269_SEG_PREV_CURR_01431,9419
054519_SEG_PREV_CURR_00505,9420
054519_SEG_CURR_NEXT_00504,9421
054269_SEG_CURR_NEXT_01429,9422
054269_SEG_PREV_CURR_01430,9423
054519_SEG_TURN_00509,9424
054519_SEG_PREV_CURR_00509,9425
054519_SEG_CURR_NEXT_00508,9426
054519_SEG_TURN_00502,9427
054519_SEG_CURR_NEXT_00509,9428
054519_SEG_PREV_CURR_00510,9429
054519_SEG_TURN_00519,9430
054519_SEG_CURR_NEXT_00502,9431
054519_SEG_PREV_CURR_00503,9432
054519_SEG_PREV_CURR_00519,9433
054519_SEG_CURR_NEXT_00518,9434
054519_SEG_CURR_NEXT_00519,9435
054519_SEG_PREV_CURR_00520,9436
054519_SEG_TURN_00525,9437
054519_SEG_CURR_NEXT_00525,9438
054519_SEG_PREV_CURR_00526,9439
054519_SEG_CURR_NEXT_00524,9440
054519_SEG_PREV_CURR_00525,9441
054622_SEG_TURN_00575,9442
054622_SEG_TURN_01721,9443
054622_SEG_CURR_NEXT_00574,9444
054622_SEG_PREV_CURR_00575,9445
054622_SEG_CURR_NEXT_00575,9446
054622_SEG_PREV_CURR_00576,9447
054622_SEG_CURR_NEXT_01721,9448
054622_SEG_PREV_CURR_01722,9449
054622_SEG_PREV_CURR_01721,9450
054622_SEG_TURN_02830,9451
054622_SEG_CURR_NEXT_02830,9452
054622_SEG_PREV_CURR_02831,9453
054622_SEG_CURR_NEXT_02829,9454
054622_SEG_PREV_CURR_02830,9455
054269_SEG_TURN_01135,9456
054269_SEG_PREV_CURR_01135,9457
054269_SEG_CURR_NEXT_01134,9458
054269_SEG_PREV_CURR_01136,9459
054269_SEG_CURR_NEXT_01135,9460
054519_SEG_TURN_01105,9461
054435_SEG_TURN_00686,9462
054235_SEG_TURN_01816,9463
054519_SEG_TURN_00391,9464
054435_SEG_TURN_01160,9465
054235_SEG_PREV_CURR_01816,9466
054235_SEG_CURR_NEXT_01815,9467
054435_SEG_CURR_NEXT_01159,9468
054435_SEG_PREV_CURR_01160,9469
054519_SEG_PREV_CURR_00392,9470
054519_SEG_CURR_NEXT_00391,9471
054519_SEG_PREV_CURR_00391,9472
054519_SEG_CURR_NEXT_00390,9473
054435_SEG_PREV_CURR_00687,9474
054435_SEG_CURR_NEXT_00686,9475
054435_SEG_PREV_CURR_01161,9476
054435_SEG_CURR_NEXT_01160,9477
054519_SEG_CURR_NEXT_01104,9478
054519_SEG_PREV_CURR_01105,9479
054622_SEG_TURN_02733,9480
054235_SEG_CURR_NEXT_01816,9481
054235_SEG_PREV_CURR_01817,9482
054622_SEG_CURR_NEXT_02732,9483
054622_SEG_PREV_CURR_02733,9484
054435_SEG_CURR_NEXT_00685,9485
054435_SEG_PREV_CURR_00686,9486
054622_SEG_PREV_CURR_02734,9487
054622_SEG_CURR_NEXT_02733,9488
054435_SEG_TURN_01337,9489
054345_SEG_TURN_00299,9490
054435_SEG_CURR_NEXT_01346,9491
054435_SEG_PREV_CURR_01347,9492
054576_SEG_TURN_02221,9493
054435_SEG_TURN_01346,9494
054576_SEG_CURR_NEXT_02221,9495
054576_SEG_PREV_CURR_02222,9496
054576_SEG_CURR_NEXT_02220,9497
054576_SEG_PREV_CURR_02221,9498
054519_SEG_PREV_CURR_01106,9499
054519_SEG_TURN_00934,9500
054519_SEG_CURR_NEXT_00934,9501
054519_SEG_PREV_CURR_00935,9502
054519_SEG_TURN_00932,9503
054345_SEG_TURN_01924,9504
054519_SEG_CURR_NEXT_00933,9505
054519_SEG_PREV_CURR_00934,9506
054519_SEG_TURN_00279,9507
054519_SEG_CURR_NEXT_00931,9508
054519_SEG_PREV_CURR_00932,9509
054345_SEG_PREV_CURR_01924,9510
054345_SEG_CURR_NEXT_01923,9511
054519_SEG_CURR_NEXT_00932,9512
054519_SEG_PREV_CURR_00933,9513
054622_SEG_TURN_01091,9514
054345_SEG_CURR_NEXT_02536,9515
054345_SEG_PREV_CURR_02537,9516
054622_SEG_TURN_01767,9517
054622_SEG_PREV_CURR_01768,9518
054622_SEG_CURR_NEXT_01767,9519
054622_SEG_PREV_CURR_01767,9520
054622_SEG_CURR_NEXT_01766,9521
054345_SEG_TURN_01480,9522
054519_SEG_TURN_00445,9523
054519_SEG_PREV_CURR_00445,9524
054519_SEG_CURR_NEXT_00444,9525
054519_SEG_CURR_NEXT_00445,9526
054519_SEG_PREV_CURR_00446,9527
054345_SEG_TURN_01468,9528
054345_SEG_CURR_NEXT_01468,9529
054345_SEG_PREV_CURR_01469,9530
054345_SEG_PREV_CURR_01468,9531
054345_SEG_CURR_NEXT_01467,9532
054519_SEG_TURN_00453,9533
054345_SEG_TURN_01460,9534
054519_SEG_CURR_NEXT_00461,9535
054519_SEG_PREV_CURR_00462,9536
054519_SEG_PREV_CURR_00461,9537
054519_SEG_CURR_NEXT_00460,9538
054519_SEG_TURN_00461,9539
054345_SEG_CURR_NEXT_01460,9540
054345_SEG_PREV_CURR_01461,9541
054235_SEG_TURN_01388,9542
054345_SEG_CURR_NEXT_01480,9543
054345_SEG_PREV_CURR_01481,9544
054622_SEG_TURN_01769,9545
054235_SEG_TURN_00862,9546
054235_SEG_TURN_00479,9547
054519_SEG_TURN_00443,9548
054235_SEG_PREV_CURR_00479,9549
054235_SEG_CURR_NEXT_00478,9550
054519_SEG_PREV_CURR_00444,9551
054519_SEG_CURR_NEXT_00443,9552
054345_SEG_CURR_NEXT_01459,9553
054345_SEG_PREV_CURR_01460,9554
054235_SEG_CURR_NEXT_00861,9555
054235_SEG_PREV_CURR_00862,9556
054235_SEG_PREV_CURR_00480,9557
054235_SEG_CURR_NEXT_00479,9558
054519_SEG_CURR_NEXT_01330,9559
054519_SEG_PREV_CURR_01331,9560
054622_SEG_TURN_00499,9561
054519_SEG_TURN_01331,9562
054519_SEG_PREV_CURR_00453,9563
054519_SEG_CURR_NEXT_00452,9564
054519_SEG_PREV_CURR_01332,9565
054519_SEG_CURR_NEXT_01331,9566
054519_SEG_TURN_01322,9567
054519_SEG_CURR_NEXT_00466,9568
054519_SEG_PREV_CURR_00467,9569
054519_SEG_CURR_NEXT_00467,9570
054519_SEG_PREV_CURR_00468,9571
054519_SEG_TURN_01326,9572
054519_SEG_TURN_00682,9573
054519_SEG_TURN_01316,9574
054519_SEG_TURN_00456,9575
054519_SEG_TURN_01328,9576
054519_SEG_TURN_00467,9577
054519_SEG_TURN_00470,9578
054519_SEG_TURN_00688,9579
054519_SEG_TURN_00537,9580
054519_SEG_TURN_00450,9581
054519_SEG_TURN_01595,9582
054519_SEG_TURN_00462,9583
054519_SEG_TURN_00535,9584
054519_SEG_TURN_00533,9585
054519_SEG_TURN_00680,9586
054519_SEG_TURN_00452,9587
054519_SEG_TURN_00444,9588
054519_SEG_TURN_01310,9589
054519_SEG_TURN_00454,9590
054519_SEG_TURN_00464,9591
054519_SEG_TURN_01306,9592
054519_SEG_PREV_CURR_00534,9593
054519_SEG_CURR_NEXT_00533,9594
054519_SEG_TURN_01330,9595
054519_SEG_CURR_NEXT_00534,9596
054519_SEG_PREV_CURR_00535,9597
054519_SEG_TURN_01308,9598
054519_SEG_PREV_CURR_00456,9599
054519_SEG_CURR_NEXT_00455,9600
054519_SEG_TURN_01320,9601
054519_SEG_PREV_CURR_00455,9602
054519_SEG_CURR_NEXT_00454,9603
054519_SEG_PREV_CURR_01326,9604
054519_SEG_CURR_NEXT_01325,9605
054519_SEG_TURN_00458,9606
054519_SEG_CURR_NEXT_00451,9607
054519_SEG_PREV_CURR_00452,9608
054519_SEG_CURR_NEXT_00450,9609
054519_SEG_PREV_CURR_00451,9610
054519_SEG_CURR_NEXT_00688,9611
054519_SEG_PREV_CURR_00689,9612
054519_SEG_PREV_CURR_01327,9613
054519_SEG_CURR_NEXT_01326,9614
054519_SEG_PREV_CURR_01329,9615
054519_SEG_CURR_NEXT_01328,9616
054622_SEG_TURN_00216,9617
054622_SEG_PREV_CURR_00216,9618
054622_SEG_CURR_NEXT_00215,9619
054519_SEG_PREV_CURR_00989,9620
054519_SEG_CURR_NEXT_00988,9621
054622_SEG_PREV_CURR_00217,9622
054622_SEG_CURR_NEXT_00216,9623
054519_SEG_CURR_NEXT_01092,9624
054519_SEG_CURR_NEXT_01093,9625
054345_SEG_TURN_00619,9626
054345_SEG_PREV_CURR_00619,9627
054345_SEG_CURR_NEXT_00618,9628
054345_SEG_PREV_CURR_00620,9629
054345_SEG_CURR_NEXT_00619,9630
054622_SEG_TURN_00530,9631
054622_SEG_TURN_02173,9632
054345_SEG_TURN_00119,9633
054345_SEG_TURN_02311,9634
054345_SEG_TURN_02499,9635
054345_SEG_TURN_00602,9636
054345_SEG_TURN_00596,9637
054345_SEG_TURN_00464,9638
054345_SEG_TURN_02317,9639
054345_SEG_TURN_02573,9640
054345_SEG_TURN_02519,9641
054622_SEG_TURN_00570,9642
054345_SEG_TURN_00109,9643
054345_SEG_TURN_00594,9644
054622_SEG_TURN_00582,9645
054345_SEG_TURN_00791,9646
054345_SEG_TURN_02230,9647
054345_SEG_TURN_02419,9648
054345_SEG_TURN_02226,9649
054345_SEG_TURN_00470,9650
054345_SEG_TURN_02569,9651
054345_SEG_TURN_00107,9652
054622_SEG_TURN_00564,9653
054345_SEG_TURN_02236,9654
054622_SEG_TURN_00532,9655
054345_SEG_TURN_00115,9656
054345_SEG_TURN_00689,9657
054345_SEG_TURN_00701,9658
054622_SEG_TURN_02181,9659
054345_SEG_TURN_00614,9660
054345_SEG_TURN_02505,9661
054345_SEG_TURN_00605,9662
054345_SEG_TURN_02535,9663
054345_SEG_TURN_00707,9664
054345_SEG_TURN_00554,9665
054345_SEG_TURN_00001,9666
054345_SEG_TURN_00536,9667
054345_SEG_CURR_NEXT_02229,9668
054345_SEG_PREV_CURR_02230,9669
054345_SEG_TURN_02350,9670
054345_SEG_TURN_00566,9671
054345_SEG_TURN_00117,9672
054345_SEG_TURN_00113,9673
054345_SEG_TURN_00460,9674
054435_SEG_TURN_01432,9675
054435_SEG_PREV_CURR_01433,9676
054435_SEG_CURR_NEXT_01432,9677
054435_SEG_CURR_NEXT_01431,9678
054435_SEG_PREV_CURR_01432,9679
054576_SEG_PREV_CURR_03045,9680
054576_SEG_CURR_NEXT_03044,9681
054269_SEG_TURN_01881,9682
054345_SEG_PREV_CURR_02582,9683
054345_SEG_CURR_NEXT_02581,9684
054345_SEG_CURR_NEXT_02582,9685
054345_SEG_PREV_CURR_02583,9686
054576_SEG_TURN_03044,9687
054269_SEG_CURR_NEXT_01880,9688
054269_SEG_PREV_CURR_01881,9689
054345_SEG_TURN_02582,9690
054435_SEG_PREV_CURR_01632,9691
054435_SEG_CURR_NEXT_01631,9692
054435_SEG_CURR_NEXT_01630,9693
054435_SEG_PREV_CURR_01631,9694
054435_SEG_TURN_01632,9695
054435_SEG_TURN_01882,9696
054435_SEG_CURR_NEXT_01632,9697
054435_SEG_PREV_CURR_01633,9698
054435_SEG_PREV_CURR_01615,9699
054435_SEG_CURR_NEXT_01614,9700
054435_SEG_PREV_CURR_01616,9701
054435_SEG_CURR_NEXT_01615,9702
054435_SEG_TURN_01610,9703
054435_SEG_TURN_01614,9704
054435_SEG_TURN_01620,9705
054435_SEG_TURN_01884,9706
054435_SEG_TURN_01636,9707
054435_SEG_TURN_01616,9708
054435_SEG_TURN_01604,9709
054435_SEG_TURN_01618,9710
054435_SEG_TURN_01626,9711
054435_SEG_TURN_01606,9712
054435_SEG_CURR_NEXT_01606,9713
054435_SEG_PREV_CURR_01607,9714
054435_SEG_TURN_01615,9715
054435_SEG_TURN_01631,9716
054435_SEG_TURN_01634,9717
054435_SEG_PREV_CURR_01617,9718
054435_SEG_CURR_NEXT_01616,9719
054435_SEG_CURR_NEXT_01617,9720
054435_SEG_PREV_CURR_01618,9721
054435_SEG_PREV_CURR_01636,9722
054435_SEG_CURR_NEXT_01635,9723
054435_SEG_CURR_NEXT_01607,9724
054435_SEG_PREV_CURR_01608,9725
054435_SEG_CURR_NEXT_01633,9726
054435_SEG_PREV_CURR_01634,9727
054435_SEG_CURR_NEXT_01624,9728
054435_SEG_PREV_CURR_01625,9729
054435_SEG_PREV_CURR_01635,9730
054435_SEG_CURR_NEXT_01634,9731
054435_SEG_TURN_01624,9732
054345_SEG_TURN_00320,9733
054345_SEG_PREV_CURR_00321,9734
054345_SEG_CURR_NEXT_00320,9735
054345_SEG_TURN_01202,9736
054345_SEG_TURN_00374,9737
054345_SEG_TURN_00364,9738
054345_SEG_TURN_01233,9739
054345_SEG_PREV_CURR_01203,9740
054345_SEG_CURR_NEXT_01202,9741
054345_SEG_PREV_CURR_00375,9742
054345_SEG_CURR_NEXT_00374,9743
054345_SEG_TURN_02058,9744
054622_SEG_TURN_00001,9745
054519_SEG_TURN_00992,9746
054345_SEG_CURR_NEXT_00373,9747
054345_SEG_PREV_CURR_00374,9748
054345_SEG_CURR_NEXT_02058,9749
054345_SEG_PREV_CURR_02059,9750
054345_SEG_CURR_NEXT_01233,9751
054345_SEG_PREV_CURR_01234,9752
054345_SEG_PREV_CURR_00364,9753
054345_SEG_CURR_NEXT_00363,9754
054345_SEG_TURN_00340,9755
054345_SEG_PREV_CURR_00320,9756
054345_SEG_CURR_NEXT_00319,9757
054345_SEG_TURN_00315,9758
054345_SEG_CURR_NEXT_01232,9759
054345_SEG_PREV_CURR_01233,9760
054345_SEG_CURR_NEXT_00315,9761
054345_SEG_PREV_CURR_00316,9762
054345_SEG_TURN_01203,9763
054519_SEG_CURR_NEXT_00992,9764
054519_SEG_PREV_CURR_00993,9765
054345_SEG_TURN_00342,9766
054345_SEG_CURR_NEXT_00314,9767
054345_SEG_PREV_CURR_00315,9768
054235_SEG_TURN_00457,9769
054345_SEG_CURR_NEXT_00364,9770
054345_SEG_PREV_CURR_00365,9771
054345_SEG_CURR_NEXT_02057,9772
054345_SEG_PREV_CURR_02058,9773
054235_SEG_CURR_NEXT_00456,9774
054235_SEG_PREV_CURR_00457,9775
054269_SEG_CURR_NEXT_00657,9776
054269_SEG_PREV_CURR_00658,9777
054345_SEG_CURR_NEXT_01203,9778
054345_SEG_TURN_00005,9779
054345_SEG_CURR_NEXT_00005,9780
054345_SEG_PREV_CURR_00006,9781
054345_SEG_CURR_NEXT_00004,9782
054345_SEG_PREV_CURR_00005,9783
054519_SEG_TURN_00908,9784
054345_SEG_TURN_00515,9785
054519_SEG_TURN_00922,9786
054519_SEG_PREV_CURR_00908,9787
054519_SEG_CURR_NEXT_00907,9788
054519_SEG_CURR_NEXT_00921,9789
054519_SEG_PREV_CURR_00922,9790
054519_SEG_TURN_00912,9791
054519_SEG_CURR_NEXT_00908,9792
054519_SEG_PREV_CURR_00909,9793
054235_SEG_TURN_01236,9794
054519_SEG_PREV_CURR_00923,9795
054519_SEG_CURR_NEXT_00922,9796
054235_SEG_CURR_NEXT_01235,9797
054235_SEG_PREV_CURR_01236,9798
054519_SEG_CURR_NEXT_00911,9799
054519_SEG_PREV_CURR_00912,9800
054345_SEG_PREV_CURR_00516,9801
054345_SEG_CURR_NEXT_00515,9802
054235_SEG_PREV_CURR_01237,9803
054235_SEG_CURR_NEXT_01236,9804
054519_SEG_CURR_NEXT_00912,9805
054519_SEG_PREV_CURR_00913,9806
054519_SEG_TURN_00921,9807
054519_SEG_CURR_NEXT_00920,9808
054519_SEG_PREV_CURR_00921,9809
054622_SEG_PREV_CURR_01091,9810
054622_SEG_CURR_NEXT_01090,9811
054576_SEG_TURN_00347,9812
054622_SEG_CURR_NEXT_01091,9813
054622_SEG_PREV_CURR_01092,9814
054345_SEG_TURN_01990,9815
054576_SEG_CURR_NEXT_00346,9816
054576_SEG_PREV_CURR_00347,9817
054345_SEG_TURN_01538,9818
054576_SEG_CURR_NEXT_00347,9819
054576_SEG_PREV_CURR_00348,9820
054435_SEG_TURN_00073,9821
054622_SEG_TURN_03032,9822
054235_SEG_TURN_01520,9823
054269_SEG_TURN_01424,9824
054519_SEG_TURN_01581,9825
054235_SEG_TURN_00387,9826
054435_SEG_TURN_00727,9827
054269_SEG_TURN_01426,9828
054576_SEG_TURN_00077,9829
054519_SEG_TURN_00218,9830
054435_SEG_PREV_CURR_00728,9831
054435_SEG_CURR_NEXT_00727,9832
054519_SEG_CURR_NEXT_01581,9833
054519_SEG_PREV_CURR_01582,9834
054269_SEG_CURR_NEXT_01425,9835
054269_SEG_PREV_CURR_01426,9836
054235_SEG_TURN_01570,9837
054576_SEG_CURR_NEXT_00077,9838
054576_SEG_PREV_CURR_00078,9839
054269_SEG_CURR_NEXT_01426,9840
054269_SEG_PREV_CURR_01427,9841
054576_SEG_TURN_00468,9842
054519_SEG_PREV_CURR_01581,9843
054519_SEG_CURR_NEXT_01580,9844
054435_SEG_CURR_NEXT_00726,9845
054435_SEG_PREV_CURR_00727,9846
054269_SEG_CURR_NEXT_01424,9847
054269_SEG_PREV_CURR_01425,9848
054235_SEG_TURN_01546,9849
054519_SEG_PREV_CURR_00219,9850
054519_SEG_CURR_NEXT_00218,9851
054576_SEG_TURN_00352,9852
054576_SEG_PREV_CURR_00077,9853
054576_SEG_CURR_NEXT_00076,9854
054269_SEG_PREV_CURR_01424,9855
054269_SEG_CURR_NEXT_01423,9856
054576_SEG_PREV_CURR_00468,9857
054576_SEG_CURR_NEXT_00467,9858
054519_SEG_TURN_00964,9859
054576_SEG_PREV_CURR_00469,9860
054576_SEG_CURR_NEXT_00468,9861
054235_SEG_CURR_NEXT_01545,9862
054235_SEG_PREV_CURR_01546,9863
054235_SEG_CURR_NEXT_01519,9864
054235_SEG_PREV_CURR_01520,9865
054235_SEG_CURR_NEXT_01569,9866
054235_SEG_PREV_CURR_01570,9867
054235_SEG_PREV_CURR_01571,9868
054235_SEG_CURR_NEXT_01570,9869
054519_SEG_PREV_CURR_00481,9870
054519_SEG_CURR_NEXT_00480,9871
054519_SEG_PREV_CURR_00218,9872
054235_SEG_TURN_01576,9873
054235_SEG_CURR_NEXT_01576,9874
054235_SEG_PREV_CURR_01577,9875
054235_SEG_CURR_NEXT_01575,9876
054235_SEG_PREV_CURR_01576,9877
054235_SEG_TURN_00763,9878
054235_SEG_TURN_01240,9879
054519_SEG_TURN_00001,9880
054519_SEG_CURR_NEXT_01164,9881
054519_SEG_PREV_CURR_01165,9882
054519_SEG_TURN_01588,9883
054519_SEG_TURN_01164,9884
054435_SEG_TURN_01805,9885
054519_SEG_CURR_NEXT_00001,9886
054519_SEG_PREV_CURR_00002,9887
054519_SEG_TURN_01165,9888
054235_SEG_CURR_NEXT_00762,9889
054235_SEG_PREV_CURR_01241,9890
054235_SEG_CURR_NEXT_01240,9891
054519_SEG_TURN_01516,9892
054519_SEG_CURR_NEXT_01588,9893
054519_SEG_PREV_CURR_01589,9894
054519_SEG_PREV_CURR_01516,9895
054519_SEG_CURR_NEXT_01515,9896
054435_SEG_CURR_NEXT_01805,9897
054435_SEG_PREV_CURR_01806,9898
054435_SEG_TURN_00588,9899
054435_SEG_PREV_CURR_01805,9900
054435_SEG_CURR_NEXT_01804,9901
054519_SEG_TURN_01519,9902
054235_SEG_TURN_00546,9903
054519_SEG_TURN_00002,9904
054345_SEG_TURN_00020,9905
054235_SEG_TURN_00610,9906
054519_SEG_CURR_NEXT_00002,9907
054519_SEG_PREV_CURR_00003,9908
054519_SEG_TURN_01168,9909
054519_SEG_CURR_NEXT_01168,9910
054519_SEG_PREV_CURR_01169,9911
054519_SEG_TURN_01154,9912
054519_SEG_TURN_01152,9913
054519_SEG_TURN_01156,9914
054519_SEG_TURN_01169,9915
054519_SEG_TURN_01116,9916
054519_SEG_TURN_01134,9917
054519_SEG_TURN_01124,9918
054519_SEG_TURN_01138,9919
054519_SEG_TURN_01128,9920
054519_SEG_TURN_01184,9921
054519_SEG_TURN_01130,9922
054519_SEG_CURR_NEXT_01134,9923
054519_SEG_PREV_CURR_01135,9924
054519_SEG_TURN_01132,9925
054519_SEG_PREV_CURR_01168,9926
054519_SEG_CURR_NEXT_01167,9927
054519_SEG_CURR_NEXT_01116,9928
054519_SEG_PREV_CURR_01117,9929
054519_SEG_TURN_01122,9930
054519_SEG_CURR_NEXT_01154,9931
054519_SEG_PREV_CURR_01155,9932
054519_SEG_PREV_CURR_01156,9933
054519_SEG_CURR_NEXT_01155,9934
054519_SEG_CURR_NEXT_01133,9935
054519_SEG_PREV_CURR_01134,9936
054519_SEG_PREV_CURR_01133,9937
054519_SEG_CURR_NEXT_01132,9938
054519_SEG_TURN_01118,9939
054519_SEG_PREV_CURR_01170,9940
054519_SEG_CURR_NEXT_01169,9941
054519_SEG_TURN_01142,9942
054519_SEG_CURR_NEXT_01137,9943
054519_SEG_PREV_CURR_01138,9944
054519_SEG_PREV_CURR_01131,9945
054519_SEG_CURR_NEXT_01130,9946
054519_SEG_CURR_NEXT_01184,9947
054519_SEG_PREV_CURR_01185,9948
054519_SEG_PREV_CURR_01132,9949
054519_SEG_CURR_NEXT_01131,9950
054519_SEG_CURR_NEXT_01115,9951
054519_SEG_PREV_CURR_01116,9952
054519_SEG_TURN_01120,9953
054519_SEG_PREV_CURR_01122,9954
054519_SEG_CURR_NEXT_01121,9955
054519_SEG_PREV_CURR_01118,9956
054519_SEG_CURR_NEXT_01117,9957
054519_SEG_CURR_NEXT_01128,9958
054435_SEG_TURN_01864,9959
054435_SEG_CURR_NEXT_01864,9960
054435_SEG_PREV_CURR_01865,9961
054435_SEG_CURR_NEXT_01863,9962
054435_SEG_PREV_CURR_01864,9963
054435_SEG_TURN_01874,9964
054435_SEG_PREV_CURR_01871,9965
054435_SEG_CURR_NEXT_01870,9966
054435_SEG_TURN_01870,9967
054435_SEG_TURN_00936,9968
054435_SEG_PREV_CURR_01870,9969
054435_SEG_CURR_NEXT_01869,9970
054435_SEG_CURR_NEXT_00928,9971
054435_SEG_PREV_CURR_00929,9972
054435_SEG_TURN_00928,9973
054435_SEG_TURN_00917,9974
054519_SEG_TURN_01089,9975
054435_SEG_TURN_00932,9976
054435_SEG_CURR_NEXT_00917,9977
054435_SEG_PREV_CURR_00918,9978
054435_SEG_TURN_00926,9979
054435_SEG_CURR_NEXT_01874,9980
054435_SEG_PREV_CURR_01875,9981
054435_SEG_TURN_01871,9982
054435_SEG_CURR_NEXT_01865,9983
054435_SEG_PREV_CURR_01866,9984
054435_SEG_PREV_CURR_00917,9985
054435_SEG_CURR_NEXT_00916,9986
054435_SEG_CURR_NEXT_00931,9987
054435_SEG_PREV_CURR_00932,9988
054435_SEG_TURN_01866,9989
054435_SEG_PREV_CURR_01874,9990
054435_SEG_CURR_NEXT_01873,9991
054435_SEG_PREV_CURR_00937,9992
054435_SEG_CURR_NEXT_00936,9993
054435_SEG_PREV_CURR_01872,9994
054435_SEG_CURR_NEXT_01871,9995
054435_SEG_PREV_CURR_00936,9996
054435_SEG_CURR_NEXT_00935,9997
054435_SEG_PREV_CURR_01867,9998
054435_SEG_TURN_01399,9999
054435_SEG_CURR_NEXT_01399,10000
054435_SEG_PREV_CURR_01400,10001
054435_SEG_PREV_CURR_01399,10002
054435_SEG_CURR_NEXT_01398,10003
054519_SEG_TURN_01071,10004
054519_SEG_CURR_NEXT_01070,10005
054519_SEG_PREV_CURR_01071,10006
054519_SEG_CURR_NEXT_01071,10007
054519_SEG_PREV_CURR_01072,10008
054345_SEG_TURN_02006,10009
054519_SEG_TURN_01057,10010
054576_SEG_TURN_01378,10011
054345_SEG_TURN_00750,10012
054576_SEG_TURN_01372,10013
054519_SEG_PREV_CURR_01058,10014
054519_SEG_CURR_NEXT_01057,10015
054345_SEG_PREV_CURR_00750,10016
054345_SEG_CURR_NEXT_00749,10017
054345_SEG_PREV_CURR_00751,10018
054345_SEG_CURR_NEXT_00750,10019
054519_SEG_TURN_01501,10020
054519_SEG_CURR_NEXT_01056,10021
054519_SEG_PREV_CURR_01057,10022
054576_SEG_CURR_NEXT_01371,10023
054576_SEG_PREV_CURR_01372,10024
054576_SEG_TURN_01416,10025
054576_SEG_CURR_NEXT_01378,10026
054576_SEG_PREV_CURR_01379,10027
054576_SEG_TURN_01477,10028
054576_SEG_PREV_CURR_01373,10029
054576_SEG_CURR_NEXT_01372,10030
054576_SEG_TURN_01289,10031
054576_SEG_CURR_NEXT_01476,10032
054576_SEG_PREV_CURR_01477,10033
054576_SEG_PREV_CURR_01478,10034
054576_SEG_CURR_NEXT_01477,10035
054576_SEG_PREV_CURR_01378,10036
054576_SEG_CURR_NEXT_01377,10037
054576_SEG_TURN_01607,10038
054345_SEG_TURN_00325,10039
054576_SEG_CURR_NEXT_01289,10040
054576_SEG_PREV_CURR_01290,10041
054345_SEG_CURR_NEXT_00324,10042
054345_SEG_PREV_CURR_00325,10043
054576_SEG_TURN_02983,10044
054576_SEG_TURN_02975,10045
054576_SEG_PREV_CURR_02984,10046
054576_SEG_CURR_NEXT_02983,10047
054576_SEG_PREV_CURR_02983,10048
054576_SEG_CURR_NEXT_02982,10049
054269_SEG_TURN_01505,10050
054576_SEG_PREV_CURR_01607,10051
054576_SEG_CURR_NEXT_01606,10052
054519_SEG_PREV_CURR_01318,10053
054519_SEG_CURR_NEXT_01317,10054
054519_SEG_TURN_01317,10055
054576_SEG_TURN_02991,10056
054519_SEG_PREV_CURR_01317,10057
054519_SEG_CURR_NEXT_01316,10058
054576_SEG_PREV_CURR_01608,10059
054576_SEG_CURR_NEXT_01607,10060
054576_SEG_PREV_CURR_02975,10061
054576_SEG_CURR_NEXT_02974,10062
054269_SEG_PREV_CURR_01419,10063
054269_SEG_CURR_NEXT_01418,10064
054345_SEG_CURR_NEXT_00325,10065
054345_SEG_PREV_CURR_00326,10066
054235_SEG_TURN_01291,10067
054235_SEG_CURR_NEXT_01291,10068
054235_SEG_PREV_CURR_01292,10069
054519_SEG_TURN_01061,10070
054576_SEG_PREV_CURR_01416,10071
054576_SEG_CURR_NEXT_01415,10072
054345_SEG_TURN_01231,10073
054235_SEG_CURR_NEXT_01290,10074
054235_SEG_PREV_CURR_01291,10075
054345_SEG_PREV_CURR_01231,10076
054345_SEG_CURR_NEXT_01230,10077
054345_SEG_PREV_CURR_01232,10078
054345_SEG_CURR_NEXT_01231,10079
054576_SEG_PREV_CURR_01417,10080
054576_SEG_CURR_NEXT_01416,10081
054345_SEG_TURN_00118,10082
054345_SEG_CURR_NEXT_00118,10083
054345_SEG_PREV_CURR_00119,10084
054345_SEG_PREV_CURR_00118,10085
054345_SEG_CURR_NEXT_00117,10086
054435_SEG_TURN_00259,10087
054435_SEG_TURN_01562,10088
054435_SEG_CURR_NEXT_01561,10089
054435_SEG_PREV_CURR_01562,10090
054435_SEG_PREV_CURR_01563,10091
054435_SEG_CURR_NEXT_01562,10092
054345_SEG_TURN_00182,10093
054435_SEG_TURN_01741,10094
054435_SEG_TURN_00139,10095
054435_SEG_CURR_NEXT_00145,10096
054435_SEG_PREV_CURR_00146,10097
054435_SEG_TURN_00146,10098
054576_SEG_TURN_02607,10099
054435_SEG_PREV_CURR_01742,10100
054435_SEG_CURR_NEXT_01741,10101
054435_SEG_PREV_CURR_00147,10102
054435_SEG_CURR_NEXT_00146,10103
054435_SEG_TURN_01128,10104
054435_SEG_TURN_00141,10105
054435_SEG_PREV_CURR_01741,10106
054435_SEG_CURR_NEXT_01740,10107
054345_SEG_CURR_NEXT_00182,10108
054345_SEG_PREV_CURR_00183,10109
054435_SEG_TURN_00151,10110
054345_SEG_PREV_CURR_00182,10111
054345_SEG_CURR_NEXT_00181,10112
054435_SEG_TURN_00155,10113
054435_SEG_PREV_CURR_01136,10114
054435_SEG_CURR_NEXT_01135,10115
054435_SEG_TURN_00145,10116
054435_SEG_PREV_CURR_00139,10117
054435_SEG_CURR_NEXT_00138,10118
054435_SEG_PREV_CURR_00140,10119
054435_SEG_CURR_NEXT_00139,10120
054435_SEG_CURR_NEXT_00154,10121
054435_SEG_PREV_CURR_00155,10122
054435_SEG_PREV_CURR_00156,10123
054435_SEG_CURR_NEXT_00155,10124
054435_SEG_TURN_00159,10125
054435_SEG_CURR_NEXT_01582,10126
054435_SEG_PREV_CURR_01583,10127
054435_SEG_PREV_CURR_00142,10128
054435_SEG_CURR_NEXT_00141,10129
054576_SEG_TURN_01425,10130
054435_SEG_PREV_CURR_01584,10131
054435_SEG_CURR_NEXT_01583,10132
054519_SEG_TURN_00916,10133
054576_SEG_CURR_NEXT_02606,10134
054576_SEG_PREV_CURR_02607,10135
054435_SEG_TURN_01565,10136
054435_SEG_PREV_CURR_01567,10137
054435_SEG_CURR_NEXT_01566,10138
054435_SEG_TURN_01566,10139
054435_SEG_PREV_CURR_01566,10140
054435_SEG_CURR_NEXT_01565,10141
054435_SEG_TURN_01567,10142
054435_SEG_PREV_CURR_01568,10143
054435_SEG_CURR_NEXT_01567,10144
054435_SEG_TURN_00647,10145
054435_SEG_PREV_CURR_00648,10146
054435_SEG_CURR_NEXT_00647,10147
054435_SEG_PREV_CURR_00647,10148
054435_SEG_CURR_NEXT_00646,10149
054622_SEG_TURN_00177,10150
054622_SEG_PREV_CURR_00178,10151
054622_SEG_CURR_NEXT_00177,10152
054622_SEG_PREV_CURR_00177,10153
054622_SEG_CURR_NEXT_00176,10154
054435_SEG_TURN_01568,10155
054622_SEG_TURN_00932,10156
054435_SEG_TURN_00163,10157
054435_SEG_TURN_01644,10158
054235_SEG_TURN_00198,10159
054235_SEG_PREV_CURR_00198,10160
054235_SEG_CURR_NEXT_00197,10161
054235_SEG_PREV_CURR_00199,10162
054235_SEG_CURR_NEXT_00198,10163
054622_SEG_TURN_00923,10164
054622_SEG_PREV_CURR_00932,10165
054622_SEG_CURR_NEXT_00931,10166
054435_SEG_CURR_NEXT_01643,10167
054435_SEG_PREV_CURR_01337,10168
054435_SEG_CURR_NEXT_01336,10169
054435_SEG_CURR_NEXT_01337,10170
054435_SEG_PREV_CURR_01338,10171
054269_SEG_PREV_CURR_00048,10172
054269_SEG_CURR_NEXT_00047,10173
054269_SEG_PREV_CURR_00049,10174
054269_SEG_CURR_NEXT_00048,10175
054519_SEG_PREV_CURR_00992,10176
054519_SEG_CURR_NEXT_00991,10177
054622_SEG_PREV_CURR_00411,10178
054622_SEG_CURR_NEXT_00410,10179
054269_SEG_PREV_CURR_00657,10180
054269_SEG_CURR_NEXT_00656,10181
054235_SEG_PREV_CURR_00458,10182
054235_SEG_CURR_NEXT_00457,10183
054622_SEG_TURN_01928,10184
054345_SEG_TURN_01918,10185
054576_SEG_TURN_00383,10186
054622_SEG_PREV_CURR_01929,10187
054622_SEG_CURR_NEXT_01928,10188
054622_SEG_PREV_CURR_01928,10189
054622_SEG_CURR_NEXT_01927,10190
054622_SEG_CURR_NEXT_00411,10191
054622_SEG_PREV_CURR_00412,10192
054622_SEG_TURN_00804,10193
054622_SEG_TURN_00577,10194
054622_SEG_PREV_CURR_00805,10195
054622_SEG_CURR_NEXT_00804,10196
054345_SEG_TURN_01566,10197
054622_SEG_PREV_CURR_00804,10198
054622_SEG_CURR_NEXT_00803,10199
054435_SEG_PREV_CURR_00110,10200
054435_SEG_CURR_NEXT_00109,10201
054435_SEG_TURN_00110,10202
054345_SEG_PREV_CURR_01567,10203
054345_SEG_CURR_NEXT_01566,10204
054345_SEG_CURR_NEXT_01565,10205
054345_SEG_PREV_CURR_01566,10206
054622_SEG_PREV_CURR_00577,10207
054622_SEG_CURR_NEXT_00576,10208
054622_SEG_CURR_NEXT_00577,10209
054622_SEG_PREV_CURR_00578,10210
054435_SEG_PREV_CURR_00111,10211
054435_SEG_CURR_NEXT_00110,10212
054435_SEG_TURN_00118,10213
054269_SEG_PREV_CURR_00315,10214
054269_SEG_CURR_NEXT_00314,10215
054435_SEG_CURR_NEXT_00108,10216
054435_SEG_PREV_CURR_00109,10217
054435_SEG_TURN_00109,10218
054622_SEG_TURN_00802,10219
054269_SEG_PREV_CURR_00316,10220
054269_SEG_CURR_NEXT_00315,10221
054435_SEG_TURN_01085,10222
054435_SEG_PREV_CURR_01085,10223
054435_SEG_CURR_NEXT_01084,10224
054435_SEG_TURN_00105,10225
054435_SEG_TURN_00108,10226
054435_SEG_TURN_01746,10227
054622_SEG_CURR_NEXT_00801,10228
054622_SEG_PREV_CURR_00802,10229
054435_SEG_PREV_CURR_00108,10230
054435_SEG_CURR_NEXT_00107,10231
054435_SEG_TURN_00116,10232
054345_SEG_TURN_02479,10233
054576_SEG_TURN_01441,10234
054435_SEG_TURN_01254,10235
054435_SEG_CURR_NEXT_01253,10236
054435_SEG_PREV_CURR_01254,10237
054435_SEG_CURR_NEXT_01254,10238
054435_SEG_PREV_CURR_01255,10239
054435_SEG_TURN_01256,10240
054435_SEG_TURN_01262,10241
054435_SEG_TURN_01274,10242
054435_SEG_TURN_01258,10243
054435_SEG_TURN_01260,10244
054435_SEG_TURN_01015,10245
054435_SEG_TURN_00001,10246
054435_SEG_CURR_NEXT_01252,10247
054435_SEG_PREV_CURR_01253,10248
054435_SEG_TURN_01272,10249
054435_SEG_TURN_00780,10250
054435_SEG_TURN_00106,10251
054435_SEG_TURN_01276,10252
054435_SEG_TURN_01264,10253
054435_SEG_TURN_00100,10254
054435_SEG_TURN_00772,10255
054435_SEG_TURN_00102,10256
054435_SEG_TURN_01284,10257
054435_SEG_TURN_01252,10258
054435_SEG_TURN_00124,10259
054435_SEG_TURN_00112,10260
054435_SEG_TURN_00120,10261
054435_SEG_TURN_00098,10262
054435_SEG_TURN_00576,10263
054435_SEG_TURN_00122,10264
054435_SEG_PREV_CURR_01256,10265
054435_SEG_CURR_NEXT_01255,10266
054435_SEG_TURN_01266,10267
054435_SEG_PREV_CURR_00106,10268
054435_SEG_CURR_NEXT_00105,10269
054435_SEG_TURN_00578,10270
054435_SEG_TURN_01268,10271
054435_SEG_TURN_00598,10272
054435_SEG_TURN_01410,10273
054435_SEG_TURN_01420,10274
054435_SEG_TURN_01253,10275
054435_SEG_TURN_00111,10276
054435_SEG_CURR_NEXT_00111,10277
054435_SEG_PREV_CURR_00112,10278
054269_SEG_TURN_01335,10279
054435_SEG_TURN_00099,10280
054435_SEG_TURN_01118,10281
054269_SEG_CURR_NEXT_01335,10282
054269_SEG_PREV_CURR_01336,10283
054345_SEG_TURN_00528,10284
054235_SEG_TURN_00117,10285
054435_SEG_CURR_NEXT_00099,10286
054435_SEG_PREV_CURR_00100,10287
054435_SEG_CURR_NEXT_00098,10288
054435_SEG_PREV_CURR_00099,10289
054622_SEG_TURN_02468,10290
054269_SEG_PREV_CURR_01335,10291
054269_SEG_CURR_NEXT_01334,10292
054235_SEG_TURN_00146,10293
054235_SEG_CURR_NEXT_00146,10294
054235_SEG_PREV_CURR_00147,10295
054235_SEG_CURR_NEXT_00145,10296
054235_SEG_PREV_CURR_00146,10297
054435_SEG_TURN_00133,10298
054622_SEG_TURN_00813,10299
054622_SEG_CURR_NEXT_00813,10300
054622_SEG_PREV_CURR_00814,10301
054435_SEG_TURN_01089,10302
054622_SEG_PREV_CURR_00813,10303
054622_SEG_CURR_NEXT_00812,10304
054435_SEG_TURN_01087,10305
054435_SEG_PREV_CURR_00134,10306
054435_SEG_CURR_NEXT_00133,10307
054435_SEG_CURR_NEXT_01088,10308
054435_SEG_PREV_CURR_01089,10309
054622_SEG_TURN_00817,10310
054235_SEG_CURR_NEXT_00147,10311
054235_SEG_PREV_CURR_00148,10312
054435_SEG_PREV_CURR_01090,10313
054435_SEG_CURR_NEXT_01089,10314
054435_SEG_CURR_NEXT_01087,10315
054435_SEG_PREV_CURR_01088,10316
054435_SEG_CURR_NEXT_00132,10317
054435_SEG_PREV_CURR_00133,10318
054622_SEG_PREV_CURR_00817,10319
054622_SEG_CURR_NEXT_00816,10320
054235_SEG_TURN_00147,10321
054269_SEG_TURN_01454,10322
054235_SEG_CURR_NEXT_00148,10323
054235_SEG_PREV_CURR_00149,10324
054622_SEG_TURN_00830,10325
054269_SEG_PREV_CURR_01454,10326
054269_SEG_CURR_NEXT_01453,10327
054435_SEG_TURN_00996,10328
054345_SEG_TURN_01824,10329
054269_SEG_CURR_NEXT_01454,10330
054269_SEG_PREV_CURR_01455,10331
054435_SEG_PREV_CURR_00996,10332
054435_SEG_CURR_NEXT_00995,10333
054435_SEG_CURR_NEXT_00996,10334
054435_SEG_PREV_CURR_00997,10335
054345_SEG_PREV_CURR_02262,10336
054345_SEG_CURR_NEXT_02261,10337
054345_SEG_PREV_CURR_02261,10338
054345_SEG_CURR_NEXT_02260,10339
054345_SEG_CURR_NEXT_02268,10340
054345_SEG_PREV_CURR_02269,10341
054345_SEG_PREV_CURR_02270,10342
054345_SEG_CURR_NEXT_02269,10343
054345_SEG_PREV_CURR_02254,10344
054345_SEG_CURR_NEXT_02253,10345
054345_SEG_TURN_02256,10346
054345_SEG_TURN_00432,10347
054345_SEG_TURN_02099,10348
054345_SEG_TURN_00717,10349
054345_SEG_TURN_02269,10350
054345_SEG_TURN_01584,10351
054345_SEG_TURN_01553,10352
054345_SEG_TURN_00729,10353
054345_SEG_TURN_00733,10354
054345_SEG_CURR_NEXT_02262,10355
054345_SEG_PREV_CURR_02263,10356
054622_SEG_CURR_NEXT_02951,10357
054622_SEG_PREV_CURR_02952,10358
054345_SEG_TURN_02261,10359
054345_SEG_TURN_02262,10360
054622_SEG_TURN_02951,10361
054622_SEG_TURN_02949,10362
054345_SEG_TURN_02590,10363
054345_SEG_TURN_02606,10364
054345_SEG_TURN_00757,10365
054345_SEG_TURN_00737,10366
054345_SEG_TURN_02288,10367
054345_SEG_TURN_02128,10368
054345_SEG_TURN_00446,10369
054345_SEG_TURN_01189,10370
054345_SEG_TURN_00444,10371
054345_SEG_TURN_00747,10372
054345_SEG_TURN_02454,10373
054345_SEG_CURR_NEXT_02263,10374
054345_SEG_PREV_CURR_02264,10375
054345_SEG_TURN_02253,10376
054345_SEG_TURN_02260,10377
054345_SEG_TURN_00761,10378
054345_SEG_TURN_00741,10379
054345_SEG_TURN_00731,10380
054345_SEG_TURN_02602,10381
054345_SEG_TURN_00711,10382
054345_SEG_TURN_00818,10383
054345_SEG_TURN_02134,10384
054345_SEG_TURN_00822,10385
054576_SEG_TURN_02990,10386
054345_SEG_TURN_02431,10387
054576_SEG_CURR_NEXT_02989,10388
054576_SEG_PREV_CURR_02991,10389
054576_SEG_PREV_CURR_02990,10390
054576_SEG_CURR_NEXT_02990,10391
054435_SEG_TURN_01485,10392
054345_SEG_PREV_CURR_02431,10393
054345_SEG_CURR_NEXT_02430,10394
054345_SEG_CURR_NEXT_00427,10395
054345_SEG_PREV_CURR_00428,10396
054345_SEG_TURN_00427,10397
054345_SEG_TURN_00421,10398
054345_SEG_CURR_NEXT_02431,10399
054345_SEG_PREV_CURR_02432,10400
054345_SEG_PREV_CURR_00422,10401
054345_SEG_CURR_NEXT_00421,10402
054345_SEG_TURN_00428,10403
054345_SEG_PREV_CURR_00421,10404
054345_SEG_CURR_NEXT_00420,10405
054345_SEG_PREV_CURR_00427,10406
054345_SEG_CURR_NEXT_00426,10407
054622_SEG_TURN_02052,10408
054576_SEG_TURN_01856,10409
054345_SEG_TURN_01605,10410
054576_SEG_TURN_00296,10411
054622_SEG_CURR_NEXT_02051,10412
054622_SEG_PREV_CURR_02052,10413
054435_SEG_PREV_CURR_01486,10414
054435_SEG_CURR_NEXT_01485,10415
054576_SEG_CURR_NEXT_01855,10416
054576_SEG_PREV_CURR_01856,10417
054345_SEG_CURR_NEXT_01604,10418
054345_SEG_PREV_CURR_01605,10419
054576_SEG_TURN_00193,10420
054345_SEG_TURN_00728,10421
054576_SEG_CURR_NEXT_01856,10422
054576_SEG_PREV_CURR_01857,10423
054622_SEG_PREV_CURR_02053,10424
054622_SEG_CURR_NEXT_02052,10425
054345_SEG_CURR_NEXT_01605,10426
054345_SEG_PREV_CURR_01606,10427
054345_SEG_TURN_01184,10428
054576_SEG_PREV_CURR_00297,10429
054576_SEG_CURR_NEXT_00296,10430
054576_SEG_CURR_NEXT_00192,10431
054576_SEG_PREV_CURR_00193,10432
054235_SEG_TURN_01878,10433
054576_SEG_TURN_00154,10434
054345_SEG_TURN_02294,10435
054345_SEG_CURR_NEXT_02293,10436
054345_SEG_PREV_CURR_02294,10437
054345_SEG_CURR_NEXT_02294,10438
054345_SEG_PREV_CURR_02295,10439
054435_SEG_CURR_NEXT_00577,10440
054435_SEG_PREV_CURR_00578,10441
054435_SEG_CURR_NEXT_00578,10442
054435_SEG_PREV_CURR_00579,10443
054435_SEG_TURN_01418,10444
054435_SEG_TURN_01310,10445
054435_SEG_TURN_00580,10446
054435_SEG_TURN_00582,10447
054435_SEG_TURN_01408,10448
054435_SEG_TURN_01414,10449
054435_SEG_TURN_00608,10450
054435_SEG_PREV_CURR_00580,10451
054435_SEG_CURR_NEXT_00579,10452
054435_SEG_PREV_CURR_01410,10453
054435_SEG_CURR_NEXT_01409,10454
054435_SEG_CURR_NEXT_01407,10455
054435_SEG_PREV_CURR_01408,10456
054235_SEG_TURN_00712,10457
054435_SEG_CURR_NEXT_01419,10458
054435_SEG_PREV_CURR_01420,10459
054435_SEG_TURN_00586,10460
054235_SEG_TURN_01806,10461
054435_SEG_CURR_NEXT_01418,10462
054435_SEG_PREV_CURR_01419,10463
054435_SEG_CURR_NEXT_00120,10464
054435_SEG_PREV_CURR_00121,10465
054435_SEG_PREV_CURR_01421,10466
054435_SEG_CURR_NEXT_01420,10467
054235_SEG_PREV_CURR_01807,10468
054235_SEG_CURR_NEXT_01806,10469
054345_SEG_TURN_01415,10470
054345_SEG_PREV_CURR_01415,10471
054345_SEG_PREV_CURR_01416,10472
054345_SEG_CURR_NEXT_01414,10473
054345_SEG_CURR_NEXT_01415,10474
054345_SEG_TURN_02484,10475
054345_SEG_TURN_02609,10476
054345_SEG_CURR_NEXT_02484,10477
054345_SEG_PREV_CURR_02485,10478
054345_SEG_CURR_NEXT_02608,10479
054345_SEG_PREV_CURR_02609,10480
054576_SEG_TURN_02535,10481
054345_SEG_CURR_NEXT_02609,10482
054345_SEG_PREV_CURR_02610,10483
054345_SEG_PREV_CURR_02484,10484
054345_SEG_CURR_NEXT_02483,10485
054576_SEG_CURR_NEXT_02535,10486
054576_SEG_PREV_CURR_02536,10487
054435_SEG_TURN_01131,10488
054435_SEG_TURN_01833,10489
054345_SEG_TURN_01844,10490
054235_SEG_TURN_01660,10491
054622_SEG_TURN_02155,10492
054622_SEG_CURR_NEXT_02154,10493
054622_SEG_PREV_CURR_02155,10494
054345_SEG_CURR_NEXT_01843,10495
054345_SEG_PREV_CURR_01844,10496
054576_SEG_TURN_01473,10497
054235_SEG_CURR_NEXT_01659,10498
054235_SEG_PREV_CURR_01660,10499
054622_SEG_CURR_NEXT_02155,10500
054622_SEG_PREV_CURR_02156,10501
054235_SEG_PREV_CURR_01661,10502
054235_SEG_CURR_NEXT_01660,10503
054435_SEG_TURN_00639,10504
054435_SEG_PREV_CURR_01833,10505
054435_SEG_CURR_NEXT_01832,10506
054345_SEG_TURN_00383,10507
054345_SEG_TURN_00524,10508
054345_SEG_TURN_00389,10509
054345_SEG_TURN_00385,10510
054345_SEG_TURN_00516,10511
054345_SEG_TURN_00381,10512
054345_SEG_TURN_00407,10513
054345_SEG_TURN_00391,10514
054345_SEG_TURN_00518,10515
054345_SEG_TURN_00101,10516
054345_SEG_TURN_00397,10517
054345_SEG_TURN_00405,10518
054345_SEG_TURN_02077,10519
054345_SEG_TURN_00526,10520
054345_SEG_TURN_00387,10521
054345_SEG_PREV_CURR_00390,10522
054345_SEG_CURR_NEXT_00389,10523
054345_SEG_PREV_CURR_00391,10524
054345_SEG_CURR_NEXT_00390,10525
054345_SEG_PREV_CURR_00381,10526
054345_SEG_CURR_NEXT_00380,10527
054345_SEG_TURN_00393,10528
054345_SEG_TURN_00530,10529
054345_SEG_PREV_CURR_00386,10530
054345_SEG_CURR_NEXT_00385,10531
054345_SEG_TURN_00401,10532
054345_SEG_CURR_NEXT_00386,10533
054345_SEG_PREV_CURR_00387,10534
054345_SEG_CURR_NEXT_00404,10535
054345_SEG_PREV_CURR_00405,10536
054345_SEG_TURN_00395,10537
054345_SEG_TURN_00522,10538
054345_SEG_PREV_CURR_00408,10539
054345_SEG_CURR_NEXT_00407,10540
054345_SEG_TURN_00380,10541
054345_SEG_CURR_NEXT_00400,10542
054345_SEG_PREV_CURR_00401,10543
054345_SEG_CURR_NEXT_00523,10544
054345_SEG_PREV_CURR_00524,10545
054345_SEG_CURR_NEXT_00391,10546
054345_SEG_PREV_CURR_00392,10547
054345_SEG_TURN_00399,10548
054345_SEG_CURR_NEXT_00529,10549
054576_SEG_TURN_01900,10550
054576_SEG_TURN_02057,10551
054622_SEG_TURN_02481,10552
054622_SEG_CURR_NEXT_02480,10553
054622_SEG_PREV_CURR_02481,10554
054622_SEG_CURR_NEXT_02481,10555
054622_SEG_PREV_CURR_02482,10556
054576_SEG_PREV_CURR_02058,10557
054576_SEG_CURR_NEXT_02057,10558
054576_SEG_TURN_01404,10559
054235_SEG_TURN_00109,10560
054235_SEG_TURN_00236,10561
054576_SEG_CURR_NEXT_02056,10562
054576_SEG_PREV_CURR_02057,10563
054235_SEG_PREV_CURR_00109,10564
054235_SEG_CURR_NEXT_00108,10565
054576_SEG_PREV_CURR_01404,10566
054576_SEG_CURR_NEXT_01403,10567
054576_SEG_CURR_NEXT_01404,10568
054576_SEG_PREV_CURR_01405,10569
054235_SEG_PREV_CURR_00236,10570
054235_SEG_CURR_NEXT_00235,10571
054576_SEG_PREV_CURR_01900,10572
054576_SEG_CURR_NEXT_01899,10573
054235_SEG_PREV_CURR_00237,10574
054235_SEG_CURR_NEXT_00236,10575
054576_SEG_TURN_01540,10576
054622_SEG_TURN_01067,10577
054622_SEG_TURN_01079,10578
054622_SEG_CURR_NEXT_01079,10579
054622_SEG_PREV_CURR_01080,10580
054622_SEG_TURN_01923,10581
054622_SEG_CURR_NEXT_01078,10582
054622_SEG_PREV_CURR_01079,10583
054622_SEG_TURN_02489,10584
054235_SEG_PREV_CURR_00110,10585
054235_SEG_CURR_NEXT_00109,10586
054576_SEG_CURR_NEXT_01286,10587
054576_SEG_PREV_CURR_01287,10588
054519_SEG_TURN_01115,10589
054576_SEG_TURN_01286,10590
054622_SEG_CURR_NEXT_01922,10591
054622_SEG_PREV_CURR_01923,10592
054576_SEG_CURR_NEXT_01900,10593
054576_SEG_PREV_CURR_01901,10594
054576_SEG_CURR_NEXT_01285,10595
054576_SEG_PREV_CURR_01286,10596
054622_SEG_TURN_00067,10597
054622_SEG_CURR_NEXT_00067,10598
054622_SEG_PREV_CURR_00068,10599
054576_SEG_TURN_00546,10600
054269_SEG_TURN_00733,10601
054576_SEG_TURN_02712,10602
054235_SEG_TURN_01609,10603
054576_SEG_TURN_02001,10604
054235_SEG_PREV_CURR_01610,10605
054235_SEG_CURR_NEXT_01609,10606
054576_SEG_PREV_CURR_02713,10607
054576_SEG_CURR_NEXT_02712,10608
054576_SEG_PREV_CURR_02001,10609
054576_SEG_CURR_NEXT_02000,10610
054576_SEG_PREV_CURR_02712,10611
054576_SEG_CURR_NEXT_02711,10612
054576_SEG_PREV_CURR_02002,10613
054576_SEG_CURR_NEXT_02001,10614
054235_SEG_PREV_CURR_01609,10615
054235_SEG_CURR_NEXT_01608,10616
054576_SEG_PREV_CURR_02061,10617
054576_SEG_CURR_NEXT_02060,10618
054576_SEG_CURR_NEXT_00122,10619
054576_SEG_PREV_CURR_00123,10620
054576_SEG_TURN_02060,10621
054576_SEG_PREV_CURR_02066,10622
054576_SEG_CURR_NEXT_02065,10623
054519_SEG_CURR_NEXT_01506,10624
054519_SEG_PREV_CURR_01507,10625
054576_SEG_TURN_02708,10626
054576_SEG_TURN_00122,10627
054576_SEG_TURN_02096,10628
054519_SEG_TURN_01506,10629
054235_SEG_CURR_NEXT_01598,10630
054235_SEG_TURN_01603,10631
054576_SEG_CURR_NEXT_01946,10632
054576_SEG_PREV_CURR_01947,10633
054576_SEG_TURN_03221,10634
054235_SEG_PREV_CURR_01603,10635
054235_SEG_CURR_NEXT_01602,10636
054235_SEG_PREV_CURR_01604,10637
054235_SEG_CURR_NEXT_01603,10638
054576_SEG_TURN_01704,10639
054576_SEG_TURN_02116,10640
054576_SEG_CURR_NEXT_00121,10641
054576_SEG_PREV_CURR_00122,10642
054576_SEG_TURN_02518,10643
054576_SEG_PREV_CURR_02518,10644
054576_SEG_CURR_NEXT_02517,10645
054576_SEG_CURR_NEXT_02518,10646
054576_SEG_PREV_CURR_02519,10647
054345_SEG_TURN_00246,10648
054622_SEG_TURN_01803,10649
054345_SEG_PREV_CURR_00247,10650
054345_SEG_CURR_NEXT_00246,10651
054345_SEG_CURR_NEXT_00245,10652
054345_SEG_PREV_CURR_00246,10653
054622_SEG_CURR_NEXT_01802,10654
054622_SEG_PREV_CURR_01803,10655
054622_SEG_CURR_NEXT_01803,10656
054622_SEG_PREV_CURR_01804,10657
054576_SEG_TURN_02520,10658
054576_SEG_PREV_CURR_02520,10659
054576_SEG_CURR_NEXT_02519,10660
054576_SEG_PREV_CURR_02521,10661
054576_SEG_CURR_NEXT_02520,10662
054622_SEG_TURN_01799,10663
054345_SEG_TURN_01620,10664
054622_SEG_PREV_CURR_01799,10665
054622_SEG_CURR_NEXT_01798,10666
054576_SEG_TURN_02526,10667
054576_SEG_TURN_01663,10668
054235_SEG_TURN_00340,10669
054576_SEG_PREV_CURR_02526,10670
054576_SEG_CURR_NEXT_02525,10671
054622_SEG_PREV_CURR_01800,10672
054622_SEG_CURR_NEXT_01799,10673
054576_SEG_CURR_NEXT_02526,10674
054576_SEG_PREV_CURR_02527,10675
054576_SEG_CURR_NEXT_01662,10676
054576_SEG_PREV_CURR_01663,10677
054576_SEG_TURN_02335,10678
054345_SEG_TURN_02315,10679
054235_SEG_PREV_CURR_00341,10680
054235_SEG_CURR_NEXT_00340,10681
054622_SEG_TURN_01629,10682
054622_SEG_TURN_01793,10683
054622_SEG_TURN_02691,10684
054576_SEG_TURN_02778,10685
054576_SEG_CURR_NEXT_02777,10686
054576_SEG_PREV_CURR_02778,10687
054576_SEG_CURR_NEXT_02778,10688
054576_SEG_PREV_CURR_02779,10689
054576_SEG_TURN_02774,10690
054576_SEG_PREV_CURR_02774,10691
054576_SEG_CURR_NEXT_02773,10692
054576_SEG_PREV_CURR_02775,10693
054576_SEG_CURR_NEXT_02774,10694
054576_SEG_PREV_CURR_01833,10695
054576_SEG_CURR_NEXT_01832,10696
054576_SEG_TURN_01833,10697
054576_SEG_CURR_NEXT_01833,10698
054576_SEG_PREV_CURR_01834,10699
054576_SEG_TURN_01762,10700
054576_SEG_TURN_01832,10701
054576_SEG_CURR_NEXT_01762,10702
054576_SEG_PREV_CURR_01763,10703
054576_SEG_TURN_02552,10704
054576_SEG_PREV_CURR_02777,10705
054576_SEG_CURR_NEXT_02776,10706
054576_SEG_TURN_02776,10707
054576_SEG_PREV_CURR_02553,10708
054576_SEG_CURR_NEXT_02552,10709
054576_SEG_CURR_NEXT_02775,10710
054576_SEG_PREV_CURR_02776,10711
054576_SEG_TURN_01756,10712
054576_SEG_PREV_CURR_01832,10713
054576_SEG_CURR_NEXT_01831,10714
054576_SEG_CURR_NEXT_01756,10715
054576_SEG_PREV_CURR_01757,10716
054576_SEG_PREV_CURR_01756,10717
054576_SEG_CURR_NEXT_01755,10718
054576_SEG_TURN_00452,10719
054576_SEG_CURR_NEXT_02551,10720
054576_SEG_PREV_CURR_02552,10721
054622_SEG_TURN_02627,10722
054576_SEG_PREV_CURR_00452,10723
054576_SEG_CURR_NEXT_00451,10724
054576_SEG_PREV_CURR_00453,10725
054576_SEG_CURR_NEXT_00452,10726
054576_SEG_TURN_01843,10727
054622_SEG_PREV_CURR_02628,10728
054622_SEG_CURR_NEXT_02627,10729
054576_SEG_PREV_CURR_01762,10730
054576_SEG_CURR_NEXT_01761,10731
054576_SEG_TURN_01435,10732
054519_SEG_TURN_01153,10733
054576_SEG_CURR_NEXT_01434,10734
054576_SEG_PREV_CURR_01435,10735
054576_SEG_CURR_NEXT_01435,10736
054576_SEG_PREV_CURR_01436,10737
054345_SEG_TURN_00362,10738
054576_SEG_TURN_01469,10739
054345_SEG_PREV_CURR_00363,10740
054345_SEG_CURR_NEXT_00362,10741
054519_SEG_PREV_CURR_01154,10742
054519_SEG_CURR_NEXT_01153,10743
054519_SEG_PREV_CURR_01153,10744
054519_SEG_CURR_NEXT_01152,10745
054345_SEG_PREV_CURR_00362,10746
054345_SEG_CURR_NEXT_00361,10747
054576_SEG_TURN_02605,10748
054235_SEG_TURN_01704,10749
054576_SEG_TURN_00007,10750
054576_SEG_CURR_NEXT_00006,10751
054576_SEG_PREV_CURR_00007,10752
054576_SEG_CURR_NEXT_00007,10753
054576_SEG_CURR_NEXT_02538,10754
054576_SEG_PREV_CURR_02539,10755
054269_SEG_TURN_01331,10756
054519_SEG_TURN_00852,10757
054576_SEG_TURN_02538,10758
054576_SEG_CURR_NEXT_02537,10759
054576_SEG_PREV_CURR_02538,10760
054345_SEG_TURN_00659,10761
054269_SEG_TURN_01672,10762
054576_SEG_TURN_03076,10763
054269_SEG_CURR_NEXT_01671,10764
054269_SEG_PREV_CURR_01672,10765
054576_SEG_TURN_03130,10766
054576_SEG_TURN_03016,10767
054519_SEG_CURR_NEXT_00851,10768
054519_SEG_PREV_CURR_00852,10769
054519_SEG_CURR_NEXT_00852,10770
054519_SEG_PREV_CURR_00853,10771
054576_SEG_CURR_NEXT_03130,10772
054576_SEG_PREV_CURR_03131,10773
054622_SEG_TURN_01719,10774
054435_SEG_TURN_01133,10775
054435_SEG_TURN_00661,10776
054576_SEG_PREV_CURR_03130,10777
054576_SEG_CURR_NEXT_03129,10778
054345_SEG_CURR_NEXT_00659,10779
054345_SEG_PREV_CURR_00660,10780
054576_SEG_PREV_CURR_03077,10781
054576_SEG_CURR_NEXT_03076,10782
054235_SEG_TURN_01086,10783
054345_SEG_CURR_NEXT_00658,10784
054345_SEG_PREV_CURR_00659,10785
054519_SEG_TURN_01591,10786
054235_SEG_PREV_CURR_01087,10787
054235_SEG_CURR_NEXT_01086,10788
054576_SEG_PREV_CURR_01807,10789
054576_SEG_CURR_NEXT_01806,10790
054576_SEG_CURR_NEXT_03075,10791
054576_SEG_PREV_CURR_03076,10792
054435_SEG_CURR_NEXT_00660,10793
054435_SEG_PREV_CURR_00661,10794
054519_SEG_TURN_01448,10795
054576_SEG_TURN_02539,10796
054345_SEG_TURN_02475,10797
054345_SEG_TURN_02472,10798
054345_SEG_CURR_NEXT_02471,10799
054345_SEG_PREV_CURR_02472,10800
054345_SEG_CURR_NEXT_02472,10801
054345_SEG_PREV_CURR_02473,10802
054345_SEG_TURN_02467,10803
054345_SEG_TURN_02465,10804
054345_SEG_PREV_CURR_02480,10805
054345_SEG_CURR_NEXT_02479,10806
054345_SEG_PREV_CURR_02467,10807
054345_SEG_CURR_NEXT_02466,10808
054345_SEG_CURR_NEXT_02465,10809
054345_SEG_PREV_CURR_02466,10810
054345_SEG_PREV_CURR_02465,10811
054345_SEG_CURR_NEXT_02464,10812
054345_SEG_TURN_02483,10813
054345_SEG_PREV_CURR_02468,10814
054345_SEG_CURR_NEXT_02467,10815
054345_SEG_TURN_02485,10816
054345_SEG_CURR_NEXT_02482,10817
054345_SEG_PREV_CURR_02483,10818
054345_SEG_CURR_NEXT_02475,10819
054345_SEG_PREV_CURR_02476,10820
054345_SEG_TURN_02463,10821
054345_SEG_TURN_02477,10822
054345_SEG_CURR_NEXT_02463,10823
054345_SEG_PREV_CURR_02464,10824
054345_SEG_TURN_02471,10825
054345_SEG_PREV_CURR_02463,10826
054345_SEG_CURR_NEXT_02462,10827
054622_SEG_TURN_02885,10828
054622_SEG_TURN_01660,10829
054345_SEG_CURR_NEXT_02470,10830
054345_SEG_PREV_CURR_02471,10831
054345_SEG_TURN_00372,10832
054519_SEG_TURN_01582,10833
054345_SEG_PREV_CURR_02479,10834
054345_SEG_CURR_NEXT_02478,10835
054576_SEG_TURN_02933,10836
054622_SEG_PREV_CURR_01660,10837
054622_SEG_CURR_NEXT_01659,10838
054345_SEG_CURR_NEXT_02485,10839
054345_SEG_PREV_CURR_02486,10840
054345_SEG_TURN_01245,10841
054345_SEG_PREV_CURR_01245,10842
054345_SEG_CURR_NEXT_01244,10843
054345_SEG_PREV_CURR_01246,10844
054345_SEG_CURR_NEXT_01245,10845
054576_SEG_TURN_01736,10846
054345_SEG_TURN_00313,10847
054519_SEG_TURN_00766,10848
054435_SEG_TURN_01515,10849
054435_SEG_TURN_00055,10850
054235_SEG_TURN_01589,10851
054622_SEG_TURN_02634,10852
054519_SEG_TURN_00754,10853
054435_SEG_CURR_NEXT_00054,10854
054435_SEG_PREV_CURR_00055,10855
054622_SEG_CURR_NEXT_02634,10856
054622_SEG_PREV_CURR_02635,10857
054235_SEG_TURN_01098,10858
054435_SEG_PREV_CURR_01569,10859
054435_SEG_CURR_NEXT_01568,10860
054269_SEG_TURN_00986,10861
054235_SEG_TURN_00765,10862
054235_SEG_PREV_CURR_00766,10863
054235_SEG_CURR_NEXT_00765,10864
054519_SEG_PREV_CURR_01047,10865
054519_SEG_CURR_NEXT_01046,10866
054269_SEG_PREV_CURR_00986,10867
054269_SEG_CURR_NEXT_00985,10868
054235_SEG_TURN_00790,10869
054235_SEG_PREV_CURR_01099,10870
054235_SEG_CURR_NEXT_01098,10871
054235_SEG_CURR_NEXT_01097,10872
054235_SEG_PREV_CURR_01098,10873
054235_SEG_CURR_NEXT_00790,10874
054235_SEG_PREV_CURR_00791,10875
054345_SEG_TURN_00009,10876
054345_SEG_PREV_CURR_00009,10877
054345_SEG_CURR_NEXT_00008,10878
054235_SEG_TURN_01799,10879
054345_SEG_TURN_00208,10880
054345_SEG_PREV_CURR_00209,10881
054345_SEG_CURR_NEXT_00208,10882
054235_SEG_TURN_01801,10883
054345_SEG_CURR_NEXT_00207,10884
054345_SEG_PREV_CURR_00208,10885
054235_SEG_CURR_NEXT_01801,10886
054235_SEG_PREV_CURR_01802,10887
054235_SEG_PREV_CURR_01801,10888
054235_SEG_CURR_NEXT_01800,10889
054345_SEG_TURN_02011,10890
054345_SEG_TURN_01449,10891
054345_SEG_TURN_00206,10892
054345_SEG_CURR_NEXT_02010,10893
054345_SEG_PREV_CURR_02011,10894
054345_SEG_PREV_CURR_01450,10895
054345_SEG_CURR_NEXT_01449,10896
054345_SEG_TURN_02635,10897
054345_SEG_CURR_NEXT_01448,10898
054345_SEG_PREV_CURR_01449,10899
054622_SEG_TURN_02969,10900
054235_SEG_CURR_NEXT_01799,10901
054235_SEG_PREV_CURR_01800,10902
054345_SEG_TURN_00881,10903
054345_SEG_TURN_00745,10904
054345_SEG_CURR_NEXT_00745,10905
054345_SEG_PREV_CURR_00746,10906
054435_SEG_TURN_00968,10907
054435_SEG_PREV_CURR_00968,10908
054435_SEG_CURR_NEXT_00967,10909
054435_SEG_TURN_00206,10910
054345_SEG_CURR_NEXT_00744,10911
054345_SEG_PREV_CURR_00745,10912
054435_SEG_PREV_CURR_00206,10913
054435_SEG_CURR_NEXT_00205,10914
054435_SEG_PREV_CURR_00969,10915
054435_SEG_CURR_NEXT_00968,10916
054345_SEG_TURN_01931,10917
054435_SEG_CURR_NEXT_00206,10918
054435_SEG_PREV_CURR_00207,10919
054345_SEG_TURN_01933,10920
054345_SEG_TURN_02219,10921
054435_SEG_TURN_01047,10922
054622_SEG_CURR_NEXT_00190,10923
054622_SEG_PREV_CURR_00191,10924
054345_SEG_CURR_NEXT_01576,10925
054345_SEG_PREV_CURR_01577,10926
054235_SEG_TURN_00384,10927
054435_SEG_TURN_01535,10928
054576_SEG_TURN_01852,10929
054435_SEG_CURR_NEXT_01534,10930
054435_SEG_PREV_CURR_01535,10931
054435_SEG_PREV_CURR_01536,10932
054435_SEG_CURR_NEXT_01535,10933
054576_SEG_PREV_CURR_01853,10934
054576_SEG_CURR_NEXT_01852,10935
054576_SEG_CURR_NEXT_01851,10936
054576_SEG_PREV_CURR_01852,10937
054576_SEG_TURN_01659,10938
054576_SEG_TURN_01850,10939
054519_SEG_TURN_00150,10940
054345_SEG_TURN_01937,10941
054519_SEG_CURR_NEXT_00150,10942
054519_SEG_PREV_CURR_00151,10943
054622_SEG_TURN_01837,10944
054622_SEG_TURN_01839,10945
054345_SEG_TURN_01783,10946
054576_SEG_PREV_CURR_01850,10947
054576_SEG_CURR_NEXT_01849,10948
054622_SEG_TURN_01755,10949
054519_SEG_TURN_00900,10950
054576_SEG_PREV_CURR_01659,10951
054576_SEG_CURR_NEXT_01658,10952
054345_SEG_PREV_CURR_01938,10953
054345_SEG_CURR_NEXT_01937,10954
054519_SEG_TURN_01493,10955
054576_SEG_CURR_NEXT_01659,10956
054576_SEG_PREV_CURR_01660,10957
054519_SEG_TURN_00300,10958
054576_SEG_TURN_01290,10959
054576_SEG_PREV_CURR_01851,10960
054576_SEG_CURR_NEXT_01850,10961
054622_SEG_CURR_NEXT_01838,10962
054622_SEG_PREV_CURR_01839,10963
054345_SEG_TURN_02267,10964
054622_SEG_CURR_NEXT_01837,10965
054622_SEG_PREV_CURR_01838,10966
054576_SEG_TURN_03006,10967
054519_SEG_CURR_NEXT_00900,10968
054519_SEG_PREV_CURR_00901,10969
054345_SEG_TURN_00280,10970
054345_SEG_TURN_00304,10971
054345_SEG_TURN_00296,10972
054345_SEG_TURN_00353,10973
054345_SEG_TURN_00290,10974
054345_SEG_TURN_00367,10975
054345_SEG_TURN_00375,10976
054345_SEG_TURN_00306,10977
054345_SEG_TURN_00331,10978
054345_SEG_TURN_00274,10979
054345_SEG_TURN_00335,10980
054345_SEG_TURN_00294,10981
054345_SEG_TURN_00298,10982
054345_SEG_TURN_00363,10983
054345_SEG_TURN_00369,10984
054345_SEG_TURN_00286,10985
054345_SEG_TURN_00377,10986
054345_SEG_PREV_CURR_00353,10987
054345_SEG_CURR_NEXT_00352,10988
054345_SEG_TURN_00373,10989
054345_SEG_TURN_00371,10990
054345_SEG_PREV_CURR_00335,10991
054345_SEG_CURR_NEXT_00334,10992
054345_SEG_TURN_00284,10993
054345_SEG_TURN_00339,10994
054345_SEG_CURR_NEXT_00335,10995
054345_SEG_PREV_CURR_00336,10996
054345_SEG_CURR_NEXT_00377,10997
054345_SEG_PREV_CURR_00378,10998
054345_SEG_CURR_NEXT_00303,10999
054345_SEG_PREV_CURR_00304,11000
054345_SEG_PREV_CURR_00286,11001
054345_SEG_CURR_NEXT_00285,11002
054345_SEG_TURN_00302,11003
054345_SEG_CURR_NEXT_00296,11004
054345_SEG_PREV_CURR_00297,11005
054345_SEG_PREV_CURR_00274,11006
054345_SEG_CURR_NEXT_00273,11007
054345_SEG_PREV_CURR_00367,11008
054345_SEG_CURR_NEXT_00366,11009
054345_SEG_PREV_CURR_00287,11010
054345_SEG_CURR_NEXT_00286,11011
054345_SEG_CURR_NEXT_00297,11012
054345_SEG_PREV_CURR_00298,11013
054345_SEG_PREV_CURR_00285,11014
054345_SEG_CURR_NEXT_00284,11015
054345_SEG_TURN_00308,11016
054345_SEG_PREV_CURR_00290,11017
054345_SEG_CURR_NEXT_00289,11018
054345_SEG_TURN_00292,11019
054345_SEG_PREV_CURR_00294,11020
054345_SEG_CURR_NEXT_00293,11021
054345_SEG_TURN_00293,11022
054345_SEG_PREV_CURR_00343,11023
054345_SEG_CURR_NEXT_00342,11024
054345_SEG_PREV_CURR_00342,11025
054345_SEG_CURR_NEXT_00341,11026
054345_SEG_PREV_CURR_00293,11027
054345_SEG_CURR_NEXT_00292,11028
054435_SEG_PREV_CURR_01671,11029
054622_SEG_TURN_02544,11030
054345_SEG_TURN_02055,11031
054345_SEG_PREV_CURR_02055,11032
054345_SEG_CURR_NEXT_02054,11033
054345_SEG_TURN_00354,11034
054345_SEG_CURR_NEXT_00353,11035
054345_SEG_PREV_CURR_00354,11036
054345_SEG_CURR_NEXT_00354,11037
054345_SEG_PREV_CURR_00355,11038
054345_SEG_TURN_00348,11039
054345_SEG_PREV_CURR_00348,11040
054345_SEG_CURR_NEXT_00347,11041
054345_SEG_CURR_NEXT_00371,11042
054345_SEG_PREV_CURR_00372,11043
054345_SEG_CURR_NEXT_00372,11044
054345_SEG_PREV_CURR_00373,11045
054435_SEG_TURN_01001,11046
054435_SEG_CURR_NEXT_01000,11047
054435_SEG_PREV_CURR_01001,11048
054345_SEG_TURN_00359,11049
054235_SEG_TURN_00695,11050
054345_SEG_CURR_NEXT_00358,11051
054345_SEG_PREV_CURR_00359,11052
054576_SEG_TURN_03012,11053
054345_SEG_PREV_CURR_00360,11054
054345_SEG_CURR_NEXT_00359,11055
054235_SEG_TURN_00299,11056
054269_SEG_TURN_01429,11057
054622_SEG_TURN_01092,11058
054435_SEG_TURN_01846,11059
054235_SEG_TURN_00887,11060
054235_SEG_CURR_NEXT_00278,11061
054235_SEG_PREV_CURR_00279,11062
054519_SEG_PREV_CURR_01515,11063
054519_SEG_CURR_NEXT_01514,11064
054235_SEG_PREV_CURR_00887,11065
054235_SEG_CURR_NEXT_00886,11066
